[train: Epoch 1, 50 / 625] FPS: 101.2 (109.0)  ,  DataTime: 0.016 (0.007)  ,  ForwardTime: 0.293  ,  TotalTime: 0.316  ,  Loss/total: 30.63548  ,  Loss/giou: 1.27717  ,  Loss/l1: 0.28330  ,  Loss/location: 26.56899  ,  pro_loss: 0.47829  ,  IoU: 0.06187
[train: Epoch 1, 100 / 625] FPS: 104.9 (108.9)  ,  DataTime: 0.010 (0.007)  ,  ForwardTime: 0.288  ,  TotalTime: 0.305  ,  Loss/total: 23.44149  ,  Loss/giou: 1.23141  ,  Loss/l1: 0.27719  ,  Loss/location: 19.50198  ,  pro_loss: 0.45378  ,  IoU: 0.06697
[train: Epoch 1, 150 / 625] FPS: 106.2 (109.3)  ,  DataTime: 0.008 (0.007)  ,  ForwardTime: 0.287  ,  TotalTime: 0.301  ,  Loss/total: 19.43341  ,  Loss/giou: 1.19624  ,  Loss/l1: 0.26817  ,  Loss/location: 15.61412  ,  pro_loss: 0.42972  ,  IoU: 0.07292
[train: Epoch 1, 200 / 625] FPS: 106.9 (109.3)  ,  DataTime: 0.007 (0.007)  ,  ForwardTime: 0.286  ,  TotalTime: 0.299  ,  Loss/total: 16.89691  ,  Loss/giou: 1.17119  ,  Loss/l1: 0.26150  ,  Loss/location: 13.16621  ,  pro_loss: 0.40400  ,  IoU: 0.07811
[train: Epoch 1, 250 / 625] FPS: 107.3 (108.8)  ,  DataTime: 0.006 (0.007)  ,  ForwardTime: 0.285  ,  TotalTime: 0.298  ,  Loss/total: 15.13979  ,  Loss/giou: 1.15132  ,  Loss/l1: 0.25525  ,  Loss/location: 11.48471  ,  pro_loss: 0.38091  ,  IoU: 0.08245
[train: Epoch 1, 300 / 625] FPS: 107.5 (108.9)  ,  DataTime: 0.006 (0.007)  ,  ForwardTime: 0.285  ,  TotalTime: 0.298  ,  Loss/total: 13.92048  ,  Loss/giou: 1.13444  ,  Loss/l1: 0.24813  ,  Loss/location: 10.33948  ,  pro_loss: 0.35726  ,  IoU: 0.08832
[train: Epoch 1, 350 / 625] FPS: 107.8 (109.1)  ,  DataTime: 0.006 (0.007)  ,  ForwardTime: 0.284  ,  TotalTime: 0.297  ,  Loss/total: 12.93654  ,  Loss/giou: 1.11859  ,  Loss/l1: 0.24112  ,  Loss/location: 9.42638  ,  pro_loss: 0.33697  ,  IoU: 0.09601
[train: Epoch 1, 400 / 625] FPS: 108.0 (109.3)  ,  DataTime: 0.005 (0.007)  ,  ForwardTime: 0.284  ,  TotalTime: 0.296  ,  Loss/total: 12.16731  ,  Loss/giou: 1.10274  ,  Loss/l1: 0.23324  ,  Loss/location: 8.73102  ,  pro_loss: 0.32298  ,  IoU: 0.10528
[train: Epoch 1, 450 / 625] FPS: 108.1 (109.5)  ,  DataTime: 0.005 (0.007)  ,  ForwardTime: 0.284  ,  TotalTime: 0.296  ,  Loss/total: 11.45803  ,  Loss/giou: 1.08649  ,  Loss/l1: 0.22556  ,  Loss/location: 8.09527  ,  pro_loss: 0.30979  ,  IoU: 0.11655
[train: Epoch 1, 500 / 625] FPS: 108.2 (109.0)  ,  DataTime: 0.005 (0.007)  ,  ForwardTime: 0.284  ,  TotalTime: 0.296  ,  Loss/total: 10.85354  ,  Loss/giou: 1.06935  ,  Loss/l1: 0.21831  ,  Loss/location: 7.56385  ,  pro_loss: 0.29727  ,  IoU: 0.12867
[train: Epoch 1, 550 / 625] FPS: 108.3 (109.0)  ,  DataTime: 0.005 (0.007)  ,  ForwardTime: 0.284  ,  TotalTime: 0.295  ,  Loss/total: 10.40797  ,  Loss/giou: 1.05852  ,  Loss/l1: 0.21299  ,  Loss/location: 7.16875  ,  pro_loss: 0.28629  ,  IoU: 0.13690
[train: Epoch 1, 600 / 625] FPS: 108.4 (108.9)  ,  DataTime: 0.005 (0.007)  ,  ForwardTime: 0.284  ,  TotalTime: 0.295  ,  Loss/total: 10.01649  ,  Loss/giou: 1.04803  ,  Loss/l1: 0.20811  ,  Loss/location: 6.82455  ,  pro_loss: 0.27674  ,  IoU: 0.14432
[train: Epoch 1, 625 / 625] FPS: 108.4 (109.8)  ,  DataTime: 0.005 (0.007)  ,  ForwardTime: 0.284  ,  TotalTime: 0.295  ,  Loss/total: 9.81762  ,  Loss/giou: 1.04071  ,  Loss/l1: 0.20511  ,  Loss/location: 6.65628  ,  pro_loss: 0.27183  ,  IoU: 0.14965
[train: Epoch 2, 50 / 625] FPS: 105.0 (109.7)  ,  DataTime: 0.016 (0.007)  ,  ForwardTime: 0.282  ,  TotalTime: 0.305  ,  Loss/total: 4.73448  ,  Loss/giou: 0.86110  ,  Loss/l1: 0.12854  ,  Loss/location: 2.35045  ,  pro_loss: 0.09556  ,  IoU: 0.28386
[train: Epoch 2, 100 / 625] FPS: 107.1 (109.4)  ,  DataTime: 0.010 (0.007)  ,  ForwardTime: 0.282  ,  TotalTime: 0.299  ,  Loss/total: 4.60230  ,  Loss/giou: 0.85337  ,  Loss/l1: 0.12509  ,  Loss/location: 2.25164  ,  pro_loss: 0.09229  ,  IoU: 0.29181
[train: Epoch 2, 150 / 625] FPS: 107.8 (109.5)  ,  DataTime: 0.008 (0.007)  ,  ForwardTime: 0.282  ,  TotalTime: 0.297  ,  Loss/total: 4.48640  ,  Loss/giou: 0.84307  ,  Loss/l1: 0.12340  ,  Loss/location: 2.16541  ,  pro_loss: 0.08918  ,  IoU: 0.30133
[train: Epoch 2, 200 / 625] FPS: 108.2 (109.1)  ,  DataTime: 0.007 (0.007)  ,  ForwardTime: 0.282  ,  TotalTime: 0.296  ,  Loss/total: 4.36984  ,  Loss/giou: 0.83131  ,  Loss/l1: 0.12070  ,  Loss/location: 2.08600  ,  pro_loss: 0.08861  ,  IoU: 0.31097
[train: Epoch 2, 250 / 625] FPS: 108.4 (109.2)  ,  DataTime: 0.006 (0.007)  ,  ForwardTime: 0.282  ,  TotalTime: 0.295  ,  Loss/total: 4.25554  ,  Loss/giou: 0.81871  ,  Loss/l1: 0.11714  ,  Loss/location: 2.01512  ,  pro_loss: 0.08641  ,  IoU: 0.32070
[train: Epoch 2, 300 / 625] FPS: 108.6 (109.3)  ,  DataTime: 0.006 (0.007)  ,  ForwardTime: 0.282  ,  TotalTime: 0.295  ,  Loss/total: 4.16028  ,  Loss/giou: 0.80865  ,  Loss/l1: 0.11480  ,  Loss/location: 1.95217  ,  pro_loss: 0.08417  ,  IoU: 0.32890
[train: Epoch 2, 350 / 625] FPS: 108.7 (109.0)  ,  DataTime: 0.006 (0.007)  ,  ForwardTime: 0.282  ,  TotalTime: 0.294  ,  Loss/total: 4.06187  ,  Loss/giou: 0.79611  ,  Loss/l1: 0.11181  ,  Loss/location: 1.89403  ,  pro_loss: 0.08292  ,  IoU: 0.33793
[train: Epoch 2, 400 / 625] FPS: 108.8 (109.3)  ,  DataTime: 0.006 (0.007)  ,  ForwardTime: 0.282  ,  TotalTime: 0.294  ,  Loss/total: 3.98334  ,  Loss/giou: 0.78700  ,  Loss/l1: 0.10964  ,  Loss/location: 1.84469  ,  pro_loss: 0.08226  ,  IoU: 0.34517
[train: Epoch 2, 450 / 625] FPS: 108.8 (109.3)  ,  DataTime: 0.005 (0.007)  ,  ForwardTime: 0.282  ,  TotalTime: 0.294  ,  Loss/total: 3.90420  ,  Loss/giou: 0.77758  ,  Loss/l1: 0.10749  ,  Loss/location: 1.79528  ,  pro_loss: 0.08155  ,  IoU: 0.35303
[train: Epoch 2, 500 / 625] FPS: 108.9 (109.0)  ,  DataTime: 0.005 (0.007)  ,  ForwardTime: 0.282  ,  TotalTime: 0.294  ,  Loss/total: 3.81997  ,  Loss/giou: 0.76586  ,  Loss/l1: 0.10477  ,  Loss/location: 1.74823  ,  pro_loss: 0.08093  ,  IoU: 0.36215
[train: Epoch 2, 550 / 625] FPS: 108.9 (109.6)  ,  DataTime: 0.005 (0.007)  ,  ForwardTime: 0.282  ,  TotalTime: 0.294  ,  Loss/total: 3.74903  ,  Loss/giou: 0.75631  ,  Loss/l1: 0.10263  ,  Loss/location: 1.70715  ,  pro_loss: 0.08059  ,  IoU: 0.36992
[train: Epoch 2, 600 / 625] FPS: 108.9 (109.8)  ,  DataTime: 0.005 (0.007)  ,  ForwardTime: 0.282  ,  TotalTime: 0.294  ,  Loss/total: 3.67674  ,  Loss/giou: 0.74526  ,  Loss/l1: 0.10035  ,  Loss/location: 1.66837  ,  pro_loss: 0.08055  ,  IoU: 0.37859
[train: Epoch 2, 625 / 625] FPS: 109.0 (110.0)  ,  DataTime: 0.005 (0.007)  ,  ForwardTime: 0.282  ,  TotalTime: 0.294  ,  Loss/total: 3.64686  ,  Loss/giou: 0.74169  ,  Loss/l1: 0.09952  ,  Loss/location: 1.64975  ,  pro_loss: 0.08065  ,  IoU: 0.38158
[train: Epoch 3, 50 / 625] FPS: 105.2 (109.0)  ,  DataTime: 0.016 (0.007)  ,  ForwardTime: 0.282  ,  TotalTime: 0.304  ,  Loss/total: 2.75978  ,  Loss/giou: 0.60515  ,  Loss/l1: 0.07152  ,  Loss/location: 1.17565  ,  pro_loss: 0.08098  ,  IoU: 0.48949
[train: Epoch 3, 100 / 625] FPS: 107.2 (108.7)  ,  DataTime: 0.010 (0.007)  ,  ForwardTime: 0.282  ,  TotalTime: 0.298  ,  Loss/total: 2.72910  ,  Loss/giou: 0.60373  ,  Loss/l1: 0.07135  ,  Loss/location: 1.14947  ,  pro_loss: 0.07701  ,  IoU: 0.49242
[train: Epoch 3, 150 / 625] FPS: 107.9 (108.7)  ,  DataTime: 0.008 (0.007)  ,  ForwardTime: 0.282  ,  TotalTime: 0.296  ,  Loss/total: 2.69743  ,  Loss/giou: 0.59984  ,  Loss/l1: 0.06998  ,  Loss/location: 1.13215  ,  pro_loss: 0.07859  ,  IoU: 0.49485
[train: Epoch 3, 200 / 625] FPS: 108.3 (108.9)  ,  DataTime: 0.007 (0.007)  ,  ForwardTime: 0.282  ,  TotalTime: 0.295  ,  Loss/total: 2.65691  ,  Loss/giou: 0.59266  ,  Loss/l1: 0.06863  ,  Loss/location: 1.11290  ,  pro_loss: 0.07755  ,  IoU: 0.50024
[train: Epoch 3, 250 / 625] FPS: 108.5 (108.9)  ,  DataTime: 0.006 (0.007)  ,  ForwardTime: 0.282  ,  TotalTime: 0.295  ,  Loss/total: 2.63156  ,  Loss/giou: 0.58930  ,  Loss/l1: 0.06788  ,  Loss/location: 1.09815  ,  pro_loss: 0.07694  ,  IoU: 0.50310
[train: Epoch 3, 300 / 625] FPS: 108.6 (109.3)  ,  DataTime: 0.006 (0.007)  ,  ForwardTime: 0.282  ,  TotalTime: 0.295  ,  Loss/total: 2.60030  ,  Loss/giou: 0.58294  ,  Loss/l1: 0.06672  ,  Loss/location: 1.08526  ,  pro_loss: 0.07781  ,  IoU: 0.50777
[train: Epoch 3, 350 / 625] FPS: 108.7 (109.2)  ,  DataTime: 0.006 (0.007)  ,  ForwardTime: 0.282  ,  TotalTime: 0.294  ,  Loss/total: 2.57204  ,  Loss/giou: 0.57817  ,  Loss/l1: 0.06598  ,  Loss/location: 1.07014  ,  pro_loss: 0.07847  ,  IoU: 0.51143
[train: Epoch 3, 400 / 625] FPS: 108.8 (109.1)  ,  DataTime: 0.005 (0.007)  ,  ForwardTime: 0.282  ,  TotalTime: 0.294  ,  Loss/total: 2.55249  ,  Loss/giou: 0.57538  ,  Loss/l1: 0.06537  ,  Loss/location: 1.05913  ,  pro_loss: 0.07869  ,  IoU: 0.51327
[train: Epoch 3, 450 / 625] FPS: 108.9 (108.9)  ,  DataTime: 0.005 (0.007)  ,  ForwardTime: 0.282  ,  TotalTime: 0.294  ,  Loss/total: 2.53383  ,  Loss/giou: 0.57266  ,  Loss/l1: 0.06504  ,  Loss/location: 1.04758  ,  pro_loss: 0.07854  ,  IoU: 0.51564
[train: Epoch 3, 500 / 625] FPS: 108.9 (109.4)  ,  DataTime: 0.005 (0.007)  ,  ForwardTime: 0.282  ,  TotalTime: 0.294  ,  Loss/total: 2.51550  ,  Loss/giou: 0.56996  ,  Loss/l1: 0.06466  ,  Loss/location: 1.03661  ,  pro_loss: 0.07840  ,  IoU: 0.51780
[train: Epoch 3, 550 / 625] FPS: 108.9 (109.4)  ,  DataTime: 0.005 (0.007)  ,  ForwardTime: 0.282  ,  TotalTime: 0.294  ,  Loss/total: 2.48328  ,  Loss/giou: 0.56383  ,  Loss/l1: 0.06356  ,  Loss/location: 1.02213  ,  pro_loss: 0.07852  ,  IoU: 0.52228
[train: Epoch 3, 600 / 625] FPS: 109.0 (109.3)  ,  DataTime: 0.005 (0.007)  ,  ForwardTime: 0.282  ,  TotalTime: 0.294  ,  Loss/total: 2.45390  ,  Loss/giou: 0.55820  ,  Loss/l1: 0.06263  ,  Loss/location: 1.00863  ,  pro_loss: 0.07858  ,  IoU: 0.52648
[train: Epoch 3, 625 / 625] FPS: 109.0 (109.8)  ,  DataTime: 0.005 (0.007)  ,  ForwardTime: 0.282  ,  TotalTime: 0.294  ,  Loss/total: 2.43969  ,  Loss/giou: 0.55548  ,  Loss/l1: 0.06211  ,  Loss/location: 1.00252  ,  pro_loss: 0.07840  ,  IoU: 0.52855
[train: Epoch 4, 50 / 625] FPS: 105.3 (108.7)  ,  DataTime: 0.015 (0.007)  ,  ForwardTime: 0.282  ,  TotalTime: 0.304  ,  Loss/total: 2.13001  ,  Loss/giou: 0.50296  ,  Loss/l1: 0.05364  ,  Loss/location: 0.84082  ,  pro_loss: 0.07530  ,  IoU: 0.57114
[train: Epoch 4, 100 / 625] FPS: 107.3 (109.2)  ,  DataTime: 0.010 (0.007)  ,  ForwardTime: 0.282  ,  TotalTime: 0.298  ,  Loss/total: 2.11961  ,  Loss/giou: 0.49908  ,  Loss/l1: 0.05239  ,  Loss/location: 0.84463  ,  pro_loss: 0.07424  ,  IoU: 0.57178
[train: Epoch 4, 150 / 625] FPS: 108.0 (109.4)  ,  DataTime: 0.008 (0.007)  ,  ForwardTime: 0.282  ,  TotalTime: 0.296  ,  Loss/total: 2.09565  ,  Loss/giou: 0.49536  ,  Loss/l1: 0.05144  ,  Loss/location: 0.83283  ,  pro_loss: 0.07464  ,  IoU: 0.57442
[train: Epoch 4, 200 / 625] FPS: 108.3 (109.2)  ,  DataTime: 0.007 (0.007)  ,  ForwardTime: 0.282  ,  TotalTime: 0.296  ,  Loss/total: 2.08196  ,  Loss/giou: 0.49283  ,  Loss/l1: 0.05103  ,  Loss/location: 0.82621  ,  pro_loss: 0.07482  ,  IoU: 0.57633
[train: Epoch 4, 250 / 625] FPS: 108.5 (109.4)  ,  DataTime: 0.006 (0.007)  ,  ForwardTime: 0.282  ,  TotalTime: 0.295  ,  Loss/total: 2.05714  ,  Loss/giou: 0.48762  ,  Loss/l1: 0.05006  ,  Loss/location: 0.81669  ,  pro_loss: 0.07463  ,  IoU: 0.57991
[train: Epoch 4, 300 / 625] FPS: 108.6 (108.9)  ,  DataTime: 0.006 (0.007)  ,  ForwardTime: 0.282  ,  TotalTime: 0.295  ,  Loss/total: 2.03358  ,  Loss/giou: 0.48368  ,  Loss/l1: 0.04929  ,  Loss/location: 0.80487  ,  pro_loss: 0.07445  ,  IoU: 0.58295
[train: Epoch 4, 350 / 625] FPS: 108.7 (109.2)  ,  DataTime: 0.006 (0.007)  ,  ForwardTime: 0.282  ,  TotalTime: 0.294  ,  Loss/total: 2.02022  ,  Loss/giou: 0.48082  ,  Loss/l1: 0.04883  ,  Loss/location: 0.79941  ,  pro_loss: 0.07512  ,  IoU: 0.58539
[train: Epoch 4, 400 / 625] FPS: 108.8 (109.5)  ,  DataTime: 0.005 (0.007)  ,  ForwardTime: 0.282  ,  TotalTime: 0.294  ,  Loss/total: 2.00522  ,  Loss/giou: 0.47708  ,  Loss/l1: 0.04840  ,  Loss/location: 0.79391  ,  pro_loss: 0.07581  ,  IoU: 0.58826
[train: Epoch 4, 450 / 625] FPS: 108.8 (109.5)  ,  DataTime: 0.005 (0.007)  ,  ForwardTime: 0.282  ,  TotalTime: 0.294  ,  Loss/total: 1.98842  ,  Loss/giou: 0.47435  ,  Loss/l1: 0.04785  ,  Loss/location: 0.78544  ,  pro_loss: 0.07510  ,  IoU: 0.59011
[train: Epoch 4, 500 / 625] FPS: 108.9 (109.4)  ,  DataTime: 0.005 (0.007)  ,  ForwardTime: 0.282  ,  TotalTime: 0.294  ,  Loss/total: 1.97657  ,  Loss/giou: 0.47225  ,  Loss/l1: 0.04752  ,  Loss/location: 0.77939  ,  pro_loss: 0.07539  ,  IoU: 0.59156
[train: Epoch 4, 550 / 625] FPS: 108.9 (109.7)  ,  DataTime: 0.005 (0.007)  ,  ForwardTime: 0.282  ,  TotalTime: 0.294  ,  Loss/total: 1.95576  ,  Loss/giou: 0.46795  ,  Loss/l1: 0.04674  ,  Loss/location: 0.77093  ,  pro_loss: 0.07620  ,  IoU: 0.59469
[train: Epoch 4, 600 / 625] FPS: 108.9 (109.3)  ,  DataTime: 0.005 (0.007)  ,  ForwardTime: 0.282  ,  TotalTime: 0.294  ,  Loss/total: 1.94143  ,  Loss/giou: 0.46549  ,  Loss/l1: 0.04645  ,  Loss/location: 0.76287  ,  pro_loss: 0.07657  ,  IoU: 0.59672
[train: Epoch 4, 625 / 625] FPS: 109.0 (109.8)  ,  DataTime: 0.005 (0.007)  ,  ForwardTime: 0.282  ,  TotalTime: 0.294  ,  Loss/total: 1.93553  ,  Loss/giou: 0.46436  ,  Loss/l1: 0.04628  ,  Loss/location: 0.76009  ,  pro_loss: 0.07671  ,  IoU: 0.59762
[train: Epoch 5, 50 / 625] FPS: 105.3 (109.6)  ,  DataTime: 0.015 (0.007)  ,  ForwardTime: 0.282  ,  TotalTime: 0.304  ,  Loss/total: 1.79508  ,  Loss/giou: 0.44058  ,  Loss/l1: 0.04463  ,  Loss/location: 0.67601  ,  pro_loss: 0.07379  ,  IoU: 0.61883
[train: Epoch 5, 100 / 625] FPS: 107.3 (109.6)  ,  DataTime: 0.010 (0.007)  ,  ForwardTime: 0.282  ,  TotalTime: 0.298  ,  Loss/total: 1.77904  ,  Loss/giou: 0.43597  ,  Loss/l1: 0.04264  ,  Loss/location: 0.67880  ,  pro_loss: 0.07538  ,  IoU: 0.62061
[train: Epoch 5, 150 / 625] FPS: 108.0 (109.4)  ,  DataTime: 0.008 (0.007)  ,  ForwardTime: 0.282  ,  TotalTime: 0.296  ,  Loss/total: 1.76858  ,  Loss/giou: 0.43257  ,  Loss/l1: 0.04185  ,  Loss/location: 0.67894  ,  pro_loss: 0.07639  ,  IoU: 0.62260
[train: Epoch 5, 200 / 625] FPS: 108.3 (108.9)  ,  DataTime: 0.007 (0.007)  ,  ForwardTime: 0.282  ,  TotalTime: 0.295  ,  Loss/total: 1.74100  ,  Loss/giou: 0.42844  ,  Loss/l1: 0.04076  ,  Loss/location: 0.66518  ,  pro_loss: 0.07577  ,  IoU: 0.62553
[train: Epoch 5, 250 / 625] FPS: 108.5 (108.6)  ,  DataTime: 0.006 (0.007)  ,  ForwardTime: 0.282  ,  TotalTime: 0.295  ,  Loss/total: 1.73756  ,  Loss/giou: 0.42799  ,  Loss/l1: 0.04062  ,  Loss/location: 0.66344  ,  pro_loss: 0.07533  ,  IoU: 0.62599
[train: Epoch 5, 300 / 625] FPS: 108.7 (109.7)  ,  DataTime: 0.006 (0.007)  ,  ForwardTime: 0.282  ,  TotalTime: 0.294  ,  Loss/total: 1.72927  ,  Loss/giou: 0.42693  ,  Loss/l1: 0.04049  ,  Loss/location: 0.65769  ,  pro_loss: 0.07631  ,  IoU: 0.62652
[train: Epoch 5, 350 / 625] FPS: 108.8 (109.0)  ,  DataTime: 0.006 (0.007)  ,  ForwardTime: 0.282  ,  TotalTime: 0.294  ,  Loss/total: 1.72552  ,  Loss/giou: 0.42643  ,  Loss/l1: 0.04024  ,  Loss/location: 0.65621  ,  pro_loss: 0.07630  ,  IoU: 0.62667
[train: Epoch 5, 400 / 625] FPS: 108.8 (109.4)  ,  DataTime: 0.005 (0.007)  ,  ForwardTime: 0.282  ,  TotalTime: 0.294  ,  Loss/total: 1.71644  ,  Loss/giou: 0.42443  ,  Loss/l1: 0.03992  ,  Loss/location: 0.65260  ,  pro_loss: 0.07675  ,  IoU: 0.62815
[train: Epoch 5, 450 / 625] FPS: 108.9 (109.4)  ,  DataTime: 0.005 (0.007)  ,  ForwardTime: 0.282  ,  TotalTime: 0.294  ,  Loss/total: 1.70610  ,  Loss/giou: 0.42250  ,  Loss/l1: 0.03952  ,  Loss/location: 0.64804  ,  pro_loss: 0.07725  ,  IoU: 0.62964
[train: Epoch 5, 500 / 625] FPS: 108.9 (109.4)  ,  DataTime: 0.005 (0.007)  ,  ForwardTime: 0.282  ,  TotalTime: 0.294  ,  Loss/total: 1.69797  ,  Loss/giou: 0.42045  ,  Loss/l1: 0.03924  ,  Loss/location: 0.64553  ,  pro_loss: 0.07676  ,  IoU: 0.63111
[train: Epoch 5, 550 / 625] FPS: 109.0 (109.2)  ,  DataTime: 0.005 (0.007)  ,  ForwardTime: 0.282  ,  TotalTime: 0.294  ,  Loss/total: 1.68906  ,  Loss/giou: 0.41883  ,  Loss/l1: 0.03893  ,  Loss/location: 0.64144  ,  pro_loss: 0.07650  ,  IoU: 0.63230
[train: Epoch 5, 600 / 625] FPS: 109.0 (108.5)  ,  DataTime: 0.005 (0.007)  ,  ForwardTime: 0.282  ,  TotalTime: 0.294  ,  Loss/total: 1.67934  ,  Loss/giou: 0.41696  ,  Loss/l1: 0.03870  ,  Loss/location: 0.63669  ,  pro_loss: 0.07610  ,  IoU: 0.63381
[train: Epoch 5, 625 / 625] FPS: 109.0 (110.0)  ,  DataTime: 0.005 (0.007)  ,  ForwardTime: 0.282  ,  TotalTime: 0.294  ,  Loss/total: 1.67495  ,  Loss/giou: 0.41609  ,  Loss/l1: 0.03860  ,  Loss/location: 0.63453  ,  pro_loss: 0.07608  ,  IoU: 0.63446
[val: Epoch 5, 50 / 156] FPS: 209.2 (229.8)  ,  DataTime: 0.017 (0.006)  ,  ForwardTime: 0.130  ,  TotalTime: 0.153  ,  Loss/total: 1.35823  ,  Loss/giou: 0.32543  ,  Loss/l1: 0.02817  ,  Loss/location: 0.56647  ,  pro_loss: 0.00027  ,  IoU: 0.70379
[val: Epoch 5, 100 / 156] FPS: 218.1 (228.9)  ,  DataTime: 0.010 (0.006)  ,  ForwardTime: 0.130  ,  TotalTime: 0.147  ,  Loss/total: 1.34327  ,  Loss/giou: 0.32414  ,  Loss/l1: 0.02791  ,  Loss/location: 0.55540  ,  pro_loss: 0.00025  ,  IoU: 0.70503
[val: Epoch 5, 150 / 156] FPS: 221.1 (228.1)  ,  DataTime: 0.008 (0.006)  ,  ForwardTime: 0.130  ,  TotalTime: 0.145  ,  Loss/total: 1.34103  ,  Loss/giou: 0.32287  ,  Loss/l1: 0.02775  ,  Loss/location: 0.55650  ,  pro_loss: 0.00027  ,  IoU: 0.70667
[val: Epoch 5, 156 / 156] FPS: 221.5 (230.0)  ,  DataTime: 0.008 (0.006)  ,  ForwardTime: 0.130  ,  TotalTime: 0.144  ,  Loss/total: 1.34129  ,  Loss/giou: 0.32271  ,  Loss/l1: 0.02762  ,  Loss/location: 0.55771  ,  pro_loss: 0.00026  ,  IoU: 0.70677
[train: Epoch 6, 50 / 625] FPS: 105.1 (109.5)  ,  DataTime: 0.016 (0.007)  ,  ForwardTime: 0.282  ,  TotalTime: 0.304  ,  Loss/total: 1.54963  ,  Loss/giou: 0.39178  ,  Loss/l1: 0.03499  ,  Loss/location: 0.57534  ,  pro_loss: 0.07902  ,  IoU: 0.65191
[train: Epoch 6, 100 / 625] FPS: 107.2 (109.2)  ,  DataTime: 0.010 (0.007)  ,  ForwardTime: 0.282  ,  TotalTime: 0.299  ,  Loss/total: 1.54748  ,  Loss/giou: 0.39062  ,  Loss/l1: 0.03506  ,  Loss/location: 0.57536  ,  pro_loss: 0.07788  ,  IoU: 0.65335
[train: Epoch 6, 150 / 625] FPS: 107.9 (109.2)  ,  DataTime: 0.008 (0.007)  ,  ForwardTime: 0.282  ,  TotalTime: 0.297  ,  Loss/total: 1.53139  ,  Loss/giou: 0.38692  ,  Loss/l1: 0.03386  ,  Loss/location: 0.57271  ,  pro_loss: 0.07773  ,  IoU: 0.65533
[train: Epoch 6, 200 / 625] FPS: 108.2 (109.6)  ,  DataTime: 0.007 (0.007)  ,  ForwardTime: 0.282  ,  TotalTime: 0.296  ,  Loss/total: 1.54487  ,  Loss/giou: 0.38990  ,  Loss/l1: 0.03411  ,  Loss/location: 0.57929  ,  pro_loss: 0.07628  ,  IoU: 0.65296
[train: Epoch 6, 250 / 625] FPS: 108.4 (109.5)  ,  DataTime: 0.006 (0.007)  ,  ForwardTime: 0.282  ,  TotalTime: 0.295  ,  Loss/total: 1.54820  ,  Loss/giou: 0.39072  ,  Loss/l1: 0.03447  ,  Loss/location: 0.57902  ,  pro_loss: 0.07698  ,  IoU: 0.65320
[train: Epoch 6, 300 / 625] FPS: 108.6 (109.7)  ,  DataTime: 0.006 (0.007)  ,  ForwardTime: 0.282  ,  TotalTime: 0.295  ,  Loss/total: 1.54618  ,  Loss/giou: 0.39028  ,  Loss/l1: 0.03432  ,  Loss/location: 0.57847  ,  pro_loss: 0.07772  ,  IoU: 0.65318
[train: Epoch 6, 350 / 625] FPS: 108.7 (108.7)  ,  DataTime: 0.006 (0.007)  ,  ForwardTime: 0.282  ,  TotalTime: 0.294  ,  Loss/total: 1.55228  ,  Loss/giou: 0.39272  ,  Loss/l1: 0.03472  ,  Loss/location: 0.57761  ,  pro_loss: 0.07819  ,  IoU: 0.65172
[train: Epoch 6, 400 / 625] FPS: 108.8 (109.3)  ,  DataTime: 0.006 (0.007)  ,  ForwardTime: 0.282  ,  TotalTime: 0.294  ,  Loss/total: 1.54481  ,  Loss/giou: 0.39110  ,  Loss/l1: 0.03449  ,  Loss/location: 0.57442  ,  pro_loss: 0.07881  ,  IoU: 0.65295
[train: Epoch 6, 450 / 625] FPS: 108.8 (109.5)  ,  DataTime: 0.005 (0.007)  ,  ForwardTime: 0.282  ,  TotalTime: 0.294  ,  Loss/total: 1.53929  ,  Loss/giou: 0.39007  ,  Loss/l1: 0.03460  ,  Loss/location: 0.57046  ,  pro_loss: 0.07857  ,  IoU: 0.65416
[train: Epoch 6, 500 / 625] FPS: 108.9 (109.4)  ,  DataTime: 0.005 (0.007)  ,  ForwardTime: 0.282  ,  TotalTime: 0.294  ,  Loss/total: 1.53923  ,  Loss/giou: 0.39010  ,  Loss/l1: 0.03479  ,  Loss/location: 0.56933  ,  pro_loss: 0.07875  ,  IoU: 0.65419
[train: Epoch 6, 550 / 625] FPS: 108.9 (109.5)  ,  DataTime: 0.005 (0.007)  ,  ForwardTime: 0.282  ,  TotalTime: 0.294  ,  Loss/total: 1.53582  ,  Loss/giou: 0.38937  ,  Loss/l1: 0.03476  ,  Loss/location: 0.56753  ,  pro_loss: 0.07887  ,  IoU: 0.65482
[train: Epoch 6, 600 / 625] FPS: 108.9 (109.4)  ,  DataTime: 0.005 (0.007)  ,  ForwardTime: 0.282  ,  TotalTime: 0.294  ,  Loss/total: 1.52829  ,  Loss/giou: 0.38802  ,  Loss/l1: 0.03454  ,  Loss/location: 0.56371  ,  pro_loss: 0.07909  ,  IoU: 0.65591
[train: Epoch 6, 625 / 625] FPS: 109.0 (110.2)  ,  DataTime: 0.005 (0.007)  ,  ForwardTime: 0.282  ,  TotalTime: 0.294  ,  Loss/total: 1.52519  ,  Loss/giou: 0.38766  ,  Loss/l1: 0.03448  ,  Loss/location: 0.56166  ,  pro_loss: 0.07905  ,  IoU: 0.65625
[train: Epoch 7, 50 / 625] FPS: 105.0 (109.8)  ,  DataTime: 0.016 (0.007)  ,  ForwardTime: 0.282  ,  TotalTime: 0.305  ,  Loss/total: 1.43748  ,  Loss/giou: 0.37281  ,  Loss/l1: 0.03286  ,  Loss/location: 0.51258  ,  pro_loss: 0.07494  ,  IoU: 0.66989
[train: Epoch 7, 100 / 625] FPS: 107.1 (109.4)  ,  DataTime: 0.010 (0.007)  ,  ForwardTime: 0.282  ,  TotalTime: 0.299  ,  Loss/total: 1.42412  ,  Loss/giou: 0.36549  ,  Loss/l1: 0.03155  ,  Loss/location: 0.52059  ,  pro_loss: 0.07398  ,  IoU: 0.67355
[train: Epoch 7, 150 / 625] FPS: 107.8 (109.2)  ,  DataTime: 0.008 (0.007)  ,  ForwardTime: 0.282  ,  TotalTime: 0.297  ,  Loss/total: 1.43018  ,  Loss/giou: 0.36760  ,  Loss/l1: 0.03224  ,  Loss/location: 0.51867  ,  pro_loss: 0.07540  ,  IoU: 0.67219
[train: Epoch 7, 200 / 625] FPS: 108.2 (109.4)  ,  DataTime: 0.007 (0.007)  ,  ForwardTime: 0.282  ,  TotalTime: 0.296  ,  Loss/total: 1.43315  ,  Loss/giou: 0.36803  ,  Loss/l1: 0.03226  ,  Loss/location: 0.52077  ,  pro_loss: 0.07511  ,  IoU: 0.67166
[train: Epoch 7, 250 / 625] FPS: 108.4 (109.3)  ,  DataTime: 0.007 (0.007)  ,  ForwardTime: 0.282  ,  TotalTime: 0.295  ,  Loss/total: 1.43057  ,  Loss/giou: 0.36782  ,  Loss/l1: 0.03201  ,  Loss/location: 0.51999  ,  pro_loss: 0.07449  ,  IoU: 0.67175
[train: Epoch 7, 300 / 625] FPS: 108.5 (109.3)  ,  DataTime: 0.006 (0.007)  ,  ForwardTime: 0.282  ,  TotalTime: 0.295  ,  Loss/total: 1.43149  ,  Loss/giou: 0.36845  ,  Loss/l1: 0.03207  ,  Loss/location: 0.51932  ,  pro_loss: 0.07454  ,  IoU: 0.67141
[train: Epoch 7, 350 / 625] FPS: 108.6 (109.7)  ,  DataTime: 0.006 (0.007)  ,  ForwardTime: 0.282  ,  TotalTime: 0.295  ,  Loss/total: 1.42184  ,  Loss/giou: 0.36578  ,  Loss/l1: 0.03171  ,  Loss/location: 0.51689  ,  pro_loss: 0.07417  ,  IoU: 0.67346
[train: Epoch 7, 400 / 625] FPS: 108.7 (109.3)  ,  DataTime: 0.006 (0.007)  ,  ForwardTime: 0.282  ,  TotalTime: 0.294  ,  Loss/total: 1.41918  ,  Loss/giou: 0.36511  ,  Loss/l1: 0.03153  ,  Loss/location: 0.51636  ,  pro_loss: 0.07475  ,  IoU: 0.67392
[train: Epoch 7, 450 / 625] FPS: 108.8 (109.1)  ,  DataTime: 0.005 (0.007)  ,  ForwardTime: 0.282  ,  TotalTime: 0.294  ,  Loss/total: 1.41708  ,  Loss/giou: 0.36527  ,  Loss/l1: 0.03164  ,  Loss/location: 0.51322  ,  pro_loss: 0.07565  ,  IoU: 0.67394
[train: Epoch 7, 500 / 625] FPS: 108.8 (109.0)  ,  DataTime: 0.005 (0.007)  ,  ForwardTime: 0.282  ,  TotalTime: 0.294  ,  Loss/total: 1.40961  ,  Loss/giou: 0.36406  ,  Loss/l1: 0.03142  ,  Loss/location: 0.50909  ,  pro_loss: 0.07634  ,  IoU: 0.67483
[train: Epoch 7, 550 / 625] FPS: 108.9 (109.7)  ,  DataTime: 0.005 (0.007)  ,  ForwardTime: 0.282  ,  TotalTime: 0.294  ,  Loss/total: 1.40479  ,  Loss/giou: 0.36301  ,  Loss/l1: 0.03125  ,  Loss/location: 0.50719  ,  pro_loss: 0.07649  ,  IoU: 0.67545
[train: Epoch 7, 600 / 625] FPS: 108.9 (109.1)  ,  DataTime: 0.005 (0.007)  ,  ForwardTime: 0.282  ,  TotalTime: 0.294  ,  Loss/total: 1.40153  ,  Loss/giou: 0.36222  ,  Loss/l1: 0.03107  ,  Loss/location: 0.50647  ,  pro_loss: 0.07643  ,  IoU: 0.67594
[train: Epoch 7, 625 / 625] FPS: 108.9 (109.8)  ,  DataTime: 0.005 (0.007)  ,  ForwardTime: 0.282  ,  TotalTime: 0.294  ,  Loss/total: 1.39755  ,  Loss/giou: 0.36139  ,  Loss/l1: 0.03093  ,  Loss/location: 0.50481  ,  pro_loss: 0.07655  ,  IoU: 0.67654
[train: Epoch 8, 50 / 625] FPS: 105.5 (109.4)  ,  DataTime: 0.015 (0.007)  ,  ForwardTime: 0.282  ,  TotalTime: 0.303  ,  Loss/total: 1.35751  ,  Loss/giou: 0.35344  ,  Loss/l1: 0.02901  ,  Loss/location: 0.49106  ,  pro_loss: 0.07259  ,  IoU: 0.68256
[train: Epoch 8, 100 / 625] FPS: 107.3 (108.6)  ,  DataTime: 0.009 (0.007)  ,  ForwardTime: 0.282  ,  TotalTime: 0.298  ,  Loss/total: 1.36099  ,  Loss/giou: 0.35548  ,  Loss/l1: 0.02969  ,  Loss/location: 0.48646  ,  pro_loss: 0.07551  ,  IoU: 0.68193
[train: Epoch 8, 150 / 625] FPS: 108.0 (109.5)  ,  DataTime: 0.008 (0.007)  ,  ForwardTime: 0.282  ,  TotalTime: 0.296  ,  Loss/total: 1.35234  ,  Loss/giou: 0.35351  ,  Loss/l1: 0.02986  ,  Loss/location: 0.48079  ,  pro_loss: 0.07614  ,  IoU: 0.68399
[train: Epoch 8, 200 / 625] FPS: 108.4 (109.3)  ,  DataTime: 0.007 (0.007)  ,  ForwardTime: 0.282  ,  TotalTime: 0.295  ,  Loss/total: 1.34593  ,  Loss/giou: 0.35332  ,  Loss/l1: 0.02969  ,  Loss/location: 0.47548  ,  pro_loss: 0.07680  ,  IoU: 0.68374
[train: Epoch 8, 250 / 625] FPS: 108.5 (109.6)  ,  DataTime: 0.006 (0.007)  ,  ForwardTime: 0.282  ,  TotalTime: 0.295  ,  Loss/total: 1.34333  ,  Loss/giou: 0.35200  ,  Loss/l1: 0.02976  ,  Loss/location: 0.47507  ,  pro_loss: 0.07725  ,  IoU: 0.68472
[train: Epoch 8, 300 / 625] FPS: 108.7 (109.4)  ,  DataTime: 0.006 (0.007)  ,  ForwardTime: 0.282  ,  TotalTime: 0.294  ,  Loss/total: 1.33573  ,  Loss/giou: 0.35005  ,  Loss/l1: 0.02942  ,  Loss/location: 0.47312  ,  pro_loss: 0.07699  ,  IoU: 0.68616
[train: Epoch 8, 350 / 625] FPS: 108.8 (109.4)  ,  DataTime: 0.006 (0.007)  ,  ForwardTime: 0.282  ,  TotalTime: 0.294  ,  Loss/total: 1.33177  ,  Loss/giou: 0.34905  ,  Loss/l1: 0.02931  ,  Loss/location: 0.47182  ,  pro_loss: 0.07663  ,  IoU: 0.68692
[train: Epoch 8, 400 / 625] FPS: 108.8 (109.1)  ,  DataTime: 0.005 (0.007)  ,  ForwardTime: 0.282  ,  TotalTime: 0.294  ,  Loss/total: 1.33032  ,  Loss/giou: 0.34875  ,  Loss/l1: 0.02925  ,  Loss/location: 0.47118  ,  pro_loss: 0.07690  ,  IoU: 0.68719
[train: Epoch 8, 450 / 625] FPS: 108.9 (109.4)  ,  DataTime: 0.005 (0.007)  ,  ForwardTime: 0.282  ,  TotalTime: 0.294  ,  Loss/total: 1.32940  ,  Loss/giou: 0.34879  ,  Loss/l1: 0.02910  ,  Loss/location: 0.47090  ,  pro_loss: 0.07705  ,  IoU: 0.68698
[train: Epoch 8, 500 / 625] FPS: 108.9 (109.7)  ,  DataTime: 0.005 (0.007)  ,  ForwardTime: 0.282  ,  TotalTime: 0.294  ,  Loss/total: 1.32809  ,  Loss/giou: 0.34844  ,  Loss/l1: 0.02905  ,  Loss/location: 0.47039  ,  pro_loss: 0.07779  ,  IoU: 0.68721
[train: Epoch 8, 550 / 625] FPS: 108.9 (109.6)  ,  DataTime: 0.005 (0.007)  ,  ForwardTime: 0.282  ,  TotalTime: 0.294  ,  Loss/total: 1.32336  ,  Loss/giou: 0.34713  ,  Loss/l1: 0.02884  ,  Loss/location: 0.46927  ,  pro_loss: 0.07830  ,  IoU: 0.68818
[train: Epoch 8, 600 / 625] FPS: 109.0 (109.6)  ,  DataTime: 0.005 (0.007)  ,  ForwardTime: 0.282  ,  TotalTime: 0.294  ,  Loss/total: 1.32081  ,  Loss/giou: 0.34670  ,  Loss/l1: 0.02883  ,  Loss/location: 0.46765  ,  pro_loss: 0.07816  ,  IoU: 0.68858
[train: Epoch 8, 625 / 625] FPS: 109.0 (110.1)  ,  DataTime: 0.005 (0.007)  ,  ForwardTime: 0.282  ,  TotalTime: 0.294  ,  Loss/total: 1.31891  ,  Loss/giou: 0.34635  ,  Loss/l1: 0.02878  ,  Loss/location: 0.46674  ,  pro_loss: 0.07786  ,  IoU: 0.68884
[train: Epoch 9, 50 / 625] FPS: 105.2 (109.1)  ,  DataTime: 0.015 (0.007)  ,  ForwardTime: 0.282  ,  TotalTime: 0.304  ,  Loss/total: 1.25627  ,  Loss/giou: 0.32930  ,  Loss/l1: 0.02633  ,  Loss/location: 0.44970  ,  pro_loss: 0.08151  ,  IoU: 0.70173
[train: Epoch 9, 100 / 625] FPS: 107.2 (108.4)  ,  DataTime: 0.010 (0.007)  ,  ForwardTime: 0.282  ,  TotalTime: 0.299  ,  Loss/total: 1.26557  ,  Loss/giou: 0.33203  ,  Loss/l1: 0.02632  ,  Loss/location: 0.45298  ,  pro_loss: 0.08465  ,  IoU: 0.69949
[train: Epoch 9, 150 / 625] FPS: 107.9 (109.2)  ,  DataTime: 0.008 (0.007)  ,  ForwardTime: 0.282  ,  TotalTime: 0.297  ,  Loss/total: 1.26430  ,  Loss/giou: 0.33181  ,  Loss/l1: 0.02694  ,  Loss/location: 0.44930  ,  pro_loss: 0.08334  ,  IoU: 0.70053
[train: Epoch 9, 200 / 625] FPS: 108.2 (109.3)  ,  DataTime: 0.007 (0.007)  ,  ForwardTime: 0.282  ,  TotalTime: 0.296  ,  Loss/total: 1.26099  ,  Loss/giou: 0.33189  ,  Loss/l1: 0.02699  ,  Loss/location: 0.44578  ,  pro_loss: 0.08237  ,  IoU: 0.70037
[train: Epoch 9, 250 / 625] FPS: 108.5 (108.8)  ,  DataTime: 0.006 (0.007)  ,  ForwardTime: 0.282  ,  TotalTime: 0.295  ,  Loss/total: 1.26630  ,  Loss/giou: 0.33387  ,  Loss/l1: 0.02730  ,  Loss/location: 0.44583  ,  pro_loss: 0.08120  ,  IoU: 0.69885
[train: Epoch 9, 300 / 625] FPS: 108.6 (109.4)  ,  DataTime: 0.006 (0.007)  ,  ForwardTime: 0.282  ,  TotalTime: 0.295  ,  Loss/total: 1.26745  ,  Loss/giou: 0.33399  ,  Loss/l1: 0.02720  ,  Loss/location: 0.44721  ,  pro_loss: 0.08137  ,  IoU: 0.69864
[train: Epoch 9, 350 / 625] FPS: 108.7 (108.9)  ,  DataTime: 0.006 (0.007)  ,  ForwardTime: 0.282  ,  TotalTime: 0.294  ,  Loss/total: 1.26027  ,  Loss/giou: 0.33247  ,  Loss/l1: 0.02698  ,  Loss/location: 0.44427  ,  pro_loss: 0.08082  ,  IoU: 0.69988
[train: Epoch 9, 400 / 625] FPS: 108.8 (109.6)  ,  DataTime: 0.006 (0.007)  ,  ForwardTime: 0.282  ,  TotalTime: 0.294  ,  Loss/total: 1.26061  ,  Loss/giou: 0.33288  ,  Loss/l1: 0.02698  ,  Loss/location: 0.44379  ,  pro_loss: 0.08093  ,  IoU: 0.69970
[train: Epoch 9, 450 / 625] FPS: 108.8 (109.4)  ,  DataTime: 0.005 (0.007)  ,  ForwardTime: 0.282  ,  TotalTime: 0.294  ,  Loss/total: 1.25380  ,  Loss/giou: 0.33177  ,  Loss/l1: 0.02685  ,  Loss/location: 0.43996  ,  pro_loss: 0.08030  ,  IoU: 0.70059
[train: Epoch 9, 500 / 625] FPS: 108.9 (109.3)  ,  DataTime: 0.005 (0.007)  ,  ForwardTime: 0.282  ,  TotalTime: 0.294  ,  Loss/total: 1.25081  ,  Loss/giou: 0.33119  ,  Loss/l1: 0.02674  ,  Loss/location: 0.43870  ,  pro_loss: 0.08019  ,  IoU: 0.70089
[train: Epoch 9, 550 / 625] FPS: 108.9 (109.6)  ,  DataTime: 0.005 (0.007)  ,  ForwardTime: 0.282  ,  TotalTime: 0.294  ,  Loss/total: 1.24929  ,  Loss/giou: 0.33071  ,  Loss/l1: 0.02669  ,  Loss/location: 0.43836  ,  pro_loss: 0.08032  ,  IoU: 0.70113
[train: Epoch 9, 600 / 625] FPS: 108.9 (109.3)  ,  DataTime: 0.005 (0.007)  ,  ForwardTime: 0.282  ,  TotalTime: 0.294  ,  Loss/total: 1.24684  ,  Loss/giou: 0.32990  ,  Loss/l1: 0.02654  ,  Loss/location: 0.43830  ,  pro_loss: 0.08010  ,  IoU: 0.70163
[train: Epoch 9, 625 / 625] FPS: 109.0 (109.8)  ,  DataTime: 0.005 (0.007)  ,  ForwardTime: 0.282  ,  TotalTime: 0.294  ,  Loss/total: 1.24827  ,  Loss/giou: 0.33017  ,  Loss/l1: 0.02664  ,  Loss/location: 0.43875  ,  pro_loss: 0.07994  ,  IoU: 0.70151
[train: Epoch 10, 50 / 625] FPS: 105.2 (109.3)  ,  DataTime: 0.016 (0.007)  ,  ForwardTime: 0.282  ,  TotalTime: 0.304  ,  Loss/total: 1.19026  ,  Loss/giou: 0.31923  ,  Loss/l1: 0.02518  ,  Loss/location: 0.41070  ,  pro_loss: 0.07591  ,  IoU: 0.70991
[train: Epoch 10, 100 / 625] FPS: 107.2 (109.4)  ,  DataTime: 0.010 (0.007)  ,  ForwardTime: 0.282  ,  TotalTime: 0.298  ,  Loss/total: 1.20069  ,  Loss/giou: 0.32116  ,  Loss/l1: 0.02543  ,  Loss/location: 0.41536  ,  pro_loss: 0.07944  ,  IoU: 0.70908
[train: Epoch 10, 150 / 625] FPS: 107.9 (109.6)  ,  DataTime: 0.008 (0.007)  ,  ForwardTime: 0.282  ,  TotalTime: 0.297  ,  Loss/total: 1.19585  ,  Loss/giou: 0.32007  ,  Loss/l1: 0.02542  ,  Loss/location: 0.41278  ,  pro_loss: 0.07916  ,  IoU: 0.70987
[train: Epoch 10, 200 / 625] FPS: 108.2 (109.6)  ,  DataTime: 0.007 (0.007)  ,  ForwardTime: 0.282  ,  TotalTime: 0.296  ,  Loss/total: 1.19645  ,  Loss/giou: 0.31994  ,  Loss/l1: 0.02544  ,  Loss/location: 0.41335  ,  pro_loss: 0.08013  ,  IoU: 0.71005
[train: Epoch 10, 250 / 625] FPS: 108.5 (109.5)  ,  DataTime: 0.007 (0.007)  ,  ForwardTime: 0.282  ,  TotalTime: 0.295  ,  Loss/total: 1.20137  ,  Loss/giou: 0.32112  ,  Loss/l1: 0.02576  ,  Loss/location: 0.41433  ,  pro_loss: 0.07991  ,  IoU: 0.70933
[train: Epoch 10, 300 / 625] FPS: 108.6 (108.8)  ,  DataTime: 0.006 (0.007)  ,  ForwardTime: 0.282  ,  TotalTime: 0.295  ,  Loss/total: 1.20218  ,  Loss/giou: 0.32114  ,  Loss/l1: 0.02576  ,  Loss/location: 0.41518  ,  pro_loss: 0.07961  ,  IoU: 0.70923
[train: Epoch 10, 350 / 625] FPS: 108.7 (109.7)  ,  DataTime: 0.006 (0.007)  ,  ForwardTime: 0.282  ,  TotalTime: 0.294  ,  Loss/total: 1.19603  ,  Loss/giou: 0.31880  ,  Loss/l1: 0.02534  ,  Loss/location: 0.41609  ,  pro_loss: 0.07815  ,  IoU: 0.71075
[train: Epoch 10, 400 / 625] FPS: 108.8 (109.3)  ,  DataTime: 0.006 (0.007)  ,  ForwardTime: 0.282  ,  TotalTime: 0.294  ,  Loss/total: 1.19278  ,  Loss/giou: 0.31799  ,  Loss/l1: 0.02510  ,  Loss/location: 0.41568  ,  pro_loss: 0.07811  ,  IoU: 0.71107
[train: Epoch 10, 450 / 625] FPS: 108.8 (109.4)  ,  DataTime: 0.006 (0.007)  ,  ForwardTime: 0.282  ,  TotalTime: 0.294  ,  Loss/total: 1.18985  ,  Loss/giou: 0.31698  ,  Loss/l1: 0.02498  ,  Loss/location: 0.41523  ,  pro_loss: 0.07874  ,  IoU: 0.71191
[train: Epoch 10, 500 / 625] FPS: 108.9 (108.8)  ,  DataTime: 0.005 (0.007)  ,  ForwardTime: 0.282  ,  TotalTime: 0.294  ,  Loss/total: 1.19347  ,  Loss/giou: 0.31798  ,  Loss/l1: 0.02512  ,  Loss/location: 0.41629  ,  pro_loss: 0.07814  ,  IoU: 0.71113
[train: Epoch 10, 550 / 625] FPS: 108.9 (109.2)  ,  DataTime: 0.005 (0.007)  ,  ForwardTime: 0.282  ,  TotalTime: 0.294  ,  Loss/total: 1.19141  ,  Loss/giou: 0.31764  ,  Loss/l1: 0.02503  ,  Loss/location: 0.41524  ,  pro_loss: 0.07883  ,  IoU: 0.71126
[train: Epoch 10, 600 / 625] FPS: 109.0 (109.3)  ,  DataTime: 0.005 (0.007)  ,  ForwardTime: 0.282  ,  TotalTime: 0.294  ,  Loss/total: 1.19192  ,  Loss/giou: 0.31770  ,  Loss/l1: 0.02512  ,  Loss/location: 0.41505  ,  pro_loss: 0.07938  ,  IoU: 0.71145
[train: Epoch 10, 625 / 625] FPS: 109.0 (109.7)  ,  DataTime: 0.005 (0.006)  ,  ForwardTime: 0.282  ,  TotalTime: 0.294  ,  Loss/total: 1.19232  ,  Loss/giou: 0.31815  ,  Loss/l1: 0.02519  ,  Loss/location: 0.41418  ,  pro_loss: 0.07951  ,  IoU: 0.71121
[val: Epoch 10, 50 / 156] FPS: 207.7 (228.5)  ,  DataTime: 0.017 (0.007)  ,  ForwardTime: 0.130  ,  TotalTime: 0.154  ,  Loss/total: 1.10446  ,  Loss/giou: 0.27976  ,  Loss/l1: 0.02476  ,  Loss/location: 0.42114  ,  pro_loss: 0.00010  ,  IoU: 0.74738
[val: Epoch 10, 100 / 156] FPS: 217.0 (226.1)  ,  DataTime: 0.011 (0.007)  ,  ForwardTime: 0.130  ,  TotalTime: 0.147  ,  Loss/total: 1.10067  ,  Loss/giou: 0.27777  ,  Loss/l1: 0.02372  ,  Loss/location: 0.42651  ,  pro_loss: 0.00010  ,  IoU: 0.74695
[val: Epoch 10, 150 / 156] FPS: 220.1 (229.7)  ,  DataTime: 0.008 (0.007)  ,  ForwardTime: 0.130  ,  TotalTime: 0.145  ,  Loss/total: 1.10902  ,  Loss/giou: 0.27781  ,  Loss/l1: 0.02380  ,  Loss/location: 0.43435  ,  pro_loss: 0.00009  ,  IoU: 0.74706
[val: Epoch 10, 156 / 156] FPS: 220.5 (230.7)  ,  DataTime: 0.008 (0.007)  ,  ForwardTime: 0.130  ,  TotalTime: 0.145  ,  Loss/total: 1.11051  ,  Loss/giou: 0.27806  ,  Loss/l1: 0.02381  ,  Loss/location: 0.43531  ,  pro_loss: 0.00009  ,  IoU: 0.74680
[train: Epoch 11, 50 / 625] FPS: 105.3 (109.2)  ,  DataTime: 0.015 (0.007)  ,  ForwardTime: 0.282  ,  TotalTime: 0.304  ,  Loss/total: 1.17435  ,  Loss/giou: 0.31726  ,  Loss/l1: 0.02530  ,  Loss/location: 0.39655  ,  pro_loss: 0.08380  ,  IoU: 0.71294
[train: Epoch 11, 100 / 625] FPS: 107.3 (108.8)  ,  DataTime: 0.010 (0.007)  ,  ForwardTime: 0.282  ,  TotalTime: 0.298  ,  Loss/total: 1.16978  ,  Loss/giou: 0.31269  ,  Loss/l1: 0.02481  ,  Loss/location: 0.40397  ,  pro_loss: 0.08195  ,  IoU: 0.71756
[train: Epoch 11, 150 / 625] FPS: 107.9 (109.6)  ,  DataTime: 0.008 (0.007)  ,  ForwardTime: 0.282  ,  TotalTime: 0.297  ,  Loss/total: 1.16719  ,  Loss/giou: 0.31195  ,  Loss/l1: 0.02428  ,  Loss/location: 0.40543  ,  pro_loss: 0.08237  ,  IoU: 0.71661
[train: Epoch 11, 200 / 625] FPS: 108.2 (108.8)  ,  DataTime: 0.007 (0.007)  ,  ForwardTime: 0.282  ,  TotalTime: 0.296  ,  Loss/total: 1.16620  ,  Loss/giou: 0.31163  ,  Loss/l1: 0.02417  ,  Loss/location: 0.40546  ,  pro_loss: 0.08314  ,  IoU: 0.71666
[train: Epoch 11, 250 / 625] FPS: 108.4 (108.8)  ,  DataTime: 0.006 (0.007)  ,  ForwardTime: 0.282  ,  TotalTime: 0.295  ,  Loss/total: 1.15700  ,  Loss/giou: 0.30892  ,  Loss/l1: 0.02385  ,  Loss/location: 0.40320  ,  pro_loss: 0.08348  ,  IoU: 0.71878
[train: Epoch 11, 300 / 625] FPS: 108.6 (109.6)  ,  DataTime: 0.006 (0.007)  ,  ForwardTime: 0.282  ,  TotalTime: 0.295  ,  Loss/total: 1.15984  ,  Loss/giou: 0.30982  ,  Loss/l1: 0.02401  ,  Loss/location: 0.40348  ,  pro_loss: 0.08326  ,  IoU: 0.71829
[train: Epoch 11, 350 / 625] FPS: 108.7 (109.3)  ,  DataTime: 0.006 (0.007)  ,  ForwardTime: 0.282  ,  TotalTime: 0.295  ,  Loss/total: 1.15442  ,  Loss/giou: 0.30858  ,  Loss/l1: 0.02378  ,  Loss/location: 0.40170  ,  pro_loss: 0.08327  ,  IoU: 0.71916
[train: Epoch 11, 400 / 625] FPS: 108.7 (109.5)  ,  DataTime: 0.006 (0.007)  ,  ForwardTime: 0.282  ,  TotalTime: 0.294  ,  Loss/total: 1.15106  ,  Loss/giou: 0.30842  ,  Loss/l1: 0.02386  ,  Loss/location: 0.39835  ,  pro_loss: 0.08280  ,  IoU: 0.71944
[train: Epoch 11, 450 / 625] FPS: 108.8 (109.2)  ,  DataTime: 0.005 (0.007)  ,  ForwardTime: 0.282  ,  TotalTime: 0.294  ,  Loss/total: 1.15281  ,  Loss/giou: 0.30844  ,  Loss/l1: 0.02384  ,  Loss/location: 0.40023  ,  pro_loss: 0.08247  ,  IoU: 0.71935
[train: Epoch 11, 500 / 625] FPS: 108.8 (109.5)  ,  DataTime: 0.005 (0.007)  ,  ForwardTime: 0.282  ,  TotalTime: 0.294  ,  Loss/total: 1.15247  ,  Loss/giou: 0.30811  ,  Loss/l1: 0.02383  ,  Loss/location: 0.40060  ,  pro_loss: 0.08247  ,  IoU: 0.71956
[train: Epoch 11, 550 / 625] FPS: 108.9 (109.3)  ,  DataTime: 0.005 (0.007)  ,  ForwardTime: 0.282  ,  TotalTime: 0.294  ,  Loss/total: 1.15263  ,  Loss/giou: 0.30849  ,  Loss/l1: 0.02388  ,  Loss/location: 0.39983  ,  pro_loss: 0.08210  ,  IoU: 0.71935
[train: Epoch 11, 600 / 625] FPS: 108.9 (109.4)  ,  DataTime: 0.005 (0.007)  ,  ForwardTime: 0.282  ,  TotalTime: 0.294  ,  Loss/total: 1.15152  ,  Loss/giou: 0.30820  ,  Loss/l1: 0.02382  ,  Loss/location: 0.39972  ,  pro_loss: 0.08146  ,  IoU: 0.71952
[train: Epoch 11, 625 / 625] FPS: 108.9 (109.9)  ,  DataTime: 0.005 (0.007)  ,  ForwardTime: 0.282  ,  TotalTime: 0.294  ,  Loss/total: 1.14954  ,  Loss/giou: 0.30799  ,  Loss/l1: 0.02379  ,  Loss/location: 0.39830  ,  pro_loss: 0.08147  ,  IoU: 0.71965
[train: Epoch 12, 50 / 625] FPS: 105.1 (109.5)  ,  DataTime: 0.016 (0.007)  ,  ForwardTime: 0.282  ,  TotalTime: 0.305  ,  Loss/total: 1.14625  ,  Loss/giou: 0.30421  ,  Loss/l1: 0.02311  ,  Loss/location: 0.40720  ,  pro_loss: 0.07525  ,  IoU: 0.71927
[train: Epoch 12, 100 / 625] FPS: 107.2 (109.7)  ,  DataTime: 0.010 (0.007)  ,  ForwardTime: 0.282  ,  TotalTime: 0.299  ,  Loss/total: 1.16970  ,  Loss/giou: 0.30938  ,  Loss/l1: 0.02435  ,  Loss/location: 0.41384  ,  pro_loss: 0.07681  ,  IoU: 0.71742
[train: Epoch 12, 150 / 625] FPS: 107.9 (109.3)  ,  DataTime: 0.008 (0.007)  ,  ForwardTime: 0.282  ,  TotalTime: 0.297  ,  Loss/total: 1.16147  ,  Loss/giou: 0.30935  ,  Loss/l1: 0.02492  ,  Loss/location: 0.40276  ,  pro_loss: 0.07705  ,  IoU: 0.71951
[train: Epoch 12, 200 / 625] FPS: 108.2 (109.7)  ,  DataTime: 0.007 (0.007)  ,  ForwardTime: 0.282  ,  TotalTime: 0.296  ,  Loss/total: 1.15087  ,  Loss/giou: 0.30657  ,  Loss/l1: 0.02431  ,  Loss/location: 0.40059  ,  pro_loss: 0.07780  ,  IoU: 0.72160
[train: Epoch 12, 250 / 625] FPS: 108.4 (109.1)  ,  DataTime: 0.007 (0.007)  ,  ForwardTime: 0.282  ,  TotalTime: 0.295  ,  Loss/total: 1.14284  ,  Loss/giou: 0.30577  ,  Loss/l1: 0.02401  ,  Loss/location: 0.39576  ,  pro_loss: 0.07746  ,  IoU: 0.72180
[train: Epoch 12, 300 / 625] FPS: 108.6 (109.0)  ,  DataTime: 0.006 (0.007)  ,  ForwardTime: 0.282  ,  TotalTime: 0.295  ,  Loss/total: 1.13759  ,  Loss/giou: 0.30521  ,  Loss/l1: 0.02399  ,  Loss/location: 0.39164  ,  pro_loss: 0.07792  ,  IoU: 0.72238
[train: Epoch 12, 350 / 625] FPS: 108.7 (109.2)  ,  DataTime: 0.006 (0.007)  ,  ForwardTime: 0.282  ,  TotalTime: 0.294  ,  Loss/total: 1.13390  ,  Loss/giou: 0.30413  ,  Loss/l1: 0.02378  ,  Loss/location: 0.39116  ,  pro_loss: 0.07796  ,  IoU: 0.72313
[train: Epoch 12, 400 / 625] FPS: 108.8 (109.3)  ,  DataTime: 0.006 (0.007)  ,  ForwardTime: 0.282  ,  TotalTime: 0.294  ,  Loss/total: 1.13457  ,  Loss/giou: 0.30451  ,  Loss/l1: 0.02385  ,  Loss/location: 0.39065  ,  pro_loss: 0.07825  ,  IoU: 0.72302
[train: Epoch 12, 450 / 625] FPS: 108.8 (109.3)  ,  DataTime: 0.006 (0.007)  ,  ForwardTime: 0.282  ,  TotalTime: 0.294  ,  Loss/total: 1.13254  ,  Loss/giou: 0.30418  ,  Loss/l1: 0.02378  ,  Loss/location: 0.38957  ,  pro_loss: 0.07847  ,  IoU: 0.72334
[train: Epoch 12, 500 / 625] FPS: 108.9 (109.6)  ,  DataTime: 0.005 (0.007)  ,  ForwardTime: 0.282  ,  TotalTime: 0.294  ,  Loss/total: 1.13213  ,  Loss/giou: 0.30359  ,  Loss/l1: 0.02372  ,  Loss/location: 0.39061  ,  pro_loss: 0.07871  ,  IoU: 0.72380
[train: Epoch 12, 550 / 625] FPS: 108.9 (109.0)  ,  DataTime: 0.005 (0.007)  ,  ForwardTime: 0.282  ,  TotalTime: 0.294  ,  Loss/total: 1.13040  ,  Loss/giou: 0.30325  ,  Loss/l1: 0.02368  ,  Loss/location: 0.38969  ,  pro_loss: 0.07900  ,  IoU: 0.72415
[train: Epoch 12, 600 / 625] FPS: 108.9 (109.0)  ,  DataTime: 0.005 (0.007)  ,  ForwardTime: 0.282  ,  TotalTime: 0.294  ,  Loss/total: 1.13126  ,  Loss/giou: 0.30385  ,  Loss/l1: 0.02378  ,  Loss/location: 0.38889  ,  pro_loss: 0.07886  ,  IoU: 0.72376
[train: Epoch 12, 625 / 625] FPS: 108.9 (109.4)  ,  DataTime: 0.005 (0.007)  ,  ForwardTime: 0.282  ,  TotalTime: 0.294  ,  Loss/total: 1.13011  ,  Loss/giou: 0.30376  ,  Loss/l1: 0.02377  ,  Loss/location: 0.38797  ,  pro_loss: 0.07872  ,  IoU: 0.72392
[train: Epoch 13, 50 / 625] FPS: 105.0 (109.3)  ,  DataTime: 0.016 (0.007)  ,  ForwardTime: 0.282  ,  TotalTime: 0.305  ,  Loss/total: 1.05842  ,  Loss/giou: 0.28194  ,  Loss/l1: 0.02012  ,  Loss/location: 0.37725  ,  pro_loss: 0.08356  ,  IoU: 0.73808
[train: Epoch 13, 100 / 625] FPS: 107.1 (109.6)  ,  DataTime: 0.010 (0.007)  ,  ForwardTime: 0.282  ,  TotalTime: 0.299  ,  Loss/total: 1.10672  ,  Loss/giou: 0.29532  ,  Loss/l1: 0.02277  ,  Loss/location: 0.38508  ,  pro_loss: 0.08565  ,  IoU: 0.73031
[train: Epoch 13, 150 / 625] FPS: 107.8 (108.8)  ,  DataTime: 0.008 (0.007)  ,  ForwardTime: 0.282  ,  TotalTime: 0.297  ,  Loss/total: 1.13083  ,  Loss/giou: 0.30297  ,  Loss/l1: 0.02351  ,  Loss/location: 0.39033  ,  pro_loss: 0.08511  ,  IoU: 0.72439
[train: Epoch 13, 200 / 625] FPS: 108.2 (109.1)  ,  DataTime: 0.007 (0.007)  ,  ForwardTime: 0.282  ,  TotalTime: 0.296  ,  Loss/total: 1.12909  ,  Loss/giou: 0.30269  ,  Loss/l1: 0.02340  ,  Loss/location: 0.38972  ,  pro_loss: 0.08498  ,  IoU: 0.72477
[train: Epoch 13, 250 / 625] FPS: 108.4 (109.3)  ,  DataTime: 0.007 (0.007)  ,  ForwardTime: 0.282  ,  TotalTime: 0.295  ,  Loss/total: 1.12033  ,  Loss/giou: 0.30214  ,  Loss/l1: 0.02325  ,  Loss/location: 0.38288  ,  pro_loss: 0.08461  ,  IoU: 0.72531
[train: Epoch 13, 300 / 625] FPS: 108.5 (108.5)  ,  DataTime: 0.006 (0.007)  ,  ForwardTime: 0.282  ,  TotalTime: 0.295  ,  Loss/total: 1.11550  ,  Loss/giou: 0.30074  ,  Loss/l1: 0.02323  ,  Loss/location: 0.38121  ,  pro_loss: 0.08342  ,  IoU: 0.72670
[train: Epoch 13, 350 / 625] FPS: 108.6 (109.0)  ,  DataTime: 0.006 (0.007)  ,  ForwardTime: 0.282  ,  TotalTime: 0.295  ,  Loss/total: 1.11360  ,  Loss/giou: 0.30042  ,  Loss/l1: 0.02327  ,  Loss/location: 0.37971  ,  pro_loss: 0.08344  ,  IoU: 0.72738
[train: Epoch 13, 400 / 625] FPS: 108.7 (109.4)  ,  DataTime: 0.006 (0.007)  ,  ForwardTime: 0.282  ,  TotalTime: 0.294  ,  Loss/total: 1.11276  ,  Loss/giou: 0.30030  ,  Loss/l1: 0.02336  ,  Loss/location: 0.37873  ,  pro_loss: 0.08320  ,  IoU: 0.72760
[train: Epoch 13, 450 / 625] FPS: 108.8 (108.0)  ,  DataTime: 0.006 (0.007)  ,  ForwardTime: 0.282  ,  TotalTime: 0.294  ,  Loss/total: 1.10970  ,  Loss/giou: 0.29979  ,  Loss/l1: 0.02320  ,  Loss/location: 0.37750  ,  pro_loss: 0.08298  ,  IoU: 0.72788
[train: Epoch 13, 500 / 625] FPS: 108.8 (109.2)  ,  DataTime: 0.006 (0.007)  ,  ForwardTime: 0.282  ,  TotalTime: 0.294  ,  Loss/total: 1.10256  ,  Loss/giou: 0.29802  ,  Loss/l1: 0.02294  ,  Loss/location: 0.37527  ,  pro_loss: 0.08262  ,  IoU: 0.72915
[train: Epoch 13, 550 / 625] FPS: 108.8 (108.8)  ,  DataTime: 0.005 (0.007)  ,  ForwardTime: 0.282  ,  TotalTime: 0.294  ,  Loss/total: 1.09672  ,  Loss/giou: 0.29686  ,  Loss/l1: 0.02275  ,  Loss/location: 0.37272  ,  pro_loss: 0.08269  ,  IoU: 0.72991
[train: Epoch 13, 600 / 625] FPS: 108.9 (108.9)  ,  DataTime: 0.005 (0.007)  ,  ForwardTime: 0.282  ,  TotalTime: 0.294  ,  Loss/total: 1.09453  ,  Loss/giou: 0.29658  ,  Loss/l1: 0.02265  ,  Loss/location: 0.37152  ,  pro_loss: 0.08299  ,  IoU: 0.72995
[train: Epoch 13, 625 / 625] FPS: 108.9 (110.1)  ,  DataTime: 0.005 (0.007)  ,  ForwardTime: 0.282  ,  TotalTime: 0.294  ,  Loss/total: 1.09477  ,  Loss/giou: 0.29667  ,  Loss/l1: 0.02270  ,  Loss/location: 0.37130  ,  pro_loss: 0.08320  ,  IoU: 0.72998
[train: Epoch 14, 50 / 625] FPS: 105.4 (109.5)  ,  DataTime: 0.015 (0.007)  ,  ForwardTime: 0.282  ,  TotalTime: 0.304  ,  Loss/total: 1.04365  ,  Loss/giou: 0.28248  ,  Loss/l1: 0.02109  ,  Loss/location: 0.35691  ,  pro_loss: 0.08168  ,  IoU: 0.74011
[train: Epoch 14, 100 / 625] FPS: 107.4 (109.5)  ,  DataTime: 0.010 (0.007)  ,  ForwardTime: 0.282  ,  TotalTime: 0.298  ,  Loss/total: 1.07491  ,  Loss/giou: 0.28948  ,  Loss/l1: 0.02197  ,  Loss/location: 0.37056  ,  pro_loss: 0.07763  ,  IoU: 0.73527
[train: Epoch 14, 150 / 625] FPS: 108.0 (109.5)  ,  DataTime: 0.008 (0.007)  ,  ForwardTime: 0.282  ,  TotalTime: 0.296  ,  Loss/total: 1.06856  ,  Loss/giou: 0.28774  ,  Loss/l1: 0.02173  ,  Loss/location: 0.36876  ,  pro_loss: 0.07829  ,  IoU: 0.73645
[train: Epoch 14, 200 / 625] FPS: 108.3 (109.5)  ,  DataTime: 0.007 (0.007)  ,  ForwardTime: 0.282  ,  TotalTime: 0.295  ,  Loss/total: 1.05711  ,  Loss/giou: 0.28512  ,  Loss/l1: 0.02113  ,  Loss/location: 0.36525  ,  pro_loss: 0.07992  ,  IoU: 0.73785
[train: Epoch 14, 250 / 625] FPS: 108.5 (109.4)  ,  DataTime: 0.006 (0.007)  ,  ForwardTime: 0.282  ,  TotalTime: 0.295  ,  Loss/total: 1.05691  ,  Loss/giou: 0.28507  ,  Loss/l1: 0.02111  ,  Loss/location: 0.36520  ,  pro_loss: 0.07994  ,  IoU: 0.73790
[train: Epoch 14, 300 / 625] FPS: 108.6 (108.7)  ,  DataTime: 0.006 (0.007)  ,  ForwardTime: 0.282  ,  TotalTime: 0.295  ,  Loss/total: 1.05381  ,  Loss/giou: 0.28524  ,  Loss/l1: 0.02119  ,  Loss/location: 0.36126  ,  pro_loss: 0.08051  ,  IoU: 0.73778
[train: Epoch 14, 350 / 625] FPS: 108.7 (109.2)  ,  DataTime: 0.006 (0.007)  ,  ForwardTime: 0.282  ,  TotalTime: 0.294  ,  Loss/total: 1.05494  ,  Loss/giou: 0.28487  ,  Loss/l1: 0.02125  ,  Loss/location: 0.36298  ,  pro_loss: 0.07995  ,  IoU: 0.73819
[train: Epoch 14, 400 / 625] FPS: 108.8 (109.5)  ,  DataTime: 0.006 (0.007)  ,  ForwardTime: 0.282  ,  TotalTime: 0.294  ,  Loss/total: 1.05456  ,  Loss/giou: 0.28446  ,  Loss/l1: 0.02126  ,  Loss/location: 0.36335  ,  pro_loss: 0.07996  ,  IoU: 0.73859
[train: Epoch 14, 450 / 625] FPS: 108.9 (109.5)  ,  DataTime: 0.006 (0.007)  ,  ForwardTime: 0.282  ,  TotalTime: 0.294  ,  Loss/total: 1.05519  ,  Loss/giou: 0.28536  ,  Loss/l1: 0.02136  ,  Loss/location: 0.36159  ,  pro_loss: 0.08052  ,  IoU: 0.73809
[train: Epoch 14, 500 / 625] FPS: 108.8 (108.9)  ,  DataTime: 0.005 (0.007)  ,  ForwardTime: 0.282  ,  TotalTime: 0.294  ,  Loss/total: 1.05231  ,  Loss/giou: 0.28454  ,  Loss/l1: 0.02121  ,  Loss/location: 0.36104  ,  pro_loss: 0.08064  ,  IoU: 0.73873
[train: Epoch 14, 550 / 625] FPS: 108.9 (109.4)  ,  DataTime: 0.005 (0.007)  ,  ForwardTime: 0.282  ,  TotalTime: 0.294  ,  Loss/total: 1.05400  ,  Loss/giou: 0.28491  ,  Loss/l1: 0.02126  ,  Loss/location: 0.36173  ,  pro_loss: 0.08073  ,  IoU: 0.73857
[train: Epoch 14, 600 / 625] FPS: 108.9 (109.4)  ,  DataTime: 0.005 (0.007)  ,  ForwardTime: 0.282  ,  TotalTime: 0.294  ,  Loss/total: 1.05264  ,  Loss/giou: 0.28491  ,  Loss/l1: 0.02130  ,  Loss/location: 0.36020  ,  pro_loss: 0.08064  ,  IoU: 0.73868
[train: Epoch 14, 625 / 625] FPS: 108.9 (109.5)  ,  DataTime: 0.005 (0.007)  ,  ForwardTime: 0.282  ,  TotalTime: 0.294  ,  Loss/total: 1.05198  ,  Loss/giou: 0.28482  ,  Loss/l1: 0.02130  ,  Loss/location: 0.35977  ,  pro_loss: 0.08031  ,  IoU: 0.73882
[train: Epoch 15, 50 / 625] FPS: 104.8 (108.9)  ,  DataTime: 0.017 (0.007)  ,  ForwardTime: 0.282  ,  TotalTime: 0.305  ,  Loss/total: 1.08062  ,  Loss/giou: 0.28787  ,  Loss/l1: 0.02113  ,  Loss/location: 0.38271  ,  pro_loss: 0.08273  ,  IoU: 0.73545
[train: Epoch 15, 100 / 625] FPS: 107.0 (109.3)  ,  DataTime: 0.011 (0.007)  ,  ForwardTime: 0.282  ,  TotalTime: 0.299  ,  Loss/total: 1.05892  ,  Loss/giou: 0.28430  ,  Loss/l1: 0.02101  ,  Loss/location: 0.36797  ,  pro_loss: 0.08659  ,  IoU: 0.73858
[train: Epoch 15, 150 / 625] FPS: 107.8 (109.7)  ,  DataTime: 0.008 (0.007)  ,  ForwardTime: 0.282  ,  TotalTime: 0.297  ,  Loss/total: 1.06422  ,  Loss/giou: 0.28575  ,  Loss/l1: 0.02157  ,  Loss/location: 0.36791  ,  pro_loss: 0.08474  ,  IoU: 0.73840
[train: Epoch 15, 200 / 625] FPS: 108.2 (109.2)  ,  DataTime: 0.007 (0.007)  ,  ForwardTime: 0.282  ,  TotalTime: 0.296  ,  Loss/total: 1.06257  ,  Loss/giou: 0.28657  ,  Loss/l1: 0.02165  ,  Loss/location: 0.36444  ,  pro_loss: 0.08377  ,  IoU: 0.73738
[train: Epoch 15, 250 / 625] FPS: 108.4 (109.2)  ,  DataTime: 0.007 (0.007)  ,  ForwardTime: 0.282  ,  TotalTime: 0.295  ,  Loss/total: 1.06465  ,  Loss/giou: 0.28812  ,  Loss/l1: 0.02180  ,  Loss/location: 0.36286  ,  pro_loss: 0.08285  ,  IoU: 0.73629
[train: Epoch 15, 300 / 625] FPS: 108.5 (109.5)  ,  DataTime: 0.006 (0.007)  ,  ForwardTime: 0.282  ,  TotalTime: 0.295  ,  Loss/total: 1.06158  ,  Loss/giou: 0.28745  ,  Loss/l1: 0.02168  ,  Loss/location: 0.36177  ,  pro_loss: 0.08263  ,  IoU: 0.73669
[train: Epoch 15, 350 / 625] FPS: 108.6 (108.8)  ,  DataTime: 0.006 (0.007)  ,  ForwardTime: 0.282  ,  TotalTime: 0.295  ,  Loss/total: 1.05886  ,  Loss/giou: 0.28634  ,  Loss/l1: 0.02170  ,  Loss/location: 0.36118  ,  pro_loss: 0.08252  ,  IoU: 0.73768
[train: Epoch 15, 400 / 625] FPS: 108.7 (109.2)  ,  DataTime: 0.006 (0.007)  ,  ForwardTime: 0.282  ,  TotalTime: 0.294  ,  Loss/total: 1.05555  ,  Loss/giou: 0.28580  ,  Loss/l1: 0.02165  ,  Loss/location: 0.35931  ,  pro_loss: 0.08212  ,  IoU: 0.73831
[train: Epoch 15, 450 / 625] FPS: 108.8 (108.8)  ,  DataTime: 0.006 (0.007)  ,  ForwardTime: 0.282  ,  TotalTime: 0.294  ,  Loss/total: 1.05232  ,  Loss/giou: 0.28530  ,  Loss/l1: 0.02158  ,  Loss/location: 0.35745  ,  pro_loss: 0.08191  ,  IoU: 0.73878
[train: Epoch 15, 500 / 625] FPS: 108.8 (109.0)  ,  DataTime: 0.006 (0.007)  ,  ForwardTime: 0.282  ,  TotalTime: 0.294  ,  Loss/total: 1.05051  ,  Loss/giou: 0.28535  ,  Loss/l1: 0.02159  ,  Loss/location: 0.35562  ,  pro_loss: 0.08121  ,  IoU: 0.73894
[train: Epoch 15, 550 / 625] FPS: 108.8 (109.5)  ,  DataTime: 0.005 (0.007)  ,  ForwardTime: 0.282  ,  TotalTime: 0.294  ,  Loss/total: 1.04949  ,  Loss/giou: 0.28493  ,  Loss/l1: 0.02167  ,  Loss/location: 0.35505  ,  pro_loss: 0.08116  ,  IoU: 0.73932
[train: Epoch 15, 600 / 625] FPS: 108.9 (109.0)  ,  DataTime: 0.005 (0.007)  ,  ForwardTime: 0.282  ,  TotalTime: 0.294  ,  Loss/total: 1.04778  ,  Loss/giou: 0.28429  ,  Loss/l1: 0.02159  ,  Loss/location: 0.35498  ,  pro_loss: 0.08132  ,  IoU: 0.73980
[train: Epoch 15, 625 / 625] FPS: 108.9 (109.5)  ,  DataTime: 0.005 (0.007)  ,  ForwardTime: 0.282  ,  TotalTime: 0.294  ,  Loss/total: 1.04783  ,  Loss/giou: 0.28419  ,  Loss/l1: 0.02156  ,  Loss/location: 0.35537  ,  pro_loss: 0.08147  ,  IoU: 0.73985
[val: Epoch 15, 50 / 156] FPS: 206.7 (224.4)  ,  DataTime: 0.018 (0.007)  ,  ForwardTime: 0.130  ,  TotalTime: 0.155  ,  Loss/total: 1.02246  ,  Loss/giou: 0.25659  ,  Loss/l1: 0.02079  ,  Loss/location: 0.40530  ,  pro_loss: 0.00002  ,  IoU: 0.76348
[val: Epoch 15, 100 / 156] FPS: 216.5 (229.8)  ,  DataTime: 0.011 (0.007)  ,  ForwardTime: 0.130  ,  TotalTime: 0.148  ,  Loss/total: 1.01207  ,  Loss/giou: 0.25517  ,  Loss/l1: 0.02102  ,  Loss/location: 0.39665  ,  pro_loss: 0.00001  ,  IoU: 0.76512
[val: Epoch 15, 150 / 156] FPS: 219.9 (228.3)  ,  DataTime: 0.009 (0.007)  ,  ForwardTime: 0.130  ,  TotalTime: 0.146  ,  Loss/total: 0.99335  ,  Loss/giou: 0.25197  ,  Loss/l1: 0.02029  ,  Loss/location: 0.38796  ,  pro_loss: 0.00002  ,  IoU: 0.76717
[val: Epoch 15, 156 / 156] FPS: 220.3 (229.8)  ,  DataTime: 0.009 (0.007)  ,  ForwardTime: 0.130  ,  TotalTime: 0.145  ,  Loss/total: 0.99226  ,  Loss/giou: 0.25168  ,  Loss/l1: 0.02027  ,  Loss/location: 0.38753  ,  pro_loss: 0.00002  ,  IoU: 0.76736
[train: Epoch 16, 50 / 625] FPS: 105.3 (109.1)  ,  DataTime: 0.015 (0.007)  ,  ForwardTime: 0.282  ,  TotalTime: 0.304  ,  Loss/total: 1.04518  ,  Loss/giou: 0.28254  ,  Loss/l1: 0.02197  ,  Loss/location: 0.35461  ,  pro_loss: 0.07814  ,  IoU: 0.74132
[train: Epoch 16, 100 / 625] FPS: 107.3 (108.6)  ,  DataTime: 0.010 (0.007)  ,  ForwardTime: 0.282  ,  TotalTime: 0.298  ,  Loss/total: 1.03907  ,  Loss/giou: 0.28281  ,  Loss/l1: 0.02161  ,  Loss/location: 0.34986  ,  pro_loss: 0.07756  ,  IoU: 0.74115
[train: Epoch 16, 150 / 625] FPS: 107.9 (109.1)  ,  DataTime: 0.008 (0.007)  ,  ForwardTime: 0.282  ,  TotalTime: 0.296  ,  Loss/total: 1.04070  ,  Loss/giou: 0.28155  ,  Loss/l1: 0.02138  ,  Loss/location: 0.35458  ,  pro_loss: 0.08053  ,  IoU: 0.74208
[train: Epoch 16, 200 / 625] FPS: 108.3 (109.3)  ,  DataTime: 0.007 (0.007)  ,  ForwardTime: 0.282  ,  TotalTime: 0.296  ,  Loss/total: 1.03539  ,  Loss/giou: 0.28096  ,  Loss/l1: 0.02143  ,  Loss/location: 0.35001  ,  pro_loss: 0.08139  ,  IoU: 0.74277
[train: Epoch 16, 250 / 625] FPS: 108.5 (109.1)  ,  DataTime: 0.006 (0.007)  ,  ForwardTime: 0.282  ,  TotalTime: 0.295  ,  Loss/total: 1.03206  ,  Loss/giou: 0.28061  ,  Loss/l1: 0.02140  ,  Loss/location: 0.34741  ,  pro_loss: 0.08208  ,  IoU: 0.74314
[train: Epoch 16, 300 / 625] FPS: 108.6 (109.8)  ,  DataTime: 0.006 (0.007)  ,  ForwardTime: 0.282  ,  TotalTime: 0.295  ,  Loss/total: 1.02213  ,  Loss/giou: 0.27830  ,  Loss/l1: 0.02095  ,  Loss/location: 0.34424  ,  pro_loss: 0.08262  ,  IoU: 0.74481
[train: Epoch 16, 350 / 625] FPS: 108.7 (109.5)  ,  DataTime: 0.006 (0.007)  ,  ForwardTime: 0.282  ,  TotalTime: 0.294  ,  Loss/total: 1.02516  ,  Loss/giou: 0.27902  ,  Loss/l1: 0.02109  ,  Loss/location: 0.34517  ,  pro_loss: 0.08240  ,  IoU: 0.74445
[train: Epoch 16, 400 / 625] FPS: 108.8 (109.8)  ,  DataTime: 0.006 (0.007)  ,  ForwardTime: 0.282  ,  TotalTime: 0.294  ,  Loss/total: 1.02295  ,  Loss/giou: 0.27858  ,  Loss/l1: 0.02110  ,  Loss/location: 0.34368  ,  pro_loss: 0.08301  ,  IoU: 0.74491
[train: Epoch 16, 450 / 625] FPS: 108.8 (109.3)  ,  DataTime: 0.006 (0.007)  ,  ForwardTime: 0.282  ,  TotalTime: 0.294  ,  Loss/total: 1.01662  ,  Loss/giou: 0.27695  ,  Loss/l1: 0.02078  ,  Loss/location: 0.34219  ,  pro_loss: 0.08311  ,  IoU: 0.74601
[train: Epoch 16, 500 / 625] FPS: 108.9 (109.5)  ,  DataTime: 0.005 (0.007)  ,  ForwardTime: 0.282  ,  TotalTime: 0.294  ,  Loss/total: 1.01508  ,  Loss/giou: 0.27674  ,  Loss/l1: 0.02061  ,  Loss/location: 0.34210  ,  pro_loss: 0.08221  ,  IoU: 0.74608
[train: Epoch 16, 550 / 625] FPS: 108.9 (109.2)  ,  DataTime: 0.005 (0.007)  ,  ForwardTime: 0.282  ,  TotalTime: 0.294  ,  Loss/total: 1.01301  ,  Loss/giou: 0.27610  ,  Loss/l1: 0.02061  ,  Loss/location: 0.34141  ,  pro_loss: 0.08184  ,  IoU: 0.74662
[train: Epoch 16, 600 / 625] FPS: 108.9 (109.0)  ,  DataTime: 0.005 (0.007)  ,  ForwardTime: 0.282  ,  TotalTime: 0.294  ,  Loss/total: 1.01055  ,  Loss/giou: 0.27570  ,  Loss/l1: 0.02052  ,  Loss/location: 0.34015  ,  pro_loss: 0.08191  ,  IoU: 0.74676
[train: Epoch 16, 625 / 625] FPS: 109.0 (110.3)  ,  DataTime: 0.005 (0.007)  ,  ForwardTime: 0.282  ,  TotalTime: 0.294  ,  Loss/total: 1.01073  ,  Loss/giou: 0.27576  ,  Loss/l1: 0.02054  ,  Loss/location: 0.34020  ,  pro_loss: 0.08147  ,  IoU: 0.74677
[train: Epoch 17, 50 / 625] FPS: 105.2 (109.1)  ,  DataTime: 0.016 (0.007)  ,  ForwardTime: 0.282  ,  TotalTime: 0.304  ,  Loss/total: 1.00561  ,  Loss/giou: 0.27342  ,  Loss/l1: 0.02044  ,  Loss/location: 0.33938  ,  pro_loss: 0.08606  ,  IoU: 0.74930
[train: Epoch 17, 100 / 625] FPS: 107.2 (108.4)  ,  DataTime: 0.010 (0.006)  ,  ForwardTime: 0.282  ,  TotalTime: 0.299  ,  Loss/total: 0.98654  ,  Loss/giou: 0.26894  ,  Loss/l1: 0.01937  ,  Loss/location: 0.33489  ,  pro_loss: 0.08450  ,  IoU: 0.75132
[train: Epoch 17, 150 / 625] FPS: 107.9 (108.6)  ,  DataTime: 0.008 (0.006)  ,  ForwardTime: 0.282  ,  TotalTime: 0.297  ,  Loss/total: 0.97937  ,  Loss/giou: 0.26838  ,  Loss/l1: 0.01925  ,  Loss/location: 0.32983  ,  pro_loss: 0.08259  ,  IoU: 0.75183
[train: Epoch 17, 200 / 625] FPS: 108.2 (109.2)  ,  DataTime: 0.007 (0.006)  ,  ForwardTime: 0.282  ,  TotalTime: 0.296  ,  Loss/total: 0.98235  ,  Loss/giou: 0.26932  ,  Loss/l1: 0.01928  ,  Loss/location: 0.33084  ,  pro_loss: 0.08236  ,  IoU: 0.75112
[train: Epoch 17, 250 / 625] FPS: 108.4 (109.3)  ,  DataTime: 0.007 (0.006)  ,  ForwardTime: 0.282  ,  TotalTime: 0.295  ,  Loss/total: 0.98502  ,  Loss/giou: 0.26965  ,  Loss/l1: 0.01955  ,  Loss/location: 0.33141  ,  pro_loss: 0.08285  ,  IoU: 0.75114
[train: Epoch 17, 300 / 625] FPS: 108.6 (109.2)  ,  DataTime: 0.006 (0.006)  ,  ForwardTime: 0.282  ,  TotalTime: 0.295  ,  Loss/total: 0.99051  ,  Loss/giou: 0.27079  ,  Loss/l1: 0.01977  ,  Loss/location: 0.33359  ,  pro_loss: 0.08235  ,  IoU: 0.75042
[train: Epoch 17, 350 / 625] FPS: 108.7 (109.5)  ,  DataTime: 0.006 (0.006)  ,  ForwardTime: 0.282  ,  TotalTime: 0.294  ,  Loss/total: 0.99387  ,  Loss/giou: 0.27183  ,  Loss/l1: 0.01986  ,  Loss/location: 0.33455  ,  pro_loss: 0.08174  ,  IoU: 0.74966
[train: Epoch 17, 400 / 625] FPS: 108.7 (109.1)  ,  DataTime: 0.006 (0.006)  ,  ForwardTime: 0.282  ,  TotalTime: 0.294  ,  Loss/total: 0.99008  ,  Loss/giou: 0.27085  ,  Loss/l1: 0.01981  ,  Loss/location: 0.33299  ,  pro_loss: 0.08158  ,  IoU: 0.75059
[train: Epoch 17, 450 / 625] FPS: 108.8 (109.6)  ,  DataTime: 0.006 (0.006)  ,  ForwardTime: 0.282  ,  TotalTime: 0.294  ,  Loss/total: 0.99154  ,  Loss/giou: 0.27127  ,  Loss/l1: 0.01991  ,  Loss/location: 0.33302  ,  pro_loss: 0.08206  ,  IoU: 0.75035
[train: Epoch 17, 500 / 625] FPS: 108.8 (108.7)  ,  DataTime: 0.006 (0.006)  ,  ForwardTime: 0.282  ,  TotalTime: 0.294  ,  Loss/total: 0.98996  ,  Loss/giou: 0.27120  ,  Loss/l1: 0.01993  ,  Loss/location: 0.33166  ,  pro_loss: 0.08131  ,  IoU: 0.75044
[train: Epoch 17, 550 / 625] FPS: 108.9 (109.3)  ,  DataTime: 0.005 (0.006)  ,  ForwardTime: 0.282  ,  TotalTime: 0.294  ,  Loss/total: 0.98981  ,  Loss/giou: 0.27145  ,  Loss/l1: 0.01996  ,  Loss/location: 0.33091  ,  pro_loss: 0.08097  ,  IoU: 0.75040
[train: Epoch 17, 600 / 625] FPS: 108.9 (109.0)  ,  DataTime: 0.005 (0.006)  ,  ForwardTime: 0.282  ,  TotalTime: 0.294  ,  Loss/total: 0.99152  ,  Loss/giou: 0.27166  ,  Loss/l1: 0.01999  ,  Loss/location: 0.33199  ,  pro_loss: 0.08132  ,  IoU: 0.75026
[train: Epoch 17, 625 / 625] FPS: 108.9 (109.8)  ,  DataTime: 0.005 (0.006)  ,  ForwardTime: 0.282  ,  TotalTime: 0.294  ,  Loss/total: 0.99303  ,  Loss/giou: 0.27192  ,  Loss/l1: 0.02004  ,  Loss/location: 0.33274  ,  pro_loss: 0.08119  ,  IoU: 0.75007
[train: Epoch 18, 50 / 625] FPS: 104.8 (109.0)  ,  DataTime: 0.017 (0.007)  ,  ForwardTime: 0.282  ,  TotalTime: 0.305  ,  Loss/total: 1.01362  ,  Loss/giou: 0.27862  ,  Loss/l1: 0.02086  ,  Loss/location: 0.33668  ,  pro_loss: 0.07709  ,  IoU: 0.74556
[train: Epoch 18, 100 / 625] FPS: 107.0 (109.5)  ,  DataTime: 0.010 (0.007)  ,  ForwardTime: 0.282  ,  TotalTime: 0.299  ,  Loss/total: 1.00041  ,  Loss/giou: 0.27412  ,  Loss/l1: 0.02042  ,  Loss/location: 0.33453  ,  pro_loss: 0.07773  ,  IoU: 0.74873
[train: Epoch 18, 150 / 625] FPS: 107.7 (108.8)  ,  DataTime: 0.008 (0.007)  ,  ForwardTime: 0.282  ,  TotalTime: 0.297  ,  Loss/total: 0.99003  ,  Loss/giou: 0.26982  ,  Loss/l1: 0.02000  ,  Loss/location: 0.33449  ,  pro_loss: 0.07960  ,  IoU: 0.75229
[train: Epoch 18, 200 / 625] FPS: 108.1 (109.1)  ,  DataTime: 0.007 (0.006)  ,  ForwardTime: 0.282  ,  TotalTime: 0.296  ,  Loss/total: 0.99228  ,  Loss/giou: 0.27034  ,  Loss/l1: 0.02022  ,  Loss/location: 0.33474  ,  pro_loss: 0.07877  ,  IoU: 0.75178
[train: Epoch 18, 250 / 625] FPS: 108.3 (108.9)  ,  DataTime: 0.007 (0.007)  ,  ForwardTime: 0.282  ,  TotalTime: 0.295  ,  Loss/total: 0.98820  ,  Loss/giou: 0.26937  ,  Loss/l1: 0.02009  ,  Loss/location: 0.33320  ,  pro_loss: 0.07898  ,  IoU: 0.75223
[train: Epoch 18, 300 / 625] FPS: 108.5 (109.3)  ,  DataTime: 0.006 (0.006)  ,  ForwardTime: 0.282  ,  TotalTime: 0.295  ,  Loss/total: 0.98990  ,  Loss/giou: 0.26957  ,  Loss/l1: 0.02018  ,  Loss/location: 0.33391  ,  pro_loss: 0.07974  ,  IoU: 0.75229
[train: Epoch 18, 350 / 625] FPS: 108.6 (108.8)  ,  DataTime: 0.006 (0.007)  ,  ForwardTime: 0.282  ,  TotalTime: 0.295  ,  Loss/total: 0.98817  ,  Loss/giou: 0.26998  ,  Loss/l1: 0.02003  ,  Loss/location: 0.33211  ,  pro_loss: 0.07966  ,  IoU: 0.75176
[train: Epoch 18, 400 / 625] FPS: 108.7 (109.9)  ,  DataTime: 0.006 (0.007)  ,  ForwardTime: 0.282  ,  TotalTime: 0.294  ,  Loss/total: 0.98808  ,  Loss/giou: 0.26967  ,  Loss/l1: 0.01991  ,  Loss/location: 0.33324  ,  pro_loss: 0.07967  ,  IoU: 0.75195
[train: Epoch 18, 450 / 625] FPS: 108.7 (109.3)  ,  DataTime: 0.006 (0.006)  ,  ForwardTime: 0.282  ,  TotalTime: 0.294  ,  Loss/total: 0.99089  ,  Loss/giou: 0.27009  ,  Loss/l1: 0.02000  ,  Loss/location: 0.33467  ,  pro_loss: 0.08015  ,  IoU: 0.75168
[train: Epoch 18, 500 / 625] FPS: 108.8 (109.5)  ,  DataTime: 0.006 (0.006)  ,  ForwardTime: 0.282  ,  TotalTime: 0.294  ,  Loss/total: 0.99007  ,  Loss/giou: 0.26991  ,  Loss/l1: 0.01994  ,  Loss/location: 0.33445  ,  pro_loss: 0.08047  ,  IoU: 0.75177
[train: Epoch 18, 550 / 625] FPS: 108.8 (109.3)  ,  DataTime: 0.005 (0.007)  ,  ForwardTime: 0.282  ,  TotalTime: 0.294  ,  Loss/total: 0.99001  ,  Loss/giou: 0.26929  ,  Loss/l1: 0.01996  ,  Loss/location: 0.33553  ,  pro_loss: 0.08058  ,  IoU: 0.75228
[train: Epoch 18, 600 / 625] FPS: 108.9 (109.4)  ,  DataTime: 0.005 (0.007)  ,  ForwardTime: 0.282  ,  TotalTime: 0.294  ,  Loss/total: 0.98671  ,  Loss/giou: 0.26850  ,  Loss/l1: 0.01988  ,  Loss/location: 0.33421  ,  pro_loss: 0.08039  ,  IoU: 0.75284
[train: Epoch 18, 625 / 625] FPS: 108.9 (109.9)  ,  DataTime: 0.005 (0.006)  ,  ForwardTime: 0.282  ,  TotalTime: 0.294  ,  Loss/total: 0.98801  ,  Loss/giou: 0.26903  ,  Loss/l1: 0.02000  ,  Loss/location: 0.33388  ,  pro_loss: 0.08044  ,  IoU: 0.75259
[train: Epoch 19, 50 / 625] FPS: 105.5 (109.5)  ,  DataTime: 0.015 (0.007)  ,  ForwardTime: 0.282  ,  TotalTime: 0.303  ,  Loss/total: 0.96174  ,  Loss/giou: 0.26426  ,  Loss/l1: 0.01867  ,  Loss/location: 0.32401  ,  pro_loss: 0.07938  ,  IoU: 0.75788
[train: Epoch 19, 100 / 625] FPS: 107.4 (110.0)  ,  DataTime: 0.010 (0.007)  ,  ForwardTime: 0.282  ,  TotalTime: 0.298  ,  Loss/total: 0.97758  ,  Loss/giou: 0.26559  ,  Loss/l1: 0.01902  ,  Loss/location: 0.33579  ,  pro_loss: 0.07751  ,  IoU: 0.75606
[train: Epoch 19, 150 / 625] FPS: 108.0 (109.5)  ,  DataTime: 0.008 (0.007)  ,  ForwardTime: 0.282  ,  TotalTime: 0.296  ,  Loss/total: 0.97867  ,  Loss/giou: 0.26724  ,  Loss/l1: 0.01934  ,  Loss/location: 0.33159  ,  pro_loss: 0.07960  ,  IoU: 0.75435
[train: Epoch 19, 200 / 625] FPS: 108.3 (109.4)  ,  DataTime: 0.007 (0.007)  ,  ForwardTime: 0.282  ,  TotalTime: 0.295  ,  Loss/total: 0.98246  ,  Loss/giou: 0.26831  ,  Loss/l1: 0.01959  ,  Loss/location: 0.33196  ,  pro_loss: 0.07970  ,  IoU: 0.75348
[train: Epoch 19, 250 / 625] FPS: 108.5 (109.1)  ,  DataTime: 0.006 (0.007)  ,  ForwardTime: 0.282  ,  TotalTime: 0.295  ,  Loss/total: 0.97810  ,  Loss/giou: 0.26681  ,  Loss/l1: 0.01931  ,  Loss/location: 0.33200  ,  pro_loss: 0.07972  ,  IoU: 0.75403
[train: Epoch 19, 300 / 625] FPS: 108.6 (109.5)  ,  DataTime: 0.006 (0.007)  ,  ForwardTime: 0.282  ,  TotalTime: 0.295  ,  Loss/total: 0.97691  ,  Loss/giou: 0.26655  ,  Loss/l1: 0.01934  ,  Loss/location: 0.33116  ,  pro_loss: 0.07991  ,  IoU: 0.75430
[train: Epoch 19, 350 / 625] FPS: 108.7 (109.4)  ,  DataTime: 0.006 (0.007)  ,  ForwardTime: 0.282  ,  TotalTime: 0.294  ,  Loss/total: 0.97739  ,  Loss/giou: 0.26666  ,  Loss/l1: 0.01945  ,  Loss/location: 0.33081  ,  pro_loss: 0.08004  ,  IoU: 0.75470
[train: Epoch 19, 400 / 625] FPS: 108.8 (108.7)  ,  DataTime: 0.006 (0.007)  ,  ForwardTime: 0.282  ,  TotalTime: 0.294  ,  Loss/total: 0.98090  ,  Loss/giou: 0.26699  ,  Loss/l1: 0.01959  ,  Loss/location: 0.33298  ,  pro_loss: 0.08002  ,  IoU: 0.75453
[train: Epoch 19, 450 / 625] FPS: 108.9 (109.0)  ,  DataTime: 0.006 (0.007)  ,  ForwardTime: 0.282  ,  TotalTime: 0.294  ,  Loss/total: 0.97530  ,  Loss/giou: 0.26544  ,  Loss/l1: 0.01942  ,  Loss/location: 0.33130  ,  pro_loss: 0.07999  ,  IoU: 0.75578
[train: Epoch 19, 500 / 625] FPS: 108.9 (109.4)  ,  DataTime: 0.005 (0.007)  ,  ForwardTime: 0.282  ,  TotalTime: 0.294  ,  Loss/total: 0.97286  ,  Loss/giou: 0.26496  ,  Loss/l1: 0.01939  ,  Loss/location: 0.33004  ,  pro_loss: 0.07969  ,  IoU: 0.75615
[train: Epoch 19, 550 / 625] FPS: 108.9 (109.1)  ,  DataTime: 0.005 (0.006)  ,  ForwardTime: 0.282  ,  TotalTime: 0.294  ,  Loss/total: 0.96883  ,  Loss/giou: 0.26404  ,  Loss/l1: 0.01920  ,  Loss/location: 0.32877  ,  pro_loss: 0.07985  ,  IoU: 0.75683
[train: Epoch 19, 600 / 625] FPS: 109.0 (108.6)  ,  DataTime: 0.005 (0.006)  ,  ForwardTime: 0.282  ,  TotalTime: 0.294  ,  Loss/total: 0.96587  ,  Loss/giou: 0.26354  ,  Loss/l1: 0.01912  ,  Loss/location: 0.32719  ,  pro_loss: 0.08012  ,  IoU: 0.75727
[train: Epoch 19, 625 / 625] FPS: 109.0 (109.4)  ,  DataTime: 0.005 (0.006)  ,  ForwardTime: 0.282  ,  TotalTime: 0.294  ,  Loss/total: 0.96505  ,  Loss/giou: 0.26317  ,  Loss/l1: 0.01912  ,  Loss/location: 0.32714  ,  pro_loss: 0.07987  ,  IoU: 0.75762
[train: Epoch 20, 50 / 625] FPS: 105.4 (108.6)  ,  DataTime: 0.015 (0.007)  ,  ForwardTime: 0.282  ,  TotalTime: 0.304  ,  Loss/total: 0.96903  ,  Loss/giou: 0.26589  ,  Loss/l1: 0.02012  ,  Loss/location: 0.32202  ,  pro_loss: 0.07313  ,  IoU: 0.75686
[train: Epoch 20, 100 / 625] FPS: 107.3 (109.4)  ,  DataTime: 0.010 (0.007)  ,  ForwardTime: 0.282  ,  TotalTime: 0.298  ,  Loss/total: 0.97686  ,  Loss/giou: 0.26617  ,  Loss/l1: 0.01982  ,  Loss/location: 0.33048  ,  pro_loss: 0.07470  ,  IoU: 0.75623
[train: Epoch 20, 150 / 625] FPS: 107.9 (108.7)  ,  DataTime: 0.008 (0.007)  ,  ForwardTime: 0.282  ,  TotalTime: 0.297  ,  Loss/total: 0.96440  ,  Loss/giou: 0.26431  ,  Loss/l1: 0.01949  ,  Loss/location: 0.32305  ,  pro_loss: 0.07633  ,  IoU: 0.75759
[train: Epoch 20, 200 / 625] FPS: 108.2 (109.4)  ,  DataTime: 0.007 (0.007)  ,  ForwardTime: 0.282  ,  TotalTime: 0.296  ,  Loss/total: 0.95679  ,  Loss/giou: 0.26226  ,  Loss/l1: 0.01914  ,  Loss/location: 0.32092  ,  pro_loss: 0.07824  ,  IoU: 0.75882
[train: Epoch 20, 250 / 625] FPS: 108.4 (109.6)  ,  DataTime: 0.006 (0.007)  ,  ForwardTime: 0.282  ,  TotalTime: 0.295  ,  Loss/total: 0.96169  ,  Loss/giou: 0.26205  ,  Loss/l1: 0.01908  ,  Loss/location: 0.32631  ,  pro_loss: 0.07938  ,  IoU: 0.75882
[train: Epoch 20, 300 / 625] FPS: 108.5 (109.1)  ,  DataTime: 0.006 (0.007)  ,  ForwardTime: 0.282  ,  TotalTime: 0.295  ,  Loss/total: 0.96214  ,  Loss/giou: 0.26273  ,  Loss/l1: 0.01918  ,  Loss/location: 0.32484  ,  pro_loss: 0.07973  ,  IoU: 0.75817
[train: Epoch 20, 350 / 625] FPS: 108.6 (109.6)  ,  DataTime: 0.006 (0.007)  ,  ForwardTime: 0.282  ,  TotalTime: 0.295  ,  Loss/total: 0.96704  ,  Loss/giou: 0.26373  ,  Loss/l1: 0.01947  ,  Loss/location: 0.32640  ,  pro_loss: 0.07921  ,  IoU: 0.75758
[train: Epoch 20, 400 / 625] FPS: 108.7 (108.6)  ,  DataTime: 0.006 (0.007)  ,  ForwardTime: 0.282  ,  TotalTime: 0.294  ,  Loss/total: 0.96343  ,  Loss/giou: 0.26337  ,  Loss/l1: 0.01946  ,  Loss/location: 0.32346  ,  pro_loss: 0.07973  ,  IoU: 0.75802
[train: Epoch 20, 450 / 625] FPS: 108.8 (109.3)  ,  DataTime: 0.006 (0.007)  ,  ForwardTime: 0.282  ,  TotalTime: 0.294  ,  Loss/total: 0.95998  ,  Loss/giou: 0.26260  ,  Loss/l1: 0.01940  ,  Loss/location: 0.32194  ,  pro_loss: 0.07932  ,  IoU: 0.75869
[train: Epoch 20, 500 / 625] FPS: 108.8 (109.1)  ,  DataTime: 0.005 (0.007)  ,  ForwardTime: 0.282  ,  TotalTime: 0.294  ,  Loss/total: 0.95720  ,  Loss/giou: 0.26170  ,  Loss/l1: 0.01919  ,  Loss/location: 0.32207  ,  pro_loss: 0.07904  ,  IoU: 0.75935
[train: Epoch 20, 550 / 625] FPS: 108.8 (109.7)  ,  DataTime: 0.005 (0.007)  ,  ForwardTime: 0.282  ,  TotalTime: 0.294  ,  Loss/total: 0.95648  ,  Loss/giou: 0.26209  ,  Loss/l1: 0.01911  ,  Loss/location: 0.32094  ,  pro_loss: 0.07911  ,  IoU: 0.75891
[train: Epoch 20, 600 / 625] FPS: 108.9 (109.3)  ,  DataTime: 0.005 (0.007)  ,  ForwardTime: 0.282  ,  TotalTime: 0.294  ,  Loss/total: 0.95621  ,  Loss/giou: 0.26193  ,  Loss/l1: 0.01910  ,  Loss/location: 0.32096  ,  pro_loss: 0.07939  ,  IoU: 0.75905
[train: Epoch 20, 625 / 625] FPS: 108.9 (109.9)  ,  DataTime: 0.005 (0.007)  ,  ForwardTime: 0.282  ,  TotalTime: 0.294  ,  Loss/total: 0.95762  ,  Loss/giou: 0.26246  ,  Loss/l1: 0.01917  ,  Loss/location: 0.32092  ,  pro_loss: 0.07953  ,  IoU: 0.75868
[val: Epoch 20, 50 / 156] FPS: 207.3 (224.1)  ,  DataTime: 0.017 (0.007)  ,  ForwardTime: 0.130  ,  TotalTime: 0.154  ,  Loss/total: 0.91404  ,  Loss/giou: 0.22985  ,  Loss/l1: 0.01645  ,  Loss/location: 0.37210  ,  pro_loss: 0.00000  ,  IoU: 0.78315
[val: Epoch 20, 100 / 156] FPS: 216.7 (228.9)  ,  DataTime: 0.011 (0.007)  ,  ForwardTime: 0.130  ,  TotalTime: 0.148  ,  Loss/total: 0.89892  ,  Loss/giou: 0.22947  ,  Loss/l1: 0.01708  ,  Loss/location: 0.35457  ,  pro_loss: 0.00001  ,  IoU: 0.78479
[val: Epoch 20, 150 / 156] FPS: 220.3 (229.0)  ,  DataTime: 0.009 (0.007)  ,  ForwardTime: 0.130  ,  TotalTime: 0.145  ,  Loss/total: 0.89819  ,  Loss/giou: 0.22990  ,  Loss/l1: 0.01690  ,  Loss/location: 0.35392  ,  pro_loss: 0.00000  ,  IoU: 0.78444
[val: Epoch 20, 156 / 156] FPS: 220.7 (231.2)  ,  DataTime: 0.008 (0.006)  ,  ForwardTime: 0.130  ,  TotalTime: 0.145  ,  Loss/total: 0.89590  ,  Loss/giou: 0.22979  ,  Loss/l1: 0.01692  ,  Loss/location: 0.35172  ,  pro_loss: 0.00001  ,  IoU: 0.78464
[train: Epoch 21, 50 / 625] FPS: 105.2 (109.5)  ,  DataTime: 0.016 (0.007)  ,  ForwardTime: 0.282  ,  TotalTime: 0.304  ,  Loss/total: 0.92793  ,  Loss/giou: 0.25635  ,  Loss/l1: 0.01862  ,  Loss/location: 0.30491  ,  pro_loss: 0.08604  ,  IoU: 0.76475
[train: Epoch 21, 100 / 625] FPS: 107.2 (108.3)  ,  DataTime: 0.010 (0.007)  ,  ForwardTime: 0.282  ,  TotalTime: 0.299  ,  Loss/total: 0.92417  ,  Loss/giou: 0.25472  ,  Loss/l1: 0.01841  ,  Loss/location: 0.30623  ,  pro_loss: 0.08230  ,  IoU: 0.76568
[train: Epoch 21, 150 / 625] FPS: 107.9 (109.4)  ,  DataTime: 0.008 (0.007)  ,  ForwardTime: 0.282  ,  TotalTime: 0.297  ,  Loss/total: 0.93622  ,  Loss/giou: 0.25670  ,  Loss/l1: 0.01839  ,  Loss/location: 0.31442  ,  pro_loss: 0.08216  ,  IoU: 0.76310
[train: Epoch 21, 200 / 625] FPS: 108.3 (109.3)  ,  DataTime: 0.007 (0.007)  ,  ForwardTime: 0.282  ,  TotalTime: 0.296  ,  Loss/total: 0.93230  ,  Loss/giou: 0.25645  ,  Loss/l1: 0.01842  ,  Loss/location: 0.31109  ,  pro_loss: 0.08105  ,  IoU: 0.76328
[train: Epoch 21, 250 / 625] FPS: 108.5 (109.6)  ,  DataTime: 0.007 (0.007)  ,  ForwardTime: 0.282  ,  TotalTime: 0.295  ,  Loss/total: 0.93546  ,  Loss/giou: 0.25731  ,  Loss/l1: 0.01842  ,  Loss/location: 0.31287  ,  pro_loss: 0.07951  ,  IoU: 0.76256
[train: Epoch 21, 300 / 625] FPS: 108.6 (109.4)  ,  DataTime: 0.006 (0.007)  ,  ForwardTime: 0.282  ,  TotalTime: 0.295  ,  Loss/total: 0.93369  ,  Loss/giou: 0.25693  ,  Loss/l1: 0.01837  ,  Loss/location: 0.31194  ,  pro_loss: 0.08025  ,  IoU: 0.76284
[train: Epoch 21, 350 / 625] FPS: 108.7 (109.0)  ,  DataTime: 0.006 (0.007)  ,  ForwardTime: 0.282  ,  TotalTime: 0.294  ,  Loss/total: 0.93423  ,  Loss/giou: 0.25718  ,  Loss/l1: 0.01840  ,  Loss/location: 0.31203  ,  pro_loss: 0.07927  ,  IoU: 0.76263
[train: Epoch 21, 400 / 625] FPS: 108.8 (109.4)  ,  DataTime: 0.006 (0.007)  ,  ForwardTime: 0.282  ,  TotalTime: 0.294  ,  Loss/total: 0.93287  ,  Loss/giou: 0.25689  ,  Loss/l1: 0.01835  ,  Loss/location: 0.31136  ,  pro_loss: 0.07998  ,  IoU: 0.76288
[train: Epoch 21, 450 / 625] FPS: 108.8 (109.0)  ,  DataTime: 0.006 (0.007)  ,  ForwardTime: 0.282  ,  TotalTime: 0.294  ,  Loss/total: 0.93710  ,  Loss/giou: 0.25760  ,  Loss/l1: 0.01859  ,  Loss/location: 0.31293  ,  pro_loss: 0.08010  ,  IoU: 0.76251
[train: Epoch 21, 500 / 625] FPS: 108.9 (108.6)  ,  DataTime: 0.005 (0.007)  ,  ForwardTime: 0.282  ,  TotalTime: 0.294  ,  Loss/total: 0.93995  ,  Loss/giou: 0.25794  ,  Loss/l1: 0.01873  ,  Loss/location: 0.31424  ,  pro_loss: 0.08082  ,  IoU: 0.76236
[train: Epoch 21, 550 / 625] FPS: 108.9 (109.6)  ,  DataTime: 0.005 (0.007)  ,  ForwardTime: 0.282  ,  TotalTime: 0.294  ,  Loss/total: 0.94224  ,  Loss/giou: 0.25867  ,  Loss/l1: 0.01881  ,  Loss/location: 0.31480  ,  pro_loss: 0.08037  ,  IoU: 0.76176
[train: Epoch 21, 600 / 625] FPS: 108.9 (109.7)  ,  DataTime: 0.005 (0.007)  ,  ForwardTime: 0.282  ,  TotalTime: 0.294  ,  Loss/total: 0.93841  ,  Loss/giou: 0.25766  ,  Loss/l1: 0.01867  ,  Loss/location: 0.31373  ,  pro_loss: 0.07999  ,  IoU: 0.76241
[train: Epoch 21, 625 / 625] FPS: 108.9 (109.6)  ,  DataTime: 0.005 (0.007)  ,  ForwardTime: 0.282  ,  TotalTime: 0.294  ,  Loss/total: 0.93842  ,  Loss/giou: 0.25765  ,  Loss/l1: 0.01865  ,  Loss/location: 0.31381  ,  pro_loss: 0.08029  ,  IoU: 0.76248
[train: Epoch 22, 50 / 625] FPS: 105.3 (109.7)  ,  DataTime: 0.015 (0.007)  ,  ForwardTime: 0.282  ,  TotalTime: 0.304  ,  Loss/total: 0.91129  ,  Loss/giou: 0.25569  ,  Loss/l1: 0.01716  ,  Loss/location: 0.29823  ,  pro_loss: 0.07939  ,  IoU: 0.76245
[train: Epoch 22, 100 / 625] FPS: 107.3 (108.9)  ,  DataTime: 0.010 (0.007)  ,  ForwardTime: 0.282  ,  TotalTime: 0.298  ,  Loss/total: 0.92959  ,  Loss/giou: 0.25845  ,  Loss/l1: 0.01814  ,  Loss/location: 0.30579  ,  pro_loss: 0.08105  ,  IoU: 0.76216
[train: Epoch 22, 150 / 625] FPS: 107.9 (109.4)  ,  DataTime: 0.008 (0.007)  ,  ForwardTime: 0.282  ,  TotalTime: 0.297  ,  Loss/total: 0.92881  ,  Loss/giou: 0.25867  ,  Loss/l1: 0.01838  ,  Loss/location: 0.30313  ,  pro_loss: 0.08209  ,  IoU: 0.76191
[train: Epoch 22, 200 / 625] FPS: 108.2 (109.4)  ,  DataTime: 0.007 (0.007)  ,  ForwardTime: 0.282  ,  TotalTime: 0.296  ,  Loss/total: 0.92910  ,  Loss/giou: 0.25836  ,  Loss/l1: 0.01841  ,  Loss/location: 0.30379  ,  pro_loss: 0.08272  ,  IoU: 0.76228
[train: Epoch 22, 250 / 625] FPS: 108.4 (108.9)  ,  DataTime: 0.006 (0.007)  ,  ForwardTime: 0.282  ,  TotalTime: 0.295  ,  Loss/total: 0.93205  ,  Loss/giou: 0.25896  ,  Loss/l1: 0.01846  ,  Loss/location: 0.30552  ,  pro_loss: 0.08151  ,  IoU: 0.76123
[train: Epoch 22, 300 / 625] FPS: 108.6 (109.2)  ,  DataTime: 0.006 (0.007)  ,  ForwardTime: 0.282  ,  TotalTime: 0.295  ,  Loss/total: 0.93974  ,  Loss/giou: 0.26018  ,  Loss/l1: 0.01882  ,  Loss/location: 0.30896  ,  pro_loss: 0.08161  ,  IoU: 0.76057
[train: Epoch 22, 350 / 625] FPS: 108.7 (109.5)  ,  DataTime: 0.006 (0.007)  ,  ForwardTime: 0.282  ,  TotalTime: 0.294  ,  Loss/total: 0.93640  ,  Loss/giou: 0.25881  ,  Loss/l1: 0.01859  ,  Loss/location: 0.30963  ,  pro_loss: 0.08096  ,  IoU: 0.76151
[train: Epoch 22, 400 / 625] FPS: 108.7 (109.2)  ,  DataTime: 0.006 (0.007)  ,  ForwardTime: 0.282  ,  TotalTime: 0.294  ,  Loss/total: 0.93331  ,  Loss/giou: 0.25828  ,  Loss/l1: 0.01855  ,  Loss/location: 0.30773  ,  pro_loss: 0.08136  ,  IoU: 0.76182
[train: Epoch 22, 450 / 625] FPS: 108.8 (109.2)  ,  DataTime: 0.006 (0.007)  ,  ForwardTime: 0.282  ,  TotalTime: 0.294  ,  Loss/total: 0.93494  ,  Loss/giou: 0.25808  ,  Loss/l1: 0.01858  ,  Loss/location: 0.30962  ,  pro_loss: 0.08130  ,  IoU: 0.76202
[train: Epoch 22, 500 / 625] FPS: 108.8 (109.6)  ,  DataTime: 0.005 (0.007)  ,  ForwardTime: 0.282  ,  TotalTime: 0.294  ,  Loss/total: 0.93720  ,  Loss/giou: 0.25862  ,  Loss/l1: 0.01873  ,  Loss/location: 0.31001  ,  pro_loss: 0.08136  ,  IoU: 0.76160
[train: Epoch 22, 550 / 625] FPS: 108.9 (109.0)  ,  DataTime: 0.005 (0.007)  ,  ForwardTime: 0.282  ,  TotalTime: 0.294  ,  Loss/total: 0.93301  ,  Loss/giou: 0.25750  ,  Loss/l1: 0.01856  ,  Loss/location: 0.30890  ,  pro_loss: 0.08159  ,  IoU: 0.76239
[train: Epoch 22, 600 / 625] FPS: 108.9 (108.8)  ,  DataTime: 0.005 (0.007)  ,  ForwardTime: 0.282  ,  TotalTime: 0.294  ,  Loss/total: 0.93155  ,  Loss/giou: 0.25687  ,  Loss/l1: 0.01850  ,  Loss/location: 0.30891  ,  pro_loss: 0.08199  ,  IoU: 0.76295
[train: Epoch 22, 625 / 625] FPS: 108.9 (110.0)  ,  DataTime: 0.005 (0.007)  ,  ForwardTime: 0.282  ,  TotalTime: 0.294  ,  Loss/total: 0.93215  ,  Loss/giou: 0.25674  ,  Loss/l1: 0.01852  ,  Loss/location: 0.30961  ,  pro_loss: 0.08215  ,  IoU: 0.76308
[train: Epoch 23, 50 / 625] FPS: 104.9 (109.1)  ,  DataTime: 0.016 (0.007)  ,  ForwardTime: 0.282  ,  TotalTime: 0.305  ,  Loss/total: 0.89620  ,  Loss/giou: 0.24996  ,  Loss/l1: 0.01756  ,  Loss/location: 0.29205  ,  pro_loss: 0.08229  ,  IoU: 0.76870
[train: Epoch 23, 100 / 625] FPS: 107.0 (109.3)  ,  DataTime: 0.010 (0.007)  ,  ForwardTime: 0.282  ,  TotalTime: 0.299  ,  Loss/total: 0.91559  ,  Loss/giou: 0.25403  ,  Loss/l1: 0.01822  ,  Loss/location: 0.30021  ,  pro_loss: 0.08105  ,  IoU: 0.76546
[train: Epoch 23, 150 / 625] FPS: 107.8 (109.5)  ,  DataTime: 0.008 (0.007)  ,  ForwardTime: 0.282  ,  TotalTime: 0.297  ,  Loss/total: 0.92343  ,  Loss/giou: 0.25773  ,  Loss/l1: 0.01874  ,  Loss/location: 0.29839  ,  pro_loss: 0.07940  ,  IoU: 0.76332
[train: Epoch 23, 200 / 625] FPS: 108.1 (109.2)  ,  DataTime: 0.007 (0.007)  ,  ForwardTime: 0.282  ,  TotalTime: 0.296  ,  Loss/total: 0.92877  ,  Loss/giou: 0.25727  ,  Loss/l1: 0.01887  ,  Loss/location: 0.30401  ,  pro_loss: 0.07939  ,  IoU: 0.76366
[train: Epoch 23, 250 / 625] FPS: 108.4 (109.3)  ,  DataTime: 0.007 (0.007)  ,  ForwardTime: 0.282  ,  TotalTime: 0.295  ,  Loss/total: 0.92310  ,  Loss/giou: 0.25513  ,  Loss/l1: 0.01859  ,  Loss/location: 0.30391  ,  pro_loss: 0.07989  ,  IoU: 0.76505
[train: Epoch 23, 300 / 625] FPS: 108.5 (109.2)  ,  DataTime: 0.006 (0.007)  ,  ForwardTime: 0.282  ,  TotalTime: 0.295  ,  Loss/total: 0.91695  ,  Loss/giou: 0.25378  ,  Loss/l1: 0.01834  ,  Loss/location: 0.30165  ,  pro_loss: 0.08012  ,  IoU: 0.76598
[train: Epoch 23, 350 / 625] FPS: 108.6 (109.7)  ,  DataTime: 0.006 (0.006)  ,  ForwardTime: 0.282  ,  TotalTime: 0.295  ,  Loss/total: 0.91744  ,  Loss/giou: 0.25365  ,  Loss/l1: 0.01832  ,  Loss/location: 0.30232  ,  pro_loss: 0.08114  ,  IoU: 0.76620
[train: Epoch 23, 400 / 625] FPS: 108.7 (109.3)  ,  DataTime: 0.006 (0.006)  ,  ForwardTime: 0.282  ,  TotalTime: 0.294  ,  Loss/total: 0.91846  ,  Loss/giou: 0.25294  ,  Loss/l1: 0.01835  ,  Loss/location: 0.30466  ,  pro_loss: 0.08092  ,  IoU: 0.76685
[train: Epoch 23, 450 / 625] FPS: 108.8 (109.2)  ,  DataTime: 0.006 (0.006)  ,  ForwardTime: 0.282  ,  TotalTime: 0.294  ,  Loss/total: 0.91842  ,  Loss/giou: 0.25263  ,  Loss/l1: 0.01835  ,  Loss/location: 0.30529  ,  pro_loss: 0.08068  ,  IoU: 0.76699
[train: Epoch 23, 500 / 625] FPS: 108.8 (109.7)  ,  DataTime: 0.006 (0.006)  ,  ForwardTime: 0.282  ,  TotalTime: 0.294  ,  Loss/total: 0.92163  ,  Loss/giou: 0.25337  ,  Loss/l1: 0.01848  ,  Loss/location: 0.30637  ,  pro_loss: 0.08074  ,  IoU: 0.76643
[train: Epoch 23, 550 / 625] FPS: 108.9 (109.3)  ,  DataTime: 0.006 (0.006)  ,  ForwardTime: 0.282  ,  TotalTime: 0.294  ,  Loss/total: 0.92069  ,  Loss/giou: 0.25308  ,  Loss/l1: 0.01842  ,  Loss/location: 0.30622  ,  pro_loss: 0.08113  ,  IoU: 0.76659
[train: Epoch 23, 600 / 625] FPS: 108.9 (109.2)  ,  DataTime: 0.005 (0.006)  ,  ForwardTime: 0.282  ,  TotalTime: 0.294  ,  Loss/total: 0.92190  ,  Loss/giou: 0.25302  ,  Loss/l1: 0.01839  ,  Loss/location: 0.30767  ,  pro_loss: 0.08114  ,  IoU: 0.76655
[train: Epoch 23, 625 / 625] FPS: 108.9 (110.1)  ,  DataTime: 0.005 (0.006)  ,  ForwardTime: 0.282  ,  TotalTime: 0.294  ,  Loss/total: 0.92167  ,  Loss/giou: 0.25294  ,  Loss/l1: 0.01838  ,  Loss/location: 0.30767  ,  pro_loss: 0.08111  ,  IoU: 0.76667
[train: Epoch 24, 50 / 625] FPS: 105.1 (109.5)  ,  DataTime: 0.016 (0.007)  ,  ForwardTime: 0.282  ,  TotalTime: 0.304  ,  Loss/total: 0.86826  ,  Loss/giou: 0.24209  ,  Loss/l1: 0.01695  ,  Loss/location: 0.28377  ,  pro_loss: 0.07771  ,  IoU: 0.77536
[train: Epoch 24, 100 / 625] FPS: 107.2 (109.5)  ,  DataTime: 0.010 (0.007)  ,  ForwardTime: 0.282  ,  TotalTime: 0.299  ,  Loss/total: 0.90009  ,  Loss/giou: 0.24779  ,  Loss/l1: 0.01749  ,  Loss/location: 0.30130  ,  pro_loss: 0.07897  ,  IoU: 0.77076
[train: Epoch 24, 150 / 625] FPS: 107.9 (109.1)  ,  DataTime: 0.008 (0.007)  ,  ForwardTime: 0.282  ,  TotalTime: 0.297  ,  Loss/total: 0.90130  ,  Loss/giou: 0.24853  ,  Loss/l1: 0.01759  ,  Loss/location: 0.30011  ,  pro_loss: 0.08098  ,  IoU: 0.77009
[train: Epoch 24, 200 / 625] FPS: 108.2 (109.4)  ,  DataTime: 0.007 (0.007)  ,  ForwardTime: 0.282  ,  TotalTime: 0.296  ,  Loss/total: 0.89709  ,  Loss/giou: 0.24767  ,  Loss/l1: 0.01739  ,  Loss/location: 0.29844  ,  pro_loss: 0.08167  ,  IoU: 0.77072
[train: Epoch 24, 250 / 625] FPS: 108.5 (109.8)  ,  DataTime: 0.007 (0.007)  ,  ForwardTime: 0.282  ,  TotalTime: 0.295  ,  Loss/total: 0.89693  ,  Loss/giou: 0.24758  ,  Loss/l1: 0.01738  ,  Loss/location: 0.29855  ,  pro_loss: 0.08151  ,  IoU: 0.77064
[train: Epoch 24, 300 / 625] FPS: 108.6 (108.1)  ,  DataTime: 0.006 (0.007)  ,  ForwardTime: 0.282  ,  TotalTime: 0.295  ,  Loss/total: 0.90007  ,  Loss/giou: 0.24731  ,  Loss/l1: 0.01746  ,  Loss/location: 0.30183  ,  pro_loss: 0.08175  ,  IoU: 0.77059
[train: Epoch 24, 350 / 625] FPS: 108.7 (109.4)  ,  DataTime: 0.006 (0.007)  ,  ForwardTime: 0.282  ,  TotalTime: 0.294  ,  Loss/total: 0.90325  ,  Loss/giou: 0.24812  ,  Loss/l1: 0.01768  ,  Loss/location: 0.30242  ,  pro_loss: 0.08093  ,  IoU: 0.77021
[train: Epoch 24, 400 / 625] FPS: 108.7 (109.3)  ,  DataTime: 0.006 (0.007)  ,  ForwardTime: 0.282  ,  TotalTime: 0.294  ,  Loss/total: 0.90066  ,  Loss/giou: 0.24772  ,  Loss/l1: 0.01752  ,  Loss/location: 0.30138  ,  pro_loss: 0.08111  ,  IoU: 0.77038
[train: Epoch 24, 450 / 625] FPS: 108.8 (109.1)  ,  DataTime: 0.006 (0.007)  ,  ForwardTime: 0.282  ,  TotalTime: 0.294  ,  Loss/total: 0.90457  ,  Loss/giou: 0.24882  ,  Loss/l1: 0.01766  ,  Loss/location: 0.30237  ,  pro_loss: 0.08133  ,  IoU: 0.76953
[train: Epoch 24, 500 / 625] FPS: 108.8 (108.8)  ,  DataTime: 0.006 (0.007)  ,  ForwardTime: 0.282  ,  TotalTime: 0.294  ,  Loss/total: 0.90522  ,  Loss/giou: 0.24882  ,  Loss/l1: 0.01759  ,  Loss/location: 0.30347  ,  pro_loss: 0.08091  ,  IoU: 0.76954
[train: Epoch 24, 550 / 625] FPS: 108.9 (109.0)  ,  DataTime: 0.005 (0.007)  ,  ForwardTime: 0.282  ,  TotalTime: 0.294  ,  Loss/total: 0.90566  ,  Loss/giou: 0.24899  ,  Loss/l1: 0.01761  ,  Loss/location: 0.30344  ,  pro_loss: 0.08107  ,  IoU: 0.76938
[train: Epoch 24, 600 / 625] FPS: 108.9 (109.5)  ,  DataTime: 0.005 (0.007)  ,  ForwardTime: 0.282  ,  TotalTime: 0.294  ,  Loss/total: 0.90977  ,  Loss/giou: 0.24980  ,  Loss/l1: 0.01780  ,  Loss/location: 0.30490  ,  pro_loss: 0.08143  ,  IoU: 0.76884
[train: Epoch 24, 625 / 625] FPS: 108.9 (109.7)  ,  DataTime: 0.005 (0.007)  ,  ForwardTime: 0.282  ,  TotalTime: 0.294  ,  Loss/total: 0.90953  ,  Loss/giou: 0.24992  ,  Loss/l1: 0.01779  ,  Loss/location: 0.30446  ,  pro_loss: 0.08148  ,  IoU: 0.76873
[train: Epoch 25, 50 / 625] FPS: 105.2 (109.3)  ,  DataTime: 0.016 (0.007)  ,  ForwardTime: 0.282  ,  TotalTime: 0.304  ,  Loss/total: 0.91770  ,  Loss/giou: 0.25196  ,  Loss/l1: 0.01903  ,  Loss/location: 0.30298  ,  pro_loss: 0.07813  ,  IoU: 0.76834
[train: Epoch 25, 100 / 625] FPS: 107.2 (109.9)  ,  DataTime: 0.010 (0.007)  ,  ForwardTime: 0.282  ,  TotalTime: 0.299  ,  Loss/total: 0.90210  ,  Loss/giou: 0.25019  ,  Loss/l1: 0.01845  ,  Loss/location: 0.29358  ,  pro_loss: 0.07948  ,  IoU: 0.76904
[train: Epoch 25, 150 / 625] FPS: 107.9 (109.4)  ,  DataTime: 0.008 (0.007)  ,  ForwardTime: 0.282  ,  TotalTime: 0.297  ,  Loss/total: 0.89823  ,  Loss/giou: 0.24838  ,  Loss/l1: 0.01799  ,  Loss/location: 0.29558  ,  pro_loss: 0.07966  ,  IoU: 0.77039
[train: Epoch 25, 200 / 625] FPS: 108.2 (109.1)  ,  DataTime: 0.007 (0.007)  ,  ForwardTime: 0.282  ,  TotalTime: 0.296  ,  Loss/total: 0.89751  ,  Loss/giou: 0.24805  ,  Loss/l1: 0.01810  ,  Loss/location: 0.29478  ,  pro_loss: 0.08063  ,  IoU: 0.77088
[train: Epoch 25, 250 / 625] FPS: 108.4 (109.7)  ,  DataTime: 0.007 (0.007)  ,  ForwardTime: 0.282  ,  TotalTime: 0.295  ,  Loss/total: 0.90308  ,  Loss/giou: 0.24917  ,  Loss/l1: 0.01827  ,  Loss/location: 0.29715  ,  pro_loss: 0.08105  ,  IoU: 0.77022
[train: Epoch 25, 300 / 625] FPS: 108.6 (108.9)  ,  DataTime: 0.006 (0.007)  ,  ForwardTime: 0.282  ,  TotalTime: 0.295  ,  Loss/total: 0.89738  ,  Loss/giou: 0.24810  ,  Loss/l1: 0.01799  ,  Loss/location: 0.29522  ,  pro_loss: 0.08015  ,  IoU: 0.77072
[train: Epoch 25, 350 / 625] FPS: 108.7 (109.5)  ,  DataTime: 0.006 (0.007)  ,  ForwardTime: 0.282  ,  TotalTime: 0.294  ,  Loss/total: 0.89469  ,  Loss/giou: 0.24778  ,  Loss/l1: 0.01789  ,  Loss/location: 0.29358  ,  pro_loss: 0.08061  ,  IoU: 0.77101
[train: Epoch 25, 400 / 625] FPS: 108.7 (109.5)  ,  DataTime: 0.006 (0.007)  ,  ForwardTime: 0.282  ,  TotalTime: 0.294  ,  Loss/total: 0.89416  ,  Loss/giou: 0.24713  ,  Loss/l1: 0.01774  ,  Loss/location: 0.29491  ,  pro_loss: 0.08139  ,  IoU: 0.77153
[train: Epoch 25, 450 / 625] FPS: 108.8 (109.0)  ,  DataTime: 0.006 (0.007)  ,  ForwardTime: 0.282  ,  TotalTime: 0.294  ,  Loss/total: 0.89240  ,  Loss/giou: 0.24636  ,  Loss/l1: 0.01764  ,  Loss/location: 0.29524  ,  pro_loss: 0.08119  ,  IoU: 0.77212
[train: Epoch 25, 500 / 625] FPS: 108.8 (108.2)  ,  DataTime: 0.005 (0.007)  ,  ForwardTime: 0.282  ,  TotalTime: 0.294  ,  Loss/total: 0.89235  ,  Loss/giou: 0.24586  ,  Loss/l1: 0.01757  ,  Loss/location: 0.29641  ,  pro_loss: 0.08178  ,  IoU: 0.77270
[train: Epoch 25, 550 / 625] FPS: 108.9 (109.2)  ,  DataTime: 0.005 (0.007)  ,  ForwardTime: 0.282  ,  TotalTime: 0.294  ,  Loss/total: 0.89279  ,  Loss/giou: 0.24561  ,  Loss/l1: 0.01751  ,  Loss/location: 0.29775  ,  pro_loss: 0.08126  ,  IoU: 0.77286
[train: Epoch 25, 600 / 625] FPS: 108.9 (108.8)  ,  DataTime: 0.005 (0.007)  ,  ForwardTime: 0.282  ,  TotalTime: 0.294  ,  Loss/total: 0.89193  ,  Loss/giou: 0.24532  ,  Loss/l1: 0.01745  ,  Loss/location: 0.29770  ,  pro_loss: 0.08169  ,  IoU: 0.77301
[train: Epoch 25, 625 / 625] FPS: 108.9 (108.9)  ,  DataTime: 0.005 (0.007)  ,  ForwardTime: 0.282  ,  TotalTime: 0.294  ,  Loss/total: 0.89002  ,  Loss/giou: 0.24511  ,  Loss/l1: 0.01739  ,  Loss/location: 0.29651  ,  pro_loss: 0.08184  ,  IoU: 0.77314
[val: Epoch 25, 50 / 156] FPS: 207.7 (227.1)  ,  DataTime: 0.017 (0.007)  ,  ForwardTime: 0.130  ,  TotalTime: 0.154  ,  Loss/total: 0.86859  ,  Loss/giou: 0.22330  ,  Loss/l1: 0.01602  ,  Loss/location: 0.34191  ,  pro_loss: 0.00000  ,  IoU: 0.79118
[val: Epoch 25, 100 / 156] FPS: 217.0 (227.4)  ,  DataTime: 0.011 (0.007)  ,  ForwardTime: 0.130  ,  TotalTime: 0.147  ,  Loss/total: 0.86908  ,  Loss/giou: 0.22367  ,  Loss/l1: 0.01706  ,  Loss/location: 0.33645  ,  pro_loss: 0.00000  ,  IoU: 0.79235
[val: Epoch 25, 150 / 156] FPS: 220.2 (228.7)  ,  DataTime: 0.009 (0.006)  ,  ForwardTime: 0.130  ,  TotalTime: 0.145  ,  Loss/total: 0.85972  ,  Loss/giou: 0.22124  ,  Loss/l1: 0.01675  ,  Loss/location: 0.33348  ,  pro_loss: 0.00000  ,  IoU: 0.79428
[val: Epoch 25, 156 / 156] FPS: 220.5 (231.0)  ,  DataTime: 0.008 (0.006)  ,  ForwardTime: 0.130  ,  TotalTime: 0.145  ,  Loss/total: 0.85964  ,  Loss/giou: 0.22134  ,  Loss/l1: 0.01684  ,  Loss/location: 0.33278  ,  pro_loss: 0.00000  ,  IoU: 0.79431
[train: Epoch 26, 50 / 625] FPS: 105.1 (109.5)  ,  DataTime: 0.016 (0.006)  ,  ForwardTime: 0.282  ,  TotalTime: 0.304  ,  Loss/total: 0.90723  ,  Loss/giou: 0.24607  ,  Loss/l1: 0.01778  ,  Loss/location: 0.30997  ,  pro_loss: 0.08105  ,  IoU: 0.77272
[train: Epoch 26, 100 / 625] FPS: 107.2 (109.2)  ,  DataTime: 0.010 (0.006)  ,  ForwardTime: 0.282  ,  TotalTime: 0.299  ,  Loss/total: 0.90684  ,  Loss/giou: 0.24772  ,  Loss/l1: 0.01801  ,  Loss/location: 0.30542  ,  pro_loss: 0.07980  ,  IoU: 0.77146
[train: Epoch 26, 150 / 625] FPS: 107.9 (109.2)  ,  DataTime: 0.008 (0.006)  ,  ForwardTime: 0.282  ,  TotalTime: 0.297  ,  Loss/total: 0.89600  ,  Loss/giou: 0.24676  ,  Loss/l1: 0.01755  ,  Loss/location: 0.29873  ,  pro_loss: 0.08001  ,  IoU: 0.77189
[train: Epoch 26, 200 / 625] FPS: 108.3 (109.4)  ,  DataTime: 0.007 (0.006)  ,  ForwardTime: 0.282  ,  TotalTime: 0.296  ,  Loss/total: 0.89412  ,  Loss/giou: 0.24602  ,  Loss/l1: 0.01755  ,  Loss/location: 0.29819  ,  pro_loss: 0.08068  ,  IoU: 0.77250
[train: Epoch 26, 250 / 625] FPS: 108.5 (109.6)  ,  DataTime: 0.007 (0.006)  ,  ForwardTime: 0.282  ,  TotalTime: 0.295  ,  Loss/total: 0.89162  ,  Loss/giou: 0.24486  ,  Loss/l1: 0.01744  ,  Loss/location: 0.29872  ,  pro_loss: 0.07992  ,  IoU: 0.77337
[train: Epoch 26, 300 / 625] FPS: 108.6 (109.3)  ,  DataTime: 0.006 (0.006)  ,  ForwardTime: 0.282  ,  TotalTime: 0.295  ,  Loss/total: 0.89397  ,  Loss/giou: 0.24564  ,  Loss/l1: 0.01747  ,  Loss/location: 0.29928  ,  pro_loss: 0.08039  ,  IoU: 0.77264
[train: Epoch 26, 350 / 625] FPS: 108.7 (109.2)  ,  DataTime: 0.006 (0.006)  ,  ForwardTime: 0.282  ,  TotalTime: 0.294  ,  Loss/total: 0.89810  ,  Loss/giou: 0.24643  ,  Loss/l1: 0.01765  ,  Loss/location: 0.30085  ,  pro_loss: 0.08063  ,  IoU: 0.77224
[train: Epoch 26, 400 / 625] FPS: 108.8 (109.5)  ,  DataTime: 0.006 (0.006)  ,  ForwardTime: 0.282  ,  TotalTime: 0.294  ,  Loss/total: 0.90041  ,  Loss/giou: 0.24777  ,  Loss/l1: 0.01775  ,  Loss/location: 0.29994  ,  pro_loss: 0.08094  ,  IoU: 0.77128
[train: Epoch 26, 450 / 625] FPS: 108.8 (109.6)  ,  DataTime: 0.006 (0.006)  ,  ForwardTime: 0.282  ,  TotalTime: 0.294  ,  Loss/total: 0.90104  ,  Loss/giou: 0.24746  ,  Loss/l1: 0.01776  ,  Loss/location: 0.30110  ,  pro_loss: 0.08100  ,  IoU: 0.77168
[train: Epoch 26, 500 / 625] FPS: 108.8 (109.2)  ,  DataTime: 0.006 (0.006)  ,  ForwardTime: 0.282  ,  TotalTime: 0.294  ,  Loss/total: 0.90164  ,  Loss/giou: 0.24783  ,  Loss/l1: 0.01777  ,  Loss/location: 0.30092  ,  pro_loss: 0.08113  ,  IoU: 0.77131
[train: Epoch 26, 550 / 625] FPS: 108.9 (109.5)  ,  DataTime: 0.005 (0.006)  ,  ForwardTime: 0.282  ,  TotalTime: 0.294  ,  Loss/total: 0.89896  ,  Loss/giou: 0.24729  ,  Loss/l1: 0.01773  ,  Loss/location: 0.29961  ,  pro_loss: 0.08067  ,  IoU: 0.77167
[train: Epoch 26, 600 / 625] FPS: 108.9 (109.1)  ,  DataTime: 0.005 (0.006)  ,  ForwardTime: 0.282  ,  TotalTime: 0.294  ,  Loss/total: 0.90172  ,  Loss/giou: 0.24751  ,  Loss/l1: 0.01776  ,  Loss/location: 0.30164  ,  pro_loss: 0.08132  ,  IoU: 0.77154
[train: Epoch 26, 625 / 625] FPS: 108.9 (109.5)  ,  DataTime: 0.005 (0.006)  ,  ForwardTime: 0.282  ,  TotalTime: 0.294  ,  Loss/total: 0.90005  ,  Loss/giou: 0.24687  ,  Loss/l1: 0.01767  ,  Loss/location: 0.30169  ,  pro_loss: 0.08139  ,  IoU: 0.77198
[train: Epoch 27, 50 / 625] FPS: 104.8 (109.3)  ,  DataTime: 0.016 (0.007)  ,  ForwardTime: 0.282  ,  TotalTime: 0.305  ,  Loss/total: 0.93151  ,  Loss/giou: 0.25058  ,  Loss/l1: 0.01884  ,  Loss/location: 0.32012  ,  pro_loss: 0.08021  ,  IoU: 0.77078
[train: Epoch 27, 100 / 625] FPS: 107.0 (109.7)  ,  DataTime: 0.010 (0.007)  ,  ForwardTime: 0.282  ,  TotalTime: 0.299  ,  Loss/total: 0.90416  ,  Loss/giou: 0.24703  ,  Loss/l1: 0.01791  ,  Loss/location: 0.30504  ,  pro_loss: 0.07761  ,  IoU: 0.77289
[train: Epoch 27, 150 / 625] FPS: 107.7 (109.5)  ,  DataTime: 0.008 (0.007)  ,  ForwardTime: 0.282  ,  TotalTime: 0.297  ,  Loss/total: 0.90195  ,  Loss/giou: 0.24675  ,  Loss/l1: 0.01788  ,  Loss/location: 0.30310  ,  pro_loss: 0.07987  ,  IoU: 0.77303
[train: Epoch 27, 200 / 625] FPS: 108.1 (109.6)  ,  DataTime: 0.007 (0.007)  ,  ForwardTime: 0.282  ,  TotalTime: 0.296  ,  Loss/total: 0.89517  ,  Loss/giou: 0.24520  ,  Loss/l1: 0.01784  ,  Loss/location: 0.29941  ,  pro_loss: 0.08089  ,  IoU: 0.77430
[train: Epoch 27, 250 / 625] FPS: 108.3 (109.5)  ,  DataTime: 0.007 (0.007)  ,  ForwardTime: 0.282  ,  TotalTime: 0.295  ,  Loss/total: 0.88609  ,  Loss/giou: 0.24317  ,  Loss/l1: 0.01755  ,  Loss/location: 0.29587  ,  pro_loss: 0.08067  ,  IoU: 0.77535
[train: Epoch 27, 300 / 625] FPS: 108.5 (108.9)  ,  DataTime: 0.006 (0.007)  ,  ForwardTime: 0.282  ,  TotalTime: 0.295  ,  Loss/total: 0.88777  ,  Loss/giou: 0.24397  ,  Loss/l1: 0.01777  ,  Loss/location: 0.29483  ,  pro_loss: 0.08068  ,  IoU: 0.77468
[train: Epoch 27, 350 / 625] FPS: 108.6 (109.0)  ,  DataTime: 0.006 (0.007)  ,  ForwardTime: 0.282  ,  TotalTime: 0.295  ,  Loss/total: 0.88219  ,  Loss/giou: 0.24366  ,  Loss/l1: 0.01768  ,  Loss/location: 0.29038  ,  pro_loss: 0.08037  ,  IoU: 0.77514
[train: Epoch 27, 400 / 625] FPS: 108.7 (109.1)  ,  DataTime: 0.006 (0.007)  ,  ForwardTime: 0.282  ,  TotalTime: 0.294  ,  Loss/total: 0.88571  ,  Loss/giou: 0.24426  ,  Loss/l1: 0.01773  ,  Loss/location: 0.29239  ,  pro_loss: 0.08064  ,  IoU: 0.77459
[train: Epoch 27, 450 / 625] FPS: 108.7 (109.4)  ,  DataTime: 0.006 (0.007)  ,  ForwardTime: 0.282  ,  TotalTime: 0.294  ,  Loss/total: 0.88618  ,  Loss/giou: 0.24491  ,  Loss/l1: 0.01780  ,  Loss/location: 0.29126  ,  pro_loss: 0.08050  ,  IoU: 0.77404
[train: Epoch 27, 500 / 625] FPS: 108.8 (108.8)  ,  DataTime: 0.006 (0.007)  ,  ForwardTime: 0.282  ,  TotalTime: 0.294  ,  Loss/total: 0.88725  ,  Loss/giou: 0.24473  ,  Loss/l1: 0.01775  ,  Loss/location: 0.29293  ,  pro_loss: 0.08055  ,  IoU: 0.77418
[train: Epoch 27, 550 / 625] FPS: 108.8 (109.4)  ,  DataTime: 0.005 (0.007)  ,  ForwardTime: 0.282  ,  TotalTime: 0.294  ,  Loss/total: 0.88853  ,  Loss/giou: 0.24489  ,  Loss/l1: 0.01776  ,  Loss/location: 0.29379  ,  pro_loss: 0.08073  ,  IoU: 0.77409
[train: Epoch 27, 600 / 625] FPS: 108.9 (109.3)  ,  DataTime: 0.005 (0.007)  ,  ForwardTime: 0.282  ,  TotalTime: 0.294  ,  Loss/total: 0.88663  ,  Loss/giou: 0.24467  ,  Loss/l1: 0.01772  ,  Loss/location: 0.29257  ,  pro_loss: 0.08062  ,  IoU: 0.77432
[train: Epoch 27, 625 / 625] FPS: 108.9 (109.2)  ,  DataTime: 0.005 (0.007)  ,  ForwardTime: 0.282  ,  TotalTime: 0.294  ,  Loss/total: 0.88845  ,  Loss/giou: 0.24497  ,  Loss/l1: 0.01780  ,  Loss/location: 0.29337  ,  pro_loss: 0.08078  ,  IoU: 0.77413
[train: Epoch 28, 50 / 625] FPS: 105.5 (109.8)  ,  DataTime: 0.015 (0.007)  ,  ForwardTime: 0.282  ,  TotalTime: 0.303  ,  Loss/total: 0.89987  ,  Loss/giou: 0.24659  ,  Loss/l1: 0.01767  ,  Loss/location: 0.30171  ,  pro_loss: 0.08313  ,  IoU: 0.77197
[train: Epoch 28, 100 / 625] FPS: 107.4 (109.4)  ,  DataTime: 0.010 (0.007)  ,  ForwardTime: 0.282  ,  TotalTime: 0.298  ,  Loss/total: 0.87064  ,  Loss/giou: 0.24034  ,  Loss/l1: 0.01673  ,  Loss/location: 0.29026  ,  pro_loss: 0.08031  ,  IoU: 0.77666
[train: Epoch 28, 150 / 625] FPS: 108.0 (109.9)  ,  DataTime: 0.008 (0.007)  ,  ForwardTime: 0.282  ,  TotalTime: 0.296  ,  Loss/total: 0.86570  ,  Loss/giou: 0.23880  ,  Loss/l1: 0.01658  ,  Loss/location: 0.28889  ,  pro_loss: 0.08153  ,  IoU: 0.77767
[train: Epoch 28, 200 / 625] FPS: 108.3 (109.7)  ,  DataTime: 0.007 (0.007)  ,  ForwardTime: 0.282  ,  TotalTime: 0.295  ,  Loss/total: 0.86254  ,  Loss/giou: 0.23817  ,  Loss/l1: 0.01665  ,  Loss/location: 0.28669  ,  pro_loss: 0.08130  ,  IoU: 0.77829
[train: Epoch 28, 250 / 625] FPS: 108.5 (108.8)  ,  DataTime: 0.006 (0.007)  ,  ForwardTime: 0.282  ,  TotalTime: 0.295  ,  Loss/total: 0.86154  ,  Loss/giou: 0.23801  ,  Loss/l1: 0.01657  ,  Loss/location: 0.28639  ,  pro_loss: 0.08153  ,  IoU: 0.77846
[train: Epoch 28, 300 / 625] FPS: 108.7 (109.3)  ,  DataTime: 0.006 (0.007)  ,  ForwardTime: 0.282  ,  TotalTime: 0.295  ,  Loss/total: 0.86171  ,  Loss/giou: 0.23736  ,  Loss/l1: 0.01647  ,  Loss/location: 0.28831  ,  pro_loss: 0.08159  ,  IoU: 0.77912
[train: Epoch 28, 350 / 625] FPS: 108.7 (108.9)  ,  DataTime: 0.006 (0.007)  ,  ForwardTime: 0.282  ,  TotalTime: 0.294  ,  Loss/total: 0.86763  ,  Loss/giou: 0.23860  ,  Loss/l1: 0.01666  ,  Loss/location: 0.29092  ,  pro_loss: 0.08118  ,  IoU: 0.77821
[train: Epoch 28, 400 / 625] FPS: 108.8 (109.3)  ,  DataTime: 0.006 (0.007)  ,  ForwardTime: 0.282  ,  TotalTime: 0.294  ,  Loss/total: 0.86595  ,  Loss/giou: 0.23858  ,  Loss/l1: 0.01663  ,  Loss/location: 0.28945  ,  pro_loss: 0.08083  ,  IoU: 0.77820
[train: Epoch 28, 450 / 625] FPS: 108.9 (109.6)  ,  DataTime: 0.006 (0.007)  ,  ForwardTime: 0.282  ,  TotalTime: 0.294  ,  Loss/total: 0.86794  ,  Loss/giou: 0.23894  ,  Loss/l1: 0.01669  ,  Loss/location: 0.29052  ,  pro_loss: 0.08039  ,  IoU: 0.77798
[train: Epoch 28, 500 / 625] FPS: 108.9 (109.3)  ,  DataTime: 0.005 (0.007)  ,  ForwardTime: 0.282  ,  TotalTime: 0.294  ,  Loss/total: 0.86701  ,  Loss/giou: 0.23868  ,  Loss/l1: 0.01663  ,  Loss/location: 0.29047  ,  pro_loss: 0.08022  ,  IoU: 0.77815
[train: Epoch 28, 550 / 625] FPS: 108.9 (109.3)  ,  DataTime: 0.005 (0.007)  ,  ForwardTime: 0.282  ,  TotalTime: 0.294  ,  Loss/total: 0.86302  ,  Loss/giou: 0.23767  ,  Loss/l1: 0.01653  ,  Loss/location: 0.28905  ,  pro_loss: 0.07998  ,  IoU: 0.77889
[train: Epoch 28, 600 / 625] FPS: 109.0 (109.1)  ,  DataTime: 0.005 (0.007)  ,  ForwardTime: 0.282  ,  TotalTime: 0.294  ,  Loss/total: 0.85994  ,  Loss/giou: 0.23686  ,  Loss/l1: 0.01642  ,  Loss/location: 0.28812  ,  pro_loss: 0.08003  ,  IoU: 0.77942
[train: Epoch 28, 625 / 625] FPS: 109.0 (109.5)  ,  DataTime: 0.005 (0.007)  ,  ForwardTime: 0.282  ,  TotalTime: 0.294  ,  Loss/total: 0.86033  ,  Loss/giou: 0.23684  ,  Loss/l1: 0.01642  ,  Loss/location: 0.28855  ,  pro_loss: 0.07993  ,  IoU: 0.77947
[train: Epoch 29, 50 / 625] FPS: 104.6 (109.5)  ,  DataTime: 0.017 (0.007)  ,  ForwardTime: 0.282  ,  TotalTime: 0.306  ,  Loss/total: 0.86883  ,  Loss/giou: 0.24227  ,  Loss/l1: 0.01713  ,  Loss/location: 0.28249  ,  pro_loss: 0.08063  ,  IoU: 0.77624
[train: Epoch 29, 100 / 625] FPS: 106.9 (108.9)  ,  DataTime: 0.011 (0.007)  ,  ForwardTime: 0.282  ,  TotalTime: 0.299  ,  Loss/total: 0.85721  ,  Loss/giou: 0.23726  ,  Loss/l1: 0.01679  ,  Loss/location: 0.28304  ,  pro_loss: 0.07854  ,  IoU: 0.78053
[train: Epoch 29, 150 / 625] FPS: 107.7 (109.1)  ,  DataTime: 0.009 (0.007)  ,  ForwardTime: 0.282  ,  TotalTime: 0.297  ,  Loss/total: 0.86073  ,  Loss/giou: 0.23649  ,  Loss/l1: 0.01668  ,  Loss/location: 0.28841  ,  pro_loss: 0.07979  ,  IoU: 0.78031
[train: Epoch 29, 200 / 625] FPS: 108.1 (109.1)  ,  DataTime: 0.008 (0.007)  ,  ForwardTime: 0.282  ,  TotalTime: 0.296  ,  Loss/total: 0.86392  ,  Loss/giou: 0.23625  ,  Loss/l1: 0.01676  ,  Loss/location: 0.29140  ,  pro_loss: 0.08110  ,  IoU: 0.78084
[train: Epoch 29, 250 / 625] FPS: 108.3 (109.3)  ,  DataTime: 0.007 (0.007)  ,  ForwardTime: 0.282  ,  TotalTime: 0.296  ,  Loss/total: 0.86346  ,  Loss/giou: 0.23580  ,  Loss/l1: 0.01659  ,  Loss/location: 0.29284  ,  pro_loss: 0.08017  ,  IoU: 0.78098
[train: Epoch 29, 300 / 625] FPS: 108.4 (109.3)  ,  DataTime: 0.007 (0.007)  ,  ForwardTime: 0.282  ,  TotalTime: 0.295  ,  Loss/total: 0.86540  ,  Loss/giou: 0.23649  ,  Loss/l1: 0.01654  ,  Loss/location: 0.29355  ,  pro_loss: 0.08084  ,  IoU: 0.78013
[train: Epoch 29, 350 / 625] FPS: 108.5 (109.9)  ,  DataTime: 0.006 (0.007)  ,  ForwardTime: 0.282  ,  TotalTime: 0.295  ,  Loss/total: 0.86049  ,  Loss/giou: 0.23603  ,  Loss/l1: 0.01644  ,  Loss/location: 0.29018  ,  pro_loss: 0.08024  ,  IoU: 0.78046
[train: Epoch 29, 400 / 625] FPS: 108.6 (109.1)  ,  DataTime: 0.006 (0.007)  ,  ForwardTime: 0.282  ,  TotalTime: 0.295  ,  Loss/total: 0.85887  ,  Loss/giou: 0.23565  ,  Loss/l1: 0.01635  ,  Loss/location: 0.28977  ,  pro_loss: 0.08024  ,  IoU: 0.78069
[train: Epoch 29, 450 / 625] FPS: 108.7 (109.3)  ,  DataTime: 0.006 (0.007)  ,  ForwardTime: 0.282  ,  TotalTime: 0.294  ,  Loss/total: 0.85664  ,  Loss/giou: 0.23491  ,  Loss/l1: 0.01623  ,  Loss/location: 0.28954  ,  pro_loss: 0.08063  ,  IoU: 0.78112
[train: Epoch 29, 500 / 625] FPS: 108.7 (108.9)  ,  DataTime: 0.006 (0.007)  ,  ForwardTime: 0.282  ,  TotalTime: 0.294  ,  Loss/total: 0.85362  ,  Loss/giou: 0.23464  ,  Loss/l1: 0.01616  ,  Loss/location: 0.28739  ,  pro_loss: 0.08065  ,  IoU: 0.78132
[train: Epoch 29, 550 / 625] FPS: 108.8 (108.9)  ,  DataTime: 0.006 (0.007)  ,  ForwardTime: 0.282  ,  TotalTime: 0.294  ,  Loss/total: 0.85481  ,  Loss/giou: 0.23477  ,  Loss/l1: 0.01615  ,  Loss/location: 0.28835  ,  pro_loss: 0.08076  ,  IoU: 0.78116
[train: Epoch 29, 600 / 625] FPS: 108.8 (109.2)  ,  DataTime: 0.005 (0.007)  ,  ForwardTime: 0.282  ,  TotalTime: 0.294  ,  Loss/total: 0.85298  ,  Loss/giou: 0.23431  ,  Loss/l1: 0.01609  ,  Loss/location: 0.28763  ,  pro_loss: 0.08141  ,  IoU: 0.78144
[train: Epoch 29, 625 / 625] FPS: 108.8 (109.9)  ,  DataTime: 0.005 (0.007)  ,  ForwardTime: 0.282  ,  TotalTime: 0.294  ,  Loss/total: 0.85130  ,  Loss/giou: 0.23410  ,  Loss/l1: 0.01609  ,  Loss/location: 0.28634  ,  pro_loss: 0.08150  ,  IoU: 0.78167
[train: Epoch 30, 50 / 625] FPS: 105.1 (108.8)  ,  DataTime: 0.016 (0.007)  ,  ForwardTime: 0.282  ,  TotalTime: 0.304  ,  Loss/total: 0.85397  ,  Loss/giou: 0.23637  ,  Loss/l1: 0.01660  ,  Loss/location: 0.28161  ,  pro_loss: 0.08313  ,  IoU: 0.78039
[train: Epoch 30, 100 / 625] FPS: 107.2 (109.0)  ,  DataTime: 0.010 (0.007)  ,  ForwardTime: 0.282  ,  TotalTime: 0.298  ,  Loss/total: 0.86824  ,  Loss/giou: 0.24045  ,  Loss/l1: 0.01707  ,  Loss/location: 0.28570  ,  pro_loss: 0.08146  ,  IoU: 0.77779
[train: Epoch 30, 150 / 625] FPS: 107.9 (109.2)  ,  DataTime: 0.008 (0.007)  ,  ForwardTime: 0.282  ,  TotalTime: 0.297  ,  Loss/total: 0.86302  ,  Loss/giou: 0.23958  ,  Loss/l1: 0.01687  ,  Loss/location: 0.28340  ,  pro_loss: 0.08063  ,  IoU: 0.77868
[train: Epoch 30, 200 / 625] FPS: 108.3 (109.3)  ,  DataTime: 0.007 (0.007)  ,  ForwardTime: 0.282  ,  TotalTime: 0.296  ,  Loss/total: 0.86263  ,  Loss/giou: 0.23849  ,  Loss/l1: 0.01690  ,  Loss/location: 0.28494  ,  pro_loss: 0.08094  ,  IoU: 0.77975
[train: Epoch 30, 250 / 625] FPS: 108.5 (109.2)  ,  DataTime: 0.007 (0.007)  ,  ForwardTime: 0.282  ,  TotalTime: 0.295  ,  Loss/total: 0.86148  ,  Loss/giou: 0.23856  ,  Loss/l1: 0.01678  ,  Loss/location: 0.28399  ,  pro_loss: 0.08242  ,  IoU: 0.77943
[train: Epoch 30, 300 / 625] FPS: 108.6 (109.4)  ,  DataTime: 0.006 (0.007)  ,  ForwardTime: 0.282  ,  TotalTime: 0.295  ,  Loss/total: 0.85544  ,  Loss/giou: 0.23701  ,  Loss/l1: 0.01662  ,  Loss/location: 0.28214  ,  pro_loss: 0.08097  ,  IoU: 0.78066
[train: Epoch 30, 350 / 625] FPS: 108.7 (109.0)  ,  DataTime: 0.006 (0.007)  ,  ForwardTime: 0.282  ,  TotalTime: 0.294  ,  Loss/total: 0.85259  ,  Loss/giou: 0.23640  ,  Loss/l1: 0.01659  ,  Loss/location: 0.28057  ,  pro_loss: 0.08125  ,  IoU: 0.78115
[train: Epoch 30, 400 / 625] FPS: 108.8 (109.3)  ,  DataTime: 0.006 (0.007)  ,  ForwardTime: 0.282  ,  TotalTime: 0.294  ,  Loss/total: 0.85659  ,  Loss/giou: 0.23713  ,  Loss/l1: 0.01672  ,  Loss/location: 0.28244  ,  pro_loss: 0.08146  ,  IoU: 0.78051
[train: Epoch 30, 450 / 625] FPS: 108.8 (109.6)  ,  DataTime: 0.006 (0.007)  ,  ForwardTime: 0.282  ,  TotalTime: 0.294  ,  Loss/total: 0.85345  ,  Loss/giou: 0.23604  ,  Loss/l1: 0.01657  ,  Loss/location: 0.28229  ,  pro_loss: 0.08100  ,  IoU: 0.78121
[train: Epoch 30, 500 / 625] FPS: 108.9 (109.2)  ,  DataTime: 0.005 (0.007)  ,  ForwardTime: 0.282  ,  TotalTime: 0.294  ,  Loss/total: 0.85083  ,  Loss/giou: 0.23538  ,  Loss/l1: 0.01645  ,  Loss/location: 0.28162  ,  pro_loss: 0.08088  ,  IoU: 0.78160
[train: Epoch 30, 550 / 625] FPS: 108.9 (109.4)  ,  DataTime: 0.005 (0.007)  ,  ForwardTime: 0.282  ,  TotalTime: 0.294  ,  Loss/total: 0.85126  ,  Loss/giou: 0.23555  ,  Loss/l1: 0.01649  ,  Loss/location: 0.28153  ,  pro_loss: 0.08097  ,  IoU: 0.78160
[train: Epoch 30, 600 / 625] FPS: 108.9 (109.1)  ,  DataTime: 0.005 (0.007)  ,  ForwardTime: 0.282  ,  TotalTime: 0.294  ,  Loss/total: 0.85087  ,  Loss/giou: 0.23574  ,  Loss/l1: 0.01649  ,  Loss/location: 0.28077  ,  pro_loss: 0.08077  ,  IoU: 0.78142
[train: Epoch 30, 625 / 625] FPS: 109.0 (109.9)  ,  DataTime: 0.005 (0.007)  ,  ForwardTime: 0.282  ,  TotalTime: 0.294  ,  Loss/total: 0.85099  ,  Loss/giou: 0.23565  ,  Loss/l1: 0.01649  ,  Loss/location: 0.28108  ,  pro_loss: 0.08079  ,  IoU: 0.78141
[val: Epoch 30, 50 / 156] FPS: 208.4 (226.2)  ,  DataTime: 0.016 (0.007)  ,  ForwardTime: 0.130  ,  TotalTime: 0.154  ,  Loss/total: 0.83747  ,  Loss/giou: 0.21488  ,  Loss/l1: 0.01558  ,  Loss/location: 0.32978  ,  pro_loss: 0.00000  ,  IoU: 0.79735
[val: Epoch 30, 100 / 156] FPS: 217.1 (228.1)  ,  DataTime: 0.010 (0.007)  ,  ForwardTime: 0.130  ,  TotalTime: 0.147  ,  Loss/total: 0.82319  ,  Loss/giou: 0.21213  ,  Loss/l1: 0.01559  ,  Loss/location: 0.32096  ,  pro_loss: 0.00000  ,  IoU: 0.80041
[val: Epoch 30, 150 / 156] FPS: 220.6 (229.1)  ,  DataTime: 0.008 (0.007)  ,  ForwardTime: 0.130  ,  TotalTime: 0.145  ,  Loss/total: 0.83073  ,  Loss/giou: 0.21315  ,  Loss/l1: 0.01613  ,  Loss/location: 0.32379  ,  pro_loss: 0.00000  ,  IoU: 0.80034
[val: Epoch 30, 156 / 156] FPS: 220.9 (228.1)  ,  DataTime: 0.008 (0.007)  ,  ForwardTime: 0.130  ,  TotalTime: 0.145  ,  Loss/total: 0.82583  ,  Loss/giou: 0.21221  ,  Loss/l1: 0.01594  ,  Loss/location: 0.32173  ,  pro_loss: 0.00000  ,  IoU: 0.80094
[train: Epoch 31, 50 / 625] FPS: 105.5 (109.4)  ,  DataTime: 0.015 (0.007)  ,  ForwardTime: 0.282  ,  TotalTime: 0.303  ,  Loss/total: 0.86714  ,  Loss/giou: 0.23663  ,  Loss/l1: 0.01774  ,  Loss/location: 0.28796  ,  pro_loss: 0.08604  ,  IoU: 0.78189
[train: Epoch 31, 100 / 625] FPS: 107.3 (109.2)  ,  DataTime: 0.010 (0.007)  ,  ForwardTime: 0.282  ,  TotalTime: 0.298  ,  Loss/total: 0.87332  ,  Loss/giou: 0.23765  ,  Loss/l1: 0.01715  ,  Loss/location: 0.29548  ,  pro_loss: 0.08408  ,  IoU: 0.78026
[train: Epoch 31, 150 / 625] FPS: 108.0 (109.3)  ,  DataTime: 0.008 (0.007)  ,  ForwardTime: 0.282  ,  TotalTime: 0.296  ,  Loss/total: 0.86358  ,  Loss/giou: 0.23588  ,  Loss/l1: 0.01671  ,  Loss/location: 0.29176  ,  pro_loss: 0.08244  ,  IoU: 0.78145
[train: Epoch 31, 200 / 625] FPS: 108.3 (109.0)  ,  DataTime: 0.007 (0.007)  ,  ForwardTime: 0.282  ,  TotalTime: 0.295  ,  Loss/total: 0.85372  ,  Loss/giou: 0.23400  ,  Loss/l1: 0.01634  ,  Loss/location: 0.28767  ,  pro_loss: 0.08168  ,  IoU: 0.78280
[train: Epoch 31, 250 / 625] FPS: 108.5 (108.8)  ,  DataTime: 0.006 (0.007)  ,  ForwardTime: 0.282  ,  TotalTime: 0.295  ,  Loss/total: 0.84836  ,  Loss/giou: 0.23260  ,  Loss/l1: 0.01640  ,  Loss/location: 0.28484  ,  pro_loss: 0.08168  ,  IoU: 0.78395
[train: Epoch 31, 300 / 625] FPS: 108.6 (109.1)  ,  DataTime: 0.006 (0.007)  ,  ForwardTime: 0.282  ,  TotalTime: 0.295  ,  Loss/total: 0.84411  ,  Loss/giou: 0.23211  ,  Loss/l1: 0.01622  ,  Loss/location: 0.28254  ,  pro_loss: 0.08121  ,  IoU: 0.78427
[train: Epoch 31, 350 / 625] FPS: 108.7 (109.2)  ,  DataTime: 0.006 (0.007)  ,  ForwardTime: 0.282  ,  TotalTime: 0.294  ,  Loss/total: 0.84367  ,  Loss/giou: 0.23222  ,  Loss/l1: 0.01620  ,  Loss/location: 0.28193  ,  pro_loss: 0.08148  ,  IoU: 0.78399
[train: Epoch 31, 400 / 625] FPS: 108.8 (109.0)  ,  DataTime: 0.006 (0.007)  ,  ForwardTime: 0.282  ,  TotalTime: 0.294  ,  Loss/total: 0.84285  ,  Loss/giou: 0.23181  ,  Loss/l1: 0.01615  ,  Loss/location: 0.28215  ,  pro_loss: 0.08179  ,  IoU: 0.78424
[train: Epoch 31, 450 / 625] FPS: 108.8 (109.3)  ,  DataTime: 0.005 (0.007)  ,  ForwardTime: 0.282  ,  TotalTime: 0.294  ,  Loss/total: 0.84343  ,  Loss/giou: 0.23219  ,  Loss/l1: 0.01633  ,  Loss/location: 0.28116  ,  pro_loss: 0.08122  ,  IoU: 0.78425
[train: Epoch 31, 500 / 625] FPS: 108.9 (108.7)  ,  DataTime: 0.005 (0.007)  ,  ForwardTime: 0.282  ,  TotalTime: 0.294  ,  Loss/total: 0.84458  ,  Loss/giou: 0.23298  ,  Loss/l1: 0.01635  ,  Loss/location: 0.28050  ,  pro_loss: 0.08191  ,  IoU: 0.78374
[train: Epoch 31, 550 / 625] FPS: 108.9 (109.2)  ,  DataTime: 0.005 (0.007)  ,  ForwardTime: 0.282  ,  TotalTime: 0.294  ,  Loss/total: 0.84156  ,  Loss/giou: 0.23235  ,  Loss/l1: 0.01623  ,  Loss/location: 0.27938  ,  pro_loss: 0.08157  ,  IoU: 0.78420
[train: Epoch 31, 600 / 625] FPS: 108.9 (109.6)  ,  DataTime: 0.005 (0.007)  ,  ForwardTime: 0.282  ,  TotalTime: 0.294  ,  Loss/total: 0.84174  ,  Loss/giou: 0.23238  ,  Loss/l1: 0.01624  ,  Loss/location: 0.27953  ,  pro_loss: 0.08133  ,  IoU: 0.78414
[train: Epoch 31, 625 / 625] FPS: 108.9 (109.3)  ,  DataTime: 0.005 (0.007)  ,  ForwardTime: 0.282  ,  TotalTime: 0.294  ,  Loss/total: 0.84131  ,  Loss/giou: 0.23234  ,  Loss/l1: 0.01622  ,  Loss/location: 0.27926  ,  pro_loss: 0.08136  ,  IoU: 0.78420
[train: Epoch 32, 50 / 625] FPS: 105.2 (109.2)  ,  DataTime: 0.016 (0.007)  ,  ForwardTime: 0.282  ,  TotalTime: 0.304  ,  Loss/total: 0.80419  ,  Loss/giou: 0.22529  ,  Loss/l1: 0.01531  ,  Loss/location: 0.26138  ,  pro_loss: 0.07854  ,  IoU: 0.78905
[train: Epoch 32, 100 / 625] FPS: 107.2 (109.4)  ,  DataTime: 0.010 (0.007)  ,  ForwardTime: 0.282  ,  TotalTime: 0.298  ,  Loss/total: 0.81757  ,  Loss/giou: 0.22646  ,  Loss/l1: 0.01540  ,  Loss/location: 0.27115  ,  pro_loss: 0.08251  ,  IoU: 0.78858
[train: Epoch 32, 150 / 625] FPS: 107.9 (109.3)  ,  DataTime: 0.008 (0.007)  ,  ForwardTime: 0.282  ,  TotalTime: 0.296  ,  Loss/total: 0.82854  ,  Loss/giou: 0.22935  ,  Loss/l1: 0.01574  ,  Loss/location: 0.27440  ,  pro_loss: 0.08362  ,  IoU: 0.78651
[train: Epoch 32, 200 / 625] FPS: 108.3 (109.5)  ,  DataTime: 0.007 (0.007)  ,  ForwardTime: 0.282  ,  TotalTime: 0.296  ,  Loss/total: 0.83374  ,  Loss/giou: 0.23069  ,  Loss/l1: 0.01602  ,  Loss/location: 0.27561  ,  pro_loss: 0.08329  ,  IoU: 0.78609
[train: Epoch 32, 250 / 625] FPS: 108.5 (109.2)  ,  DataTime: 0.006 (0.007)  ,  ForwardTime: 0.282  ,  TotalTime: 0.295  ,  Loss/total: 0.83345  ,  Loss/giou: 0.23037  ,  Loss/l1: 0.01605  ,  Loss/location: 0.27587  ,  pro_loss: 0.08305  ,  IoU: 0.78645
[train: Epoch 32, 300 / 625] FPS: 108.6 (109.0)  ,  DataTime: 0.006 (0.007)  ,  ForwardTime: 0.282  ,  TotalTime: 0.295  ,  Loss/total: 0.83752  ,  Loss/giou: 0.23162  ,  Loss/l1: 0.01616  ,  Loss/location: 0.27706  ,  pro_loss: 0.08209  ,  IoU: 0.78555
[train: Epoch 32, 350 / 625] FPS: 108.7 (109.1)  ,  DataTime: 0.006 (0.007)  ,  ForwardTime: 0.282  ,  TotalTime: 0.294  ,  Loss/total: 0.83616  ,  Loss/giou: 0.23081  ,  Loss/l1: 0.01601  ,  Loss/location: 0.27806  ,  pro_loss: 0.08215  ,  IoU: 0.78601
[train: Epoch 32, 400 / 625] FPS: 108.8 (109.7)  ,  DataTime: 0.006 (0.007)  ,  ForwardTime: 0.282  ,  TotalTime: 0.294  ,  Loss/total: 0.83572  ,  Loss/giou: 0.23047  ,  Loss/l1: 0.01603  ,  Loss/location: 0.27829  ,  pro_loss: 0.08172  ,  IoU: 0.78620
[train: Epoch 32, 450 / 625] FPS: 108.9 (109.7)  ,  DataTime: 0.006 (0.007)  ,  ForwardTime: 0.282  ,  TotalTime: 0.294  ,  Loss/total: 0.83608  ,  Loss/giou: 0.23059  ,  Loss/l1: 0.01599  ,  Loss/location: 0.27866  ,  pro_loss: 0.08151  ,  IoU: 0.78594
[train: Epoch 32, 500 / 625] FPS: 108.9 (109.8)  ,  DataTime: 0.005 (0.007)  ,  ForwardTime: 0.282  ,  TotalTime: 0.294  ,  Loss/total: 0.83299  ,  Loss/giou: 0.22997  ,  Loss/l1: 0.01592  ,  Loss/location: 0.27711  ,  pro_loss: 0.08163  ,  IoU: 0.78632
[train: Epoch 32, 550 / 625] FPS: 108.9 (109.0)  ,  DataTime: 0.005 (0.007)  ,  ForwardTime: 0.282  ,  TotalTime: 0.294  ,  Loss/total: 0.82899  ,  Loss/giou: 0.22908  ,  Loss/l1: 0.01573  ,  Loss/location: 0.27593  ,  pro_loss: 0.08139  ,  IoU: 0.78681
[train: Epoch 32, 600 / 625] FPS: 109.0 (109.5)  ,  DataTime: 0.005 (0.007)  ,  ForwardTime: 0.282  ,  TotalTime: 0.294  ,  Loss/total: 0.82814  ,  Loss/giou: 0.22874  ,  Loss/l1: 0.01570  ,  Loss/location: 0.27589  ,  pro_loss: 0.08130  ,  IoU: 0.78712
[train: Epoch 32, 625 / 625] FPS: 109.0 (109.7)  ,  DataTime: 0.005 (0.007)  ,  ForwardTime: 0.282  ,  TotalTime: 0.294  ,  Loss/total: 0.82937  ,  Loss/giou: 0.22932  ,  Loss/l1: 0.01577  ,  Loss/location: 0.27570  ,  pro_loss: 0.08102  ,  IoU: 0.78664
[train: Epoch 33, 50 / 625] FPS: 105.3 (109.5)  ,  DataTime: 0.016 (0.006)  ,  ForwardTime: 0.282  ,  TotalTime: 0.304  ,  Loss/total: 0.84840  ,  Loss/giou: 0.23332  ,  Loss/l1: 0.01645  ,  Loss/location: 0.28405  ,  pro_loss: 0.07729  ,  IoU: 0.78386
[train: Epoch 33, 100 / 625] FPS: 107.3 (109.2)  ,  DataTime: 0.010 (0.006)  ,  ForwardTime: 0.282  ,  TotalTime: 0.298  ,  Loss/total: 0.84739  ,  Loss/giou: 0.23212  ,  Loss/l1: 0.01648  ,  Loss/location: 0.28484  ,  pro_loss: 0.07948  ,  IoU: 0.78494
[train: Epoch 33, 150 / 625] FPS: 107.9 (109.3)  ,  DataTime: 0.008 (0.006)  ,  ForwardTime: 0.282  ,  TotalTime: 0.296  ,  Loss/total: 0.83810  ,  Loss/giou: 0.23086  ,  Loss/l1: 0.01637  ,  Loss/location: 0.27877  ,  pro_loss: 0.07889  ,  IoU: 0.78595
[train: Epoch 33, 200 / 625] FPS: 108.3 (109.5)  ,  DataTime: 0.007 (0.006)  ,  ForwardTime: 0.282  ,  TotalTime: 0.296  ,  Loss/total: 0.83134  ,  Loss/giou: 0.23021  ,  Loss/l1: 0.01601  ,  Loss/location: 0.27457  ,  pro_loss: 0.08136  ,  IoU: 0.78581
[train: Epoch 33, 250 / 625] FPS: 108.5 (109.3)  ,  DataTime: 0.007 (0.006)  ,  ForwardTime: 0.282  ,  TotalTime: 0.295  ,  Loss/total: 0.82983  ,  Loss/giou: 0.22937  ,  Loss/l1: 0.01590  ,  Loss/location: 0.27519  ,  pro_loss: 0.08209  ,  IoU: 0.78638
[train: Epoch 33, 300 / 625] FPS: 108.6 (109.6)  ,  DataTime: 0.006 (0.006)  ,  ForwardTime: 0.282  ,  TotalTime: 0.295  ,  Loss/total: 0.82878  ,  Loss/giou: 0.22930  ,  Loss/l1: 0.01592  ,  Loss/location: 0.27410  ,  pro_loss: 0.08254  ,  IoU: 0.78646
[train: Epoch 33, 350 / 625] FPS: 108.7 (109.4)  ,  DataTime: 0.006 (0.006)  ,  ForwardTime: 0.282  ,  TotalTime: 0.294  ,  Loss/total: 0.82681  ,  Loss/giou: 0.22881  ,  Loss/l1: 0.01582  ,  Loss/location: 0.27357  ,  pro_loss: 0.08259  ,  IoU: 0.78693
[train: Epoch 33, 400 / 625] FPS: 108.8 (109.3)  ,  DataTime: 0.006 (0.006)  ,  ForwardTime: 0.282  ,  TotalTime: 0.294  ,  Loss/total: 0.82844  ,  Loss/giou: 0.22975  ,  Loss/l1: 0.01595  ,  Loss/location: 0.27269  ,  pro_loss: 0.08248  ,  IoU: 0.78637
[train: Epoch 33, 450 / 625] FPS: 108.8 (109.4)  ,  DataTime: 0.006 (0.006)  ,  ForwardTime: 0.282  ,  TotalTime: 0.294  ,  Loss/total: 0.82866  ,  Loss/giou: 0.22980  ,  Loss/l1: 0.01603  ,  Loss/location: 0.27260  ,  pro_loss: 0.08162  ,  IoU: 0.78637
[train: Epoch 33, 500 / 625] FPS: 108.9 (108.7)  ,  DataTime: 0.005 (0.006)  ,  ForwardTime: 0.282  ,  TotalTime: 0.294  ,  Loss/total: 0.83046  ,  Loss/giou: 0.23021  ,  Loss/l1: 0.01604  ,  Loss/location: 0.27357  ,  pro_loss: 0.08131  ,  IoU: 0.78596
[train: Epoch 33, 550 / 625] FPS: 108.9 (109.7)  ,  DataTime: 0.005 (0.006)  ,  ForwardTime: 0.282  ,  TotalTime: 0.294  ,  Loss/total: 0.82673  ,  Loss/giou: 0.22881  ,  Loss/l1: 0.01581  ,  Loss/location: 0.27385  ,  pro_loss: 0.08093  ,  IoU: 0.78698
[train: Epoch 33, 600 / 625] FPS: 108.9 (108.1)  ,  DataTime: 0.005 (0.007)  ,  ForwardTime: 0.282  ,  TotalTime: 0.294  ,  Loss/total: 0.82724  ,  Loss/giou: 0.22866  ,  Loss/l1: 0.01582  ,  Loss/location: 0.27459  ,  pro_loss: 0.08099  ,  IoU: 0.78709
[train: Epoch 33, 625 / 625] FPS: 108.9 (109.7)  ,  DataTime: 0.005 (0.006)  ,  ForwardTime: 0.282  ,  TotalTime: 0.294  ,  Loss/total: 0.82773  ,  Loss/giou: 0.22858  ,  Loss/l1: 0.01586  ,  Loss/location: 0.27499  ,  pro_loss: 0.08131  ,  IoU: 0.78716
[train: Epoch 34, 50 / 625] FPS: 104.7 (109.0)  ,  DataTime: 0.017 (0.007)  ,  ForwardTime: 0.282  ,  TotalTime: 0.306  ,  Loss/total: 0.80506  ,  Loss/giou: 0.22373  ,  Loss/l1: 0.01488  ,  Loss/location: 0.26742  ,  pro_loss: 0.07896  ,  IoU: 0.79021
[train: Epoch 34, 100 / 625] FPS: 106.9 (109.3)  ,  DataTime: 0.011 (0.007)  ,  ForwardTime: 0.282  ,  TotalTime: 0.299  ,  Loss/total: 0.81035  ,  Loss/giou: 0.22625  ,  Loss/l1: 0.01532  ,  Loss/location: 0.26515  ,  pro_loss: 0.08042  ,  IoU: 0.78863
[train: Epoch 34, 150 / 625] FPS: 107.7 (108.9)  ,  DataTime: 0.009 (0.007)  ,  ForwardTime: 0.282  ,  TotalTime: 0.297  ,  Loss/total: 0.80981  ,  Loss/giou: 0.22501  ,  Loss/l1: 0.01552  ,  Loss/location: 0.26563  ,  pro_loss: 0.08271  ,  IoU: 0.79011
[train: Epoch 34, 200 / 625] FPS: 108.1 (109.5)  ,  DataTime: 0.008 (0.007)  ,  ForwardTime: 0.282  ,  TotalTime: 0.296  ,  Loss/total: 0.82075  ,  Loss/giou: 0.22750  ,  Loss/l1: 0.01577  ,  Loss/location: 0.27040  ,  pro_loss: 0.08245  ,  IoU: 0.78835
[train: Epoch 34, 250 / 625] FPS: 108.3 (109.2)  ,  DataTime: 0.007 (0.007)  ,  ForwardTime: 0.282  ,  TotalTime: 0.296  ,  Loss/total: 0.82495  ,  Loss/giou: 0.22881  ,  Loss/l1: 0.01596  ,  Loss/location: 0.27133  ,  pro_loss: 0.08111  ,  IoU: 0.78775
[train: Epoch 34, 300 / 625] FPS: 108.4 (108.4)  ,  DataTime: 0.007 (0.007)  ,  ForwardTime: 0.282  ,  TotalTime: 0.295  ,  Loss/total: 0.82266  ,  Loss/giou: 0.22829  ,  Loss/l1: 0.01569  ,  Loss/location: 0.27125  ,  pro_loss: 0.08197  ,  IoU: 0.78772
[train: Epoch 34, 350 / 625] FPS: 108.6 (109.6)  ,  DataTime: 0.006 (0.007)  ,  ForwardTime: 0.282  ,  TotalTime: 0.295  ,  Loss/total: 0.82329  ,  Loss/giou: 0.22839  ,  Loss/l1: 0.01581  ,  Loss/location: 0.27131  ,  pro_loss: 0.08076  ,  IoU: 0.78773
[train: Epoch 34, 400 / 625] FPS: 108.6 (108.9)  ,  DataTime: 0.006 (0.007)  ,  ForwardTime: 0.282  ,  TotalTime: 0.295  ,  Loss/total: 0.82189  ,  Loss/giou: 0.22799  ,  Loss/l1: 0.01580  ,  Loss/location: 0.27050  ,  pro_loss: 0.08207  ,  IoU: 0.78797
[train: Epoch 34, 450 / 625] FPS: 108.7 (109.7)  ,  DataTime: 0.006 (0.007)  ,  ForwardTime: 0.282  ,  TotalTime: 0.294  ,  Loss/total: 0.82820  ,  Loss/giou: 0.22958  ,  Loss/l1: 0.01600  ,  Loss/location: 0.27257  ,  pro_loss: 0.08221  ,  IoU: 0.78681
[train: Epoch 34, 500 / 625] FPS: 108.8 (109.4)  ,  DataTime: 0.006 (0.007)  ,  ForwardTime: 0.282  ,  TotalTime: 0.294  ,  Loss/total: 0.82731  ,  Loss/giou: 0.22937  ,  Loss/l1: 0.01601  ,  Loss/location: 0.27208  ,  pro_loss: 0.08218  ,  IoU: 0.78706
[train: Epoch 34, 550 / 625] FPS: 108.8 (109.2)  ,  DataTime: 0.006 (0.007)  ,  ForwardTime: 0.282  ,  TotalTime: 0.294  ,  Loss/total: 0.82722  ,  Loss/giou: 0.22933  ,  Loss/l1: 0.01597  ,  Loss/location: 0.27232  ,  pro_loss: 0.08198  ,  IoU: 0.78708
[train: Epoch 34, 600 / 625] FPS: 108.8 (108.7)  ,  DataTime: 0.005 (0.007)  ,  ForwardTime: 0.282  ,  TotalTime: 0.294  ,  Loss/total: 0.83121  ,  Loss/giou: 0.23019  ,  Loss/l1: 0.01617  ,  Loss/location: 0.27355  ,  pro_loss: 0.08220  ,  IoU: 0.78656
[train: Epoch 34, 625 / 625] FPS: 108.9 (109.9)  ,  DataTime: 0.005 (0.007)  ,  ForwardTime: 0.282  ,  TotalTime: 0.294  ,  Loss/total: 0.83057  ,  Loss/giou: 0.23005  ,  Loss/l1: 0.01614  ,  Loss/location: 0.27336  ,  pro_loss: 0.08198  ,  IoU: 0.78667
[train: Epoch 35, 50 / 625] FPS: 104.6 (109.2)  ,  DataTime: 0.018 (0.007)  ,  ForwardTime: 0.282  ,  TotalTime: 0.306  ,  Loss/total: 0.82444  ,  Loss/giou: 0.22720  ,  Loss/l1: 0.01581  ,  Loss/location: 0.27436  ,  pro_loss: 0.08309  ,  IoU: 0.78751
[train: Epoch 35, 100 / 625] FPS: 106.9 (109.1)  ,  DataTime: 0.011 (0.006)  ,  ForwardTime: 0.282  ,  TotalTime: 0.299  ,  Loss/total: 0.84102  ,  Loss/giou: 0.23039  ,  Loss/l1: 0.01614  ,  Loss/location: 0.28323  ,  pro_loss: 0.08154  ,  IoU: 0.78561
[train: Epoch 35, 150 / 625] FPS: 107.7 (109.4)  ,  DataTime: 0.009 (0.006)  ,  ForwardTime: 0.282  ,  TotalTime: 0.297  ,  Loss/total: 0.83738  ,  Loss/giou: 0.23019  ,  Loss/l1: 0.01614  ,  Loss/location: 0.28045  ,  pro_loss: 0.07936  ,  IoU: 0.78568
[train: Epoch 35, 200 / 625] FPS: 108.1 (109.6)  ,  DataTime: 0.008 (0.006)  ,  ForwardTime: 0.282  ,  TotalTime: 0.296  ,  Loss/total: 0.82084  ,  Loss/giou: 0.22694  ,  Loss/l1: 0.01573  ,  Loss/location: 0.27250  ,  pro_loss: 0.07905  ,  IoU: 0.78820
[train: Epoch 35, 250 / 625] FPS: 108.4 (109.1)  ,  DataTime: 0.007 (0.006)  ,  ForwardTime: 0.282  ,  TotalTime: 0.295  ,  Loss/total: 0.81965  ,  Loss/giou: 0.22586  ,  Loss/l1: 0.01549  ,  Loss/location: 0.27451  ,  pro_loss: 0.07978  ,  IoU: 0.78880
[train: Epoch 35, 300 / 625] FPS: 108.5 (109.3)  ,  DataTime: 0.007 (0.006)  ,  ForwardTime: 0.282  ,  TotalTime: 0.295  ,  Loss/total: 0.82129  ,  Loss/giou: 0.22641  ,  Loss/l1: 0.01570  ,  Loss/location: 0.27372  ,  pro_loss: 0.08114  ,  IoU: 0.78875
[train: Epoch 35, 350 / 625] FPS: 108.6 (109.2)  ,  DataTime: 0.006 (0.006)  ,  ForwardTime: 0.282  ,  TotalTime: 0.295  ,  Loss/total: 0.81882  ,  Loss/giou: 0.22622  ,  Loss/l1: 0.01567  ,  Loss/location: 0.27188  ,  pro_loss: 0.08071  ,  IoU: 0.78909
[train: Epoch 35, 400 / 625] FPS: 108.7 (109.4)  ,  DataTime: 0.006 (0.006)  ,  ForwardTime: 0.282  ,  TotalTime: 0.294  ,  Loss/total: 0.81863  ,  Loss/giou: 0.22650  ,  Loss/l1: 0.01569  ,  Loss/location: 0.27097  ,  pro_loss: 0.08109  ,  IoU: 0.78887
[train: Epoch 35, 450 / 625] FPS: 108.8 (109.6)  ,  DataTime: 0.006 (0.006)  ,  ForwardTime: 0.282  ,  TotalTime: 0.294  ,  Loss/total: 0.81600  ,  Loss/giou: 0.22616  ,  Loss/l1: 0.01563  ,  Loss/location: 0.26953  ,  pro_loss: 0.08014  ,  IoU: 0.78913
[train: Epoch 35, 500 / 625] FPS: 108.8 (109.3)  ,  DataTime: 0.006 (0.006)  ,  ForwardTime: 0.282  ,  TotalTime: 0.294  ,  Loss/total: 0.81610  ,  Loss/giou: 0.22614  ,  Loss/l1: 0.01558  ,  Loss/location: 0.26986  ,  pro_loss: 0.08021  ,  IoU: 0.78906
[train: Epoch 35, 550 / 625] FPS: 108.9 (109.7)  ,  DataTime: 0.006 (0.006)  ,  ForwardTime: 0.282  ,  TotalTime: 0.294  ,  Loss/total: 0.81527  ,  Loss/giou: 0.22630  ,  Loss/l1: 0.01550  ,  Loss/location: 0.26905  ,  pro_loss: 0.08053  ,  IoU: 0.78881
[train: Epoch 35, 600 / 625] FPS: 108.9 (109.0)  ,  DataTime: 0.005 (0.006)  ,  ForwardTime: 0.282  ,  TotalTime: 0.294  ,  Loss/total: 0.81676  ,  Loss/giou: 0.22655  ,  Loss/l1: 0.01554  ,  Loss/location: 0.26974  ,  pro_loss: 0.08106  ,  IoU: 0.78864
[train: Epoch 35, 625 / 625] FPS: 108.9 (109.8)  ,  DataTime: 0.005 (0.006)  ,  ForwardTime: 0.282  ,  TotalTime: 0.294  ,  Loss/total: 0.81693  ,  Loss/giou: 0.22650  ,  Loss/l1: 0.01551  ,  Loss/location: 0.27009  ,  pro_loss: 0.08133  ,  IoU: 0.78863
[val: Epoch 35, 50 / 156] FPS: 207.2 (228.1)  ,  DataTime: 0.018 (0.007)  ,  ForwardTime: 0.130  ,  TotalTime: 0.154  ,  Loss/total: 0.82756  ,  Loss/giou: 0.20752  ,  Loss/l1: 0.01448  ,  Loss/location: 0.34013  ,  pro_loss: 0.00000  ,  IoU: 0.80192
[val: Epoch 35, 100 / 156] FPS: 216.6 (227.6)  ,  DataTime: 0.011 (0.007)  ,  ForwardTime: 0.130  ,  TotalTime: 0.148  ,  Loss/total: 0.80927  ,  Loss/giou: 0.20488  ,  Loss/l1: 0.01464  ,  Loss/location: 0.32630  ,  pro_loss: 0.00000  ,  IoU: 0.80585
[val: Epoch 35, 150 / 156] FPS: 219.8 (229.1)  ,  DataTime: 0.009 (0.007)  ,  ForwardTime: 0.130  ,  TotalTime: 0.146  ,  Loss/total: 0.80153  ,  Loss/giou: 0.20384  ,  Loss/l1: 0.01438  ,  Loss/location: 0.32193  ,  pro_loss: 0.00000  ,  IoU: 0.80678
[val: Epoch 35, 156 / 156] FPS: 220.2 (228.0)  ,  DataTime: 0.008 (0.007)  ,  ForwardTime: 0.130  ,  TotalTime: 0.145  ,  Loss/total: 0.80108  ,  Loss/giou: 0.20393  ,  Loss/l1: 0.01442  ,  Loss/location: 0.32113  ,  pro_loss: 0.00000  ,  IoU: 0.80674
[train: Epoch 36, 50 / 625] FPS: 105.1 (109.2)  ,  DataTime: 0.016 (0.007)  ,  ForwardTime: 0.282  ,  TotalTime: 0.304  ,  Loss/total: 0.79320  ,  Loss/giou: 0.22312  ,  Loss/l1: 0.01481  ,  Loss/location: 0.25841  ,  pro_loss: 0.07251  ,  IoU: 0.79127
[train: Epoch 36, 100 / 625] FPS: 107.1 (109.4)  ,  DataTime: 0.010 (0.007)  ,  ForwardTime: 0.282  ,  TotalTime: 0.299  ,  Loss/total: 0.79594  ,  Loss/giou: 0.22126  ,  Loss/l1: 0.01457  ,  Loss/location: 0.26540  ,  pro_loss: 0.07573  ,  IoU: 0.79296
[train: Epoch 36, 150 / 625] FPS: 107.8 (109.6)  ,  DataTime: 0.008 (0.007)  ,  ForwardTime: 0.282  ,  TotalTime: 0.297  ,  Loss/total: 0.79865  ,  Loss/giou: 0.22149  ,  Loss/l1: 0.01473  ,  Loss/location: 0.26631  ,  pro_loss: 0.07850  ,  IoU: 0.79285
[train: Epoch 36, 200 / 625] FPS: 108.2 (108.9)  ,  DataTime: 0.007 (0.007)  ,  ForwardTime: 0.282  ,  TotalTime: 0.296  ,  Loss/total: 0.80423  ,  Loss/giou: 0.22179  ,  Loss/l1: 0.01478  ,  Loss/location: 0.27111  ,  pro_loss: 0.07835  ,  IoU: 0.79256
[train: Epoch 36, 250 / 625] FPS: 108.4 (110.2)  ,  DataTime: 0.007 (0.007)  ,  ForwardTime: 0.282  ,  TotalTime: 0.295  ,  Loss/total: 0.80313  ,  Loss/giou: 0.22149  ,  Loss/l1: 0.01480  ,  Loss/location: 0.27038  ,  pro_loss: 0.07894  ,  IoU: 0.79291
[train: Epoch 36, 300 / 625] FPS: 108.5 (109.5)  ,  DataTime: 0.006 (0.007)  ,  ForwardTime: 0.282  ,  TotalTime: 0.295  ,  Loss/total: 0.80701  ,  Loss/giou: 0.22291  ,  Loss/l1: 0.01498  ,  Loss/location: 0.27036  ,  pro_loss: 0.07953  ,  IoU: 0.79182
[train: Epoch 36, 350 / 625] FPS: 108.6 (109.8)  ,  DataTime: 0.006 (0.007)  ,  ForwardTime: 0.282  ,  TotalTime: 0.295  ,  Loss/total: 0.80625  ,  Loss/giou: 0.22312  ,  Loss/l1: 0.01505  ,  Loss/location: 0.26878  ,  pro_loss: 0.07995  ,  IoU: 0.79170
[train: Epoch 36, 400 / 625] FPS: 108.7 (109.2)  ,  DataTime: 0.006 (0.007)  ,  ForwardTime: 0.282  ,  TotalTime: 0.294  ,  Loss/total: 0.80584  ,  Loss/giou: 0.22301  ,  Loss/l1: 0.01498  ,  Loss/location: 0.26897  ,  pro_loss: 0.07967  ,  IoU: 0.79165
[train: Epoch 36, 450 / 625] FPS: 108.8 (109.2)  ,  DataTime: 0.006 (0.007)  ,  ForwardTime: 0.282  ,  TotalTime: 0.294  ,  Loss/total: 0.80711  ,  Loss/giou: 0.22323  ,  Loss/l1: 0.01501  ,  Loss/location: 0.26977  ,  pro_loss: 0.07913  ,  IoU: 0.79151
[train: Epoch 36, 500 / 625] FPS: 108.8 (109.1)  ,  DataTime: 0.006 (0.007)  ,  ForwardTime: 0.282  ,  TotalTime: 0.294  ,  Loss/total: 0.80579  ,  Loss/giou: 0.22323  ,  Loss/l1: 0.01497  ,  Loss/location: 0.26864  ,  pro_loss: 0.07926  ,  IoU: 0.79155
[train: Epoch 36, 550 / 625] FPS: 108.8 (108.6)  ,  DataTime: 0.005 (0.007)  ,  ForwardTime: 0.282  ,  TotalTime: 0.294  ,  Loss/total: 0.80286  ,  Loss/giou: 0.22217  ,  Loss/l1: 0.01485  ,  Loss/location: 0.26843  ,  pro_loss: 0.07918  ,  IoU: 0.79239
[train: Epoch 36, 600 / 625] FPS: 108.9 (109.2)  ,  DataTime: 0.005 (0.007)  ,  ForwardTime: 0.282  ,  TotalTime: 0.294  ,  Loss/total: 0.80395  ,  Loss/giou: 0.22232  ,  Loss/l1: 0.01489  ,  Loss/location: 0.26904  ,  pro_loss: 0.07902  ,  IoU: 0.79234
[train: Epoch 36, 625 / 625] FPS: 108.9 (109.8)  ,  DataTime: 0.005 (0.007)  ,  ForwardTime: 0.282  ,  TotalTime: 0.294  ,  Loss/total: 0.80527  ,  Loss/giou: 0.22273  ,  Loss/l1: 0.01492  ,  Loss/location: 0.26942  ,  pro_loss: 0.07908  ,  IoU: 0.79199
[train: Epoch 37, 50 / 625] FPS: 105.3 (109.6)  ,  DataTime: 0.015 (0.007)  ,  ForwardTime: 0.282  ,  TotalTime: 0.304  ,  Loss/total: 0.78407  ,  Loss/giou: 0.21923  ,  Loss/l1: 0.01465  ,  Loss/location: 0.25599  ,  pro_loss: 0.08190  ,  IoU: 0.79532
[train: Epoch 37, 100 / 625] FPS: 107.3 (109.8)  ,  DataTime: 0.010 (0.006)  ,  ForwardTime: 0.282  ,  TotalTime: 0.298  ,  Loss/total: 0.79156  ,  Loss/giou: 0.21848  ,  Loss/l1: 0.01453  ,  Loss/location: 0.26548  ,  pro_loss: 0.08230  ,  IoU: 0.79514
[train: Epoch 37, 150 / 625] FPS: 108.0 (109.3)  ,  DataTime: 0.008 (0.006)  ,  ForwardTime: 0.282  ,  TotalTime: 0.296  ,  Loss/total: 0.79173  ,  Loss/giou: 0.21890  ,  Loss/l1: 0.01479  ,  Loss/location: 0.26373  ,  pro_loss: 0.08126  ,  IoU: 0.79512
[train: Epoch 37, 200 / 625] FPS: 108.3 (109.4)  ,  DataTime: 0.007 (0.006)  ,  ForwardTime: 0.282  ,  TotalTime: 0.296  ,  Loss/total: 0.79166  ,  Loss/giou: 0.21891  ,  Loss/l1: 0.01476  ,  Loss/location: 0.26376  ,  pro_loss: 0.08136  ,  IoU: 0.79521
[train: Epoch 37, 250 / 625] FPS: 108.5 (109.7)  ,  DataTime: 0.007 (0.006)  ,  ForwardTime: 0.282  ,  TotalTime: 0.295  ,  Loss/total: 0.78449  ,  Loss/giou: 0.21630  ,  Loss/l1: 0.01454  ,  Loss/location: 0.26279  ,  pro_loss: 0.08196  ,  IoU: 0.79711
[train: Epoch 37, 300 / 625] FPS: 108.6 (109.4)  ,  DataTime: 0.006 (0.006)  ,  ForwardTime: 0.282  ,  TotalTime: 0.295  ,  Loss/total: 0.78864  ,  Loss/giou: 0.21757  ,  Loss/l1: 0.01462  ,  Loss/location: 0.26404  ,  pro_loss: 0.08175  ,  IoU: 0.79613
[train: Epoch 37, 350 / 625] FPS: 108.7 (108.6)  ,  DataTime: 0.006 (0.006)  ,  ForwardTime: 0.282  ,  TotalTime: 0.294  ,  Loss/total: 0.79279  ,  Loss/giou: 0.21957  ,  Loss/l1: 0.01485  ,  Loss/location: 0.26305  ,  pro_loss: 0.08174  ,  IoU: 0.79454
[train: Epoch 37, 400 / 625] FPS: 108.8 (109.4)  ,  DataTime: 0.006 (0.006)  ,  ForwardTime: 0.282  ,  TotalTime: 0.294  ,  Loss/total: 0.79603  ,  Loss/giou: 0.22009  ,  Loss/l1: 0.01492  ,  Loss/location: 0.26492  ,  pro_loss: 0.08171  ,  IoU: 0.79419
[train: Epoch 37, 450 / 625] FPS: 108.8 (109.3)  ,  DataTime: 0.006 (0.006)  ,  ForwardTime: 0.282  ,  TotalTime: 0.294  ,  Loss/total: 0.79440  ,  Loss/giou: 0.21921  ,  Loss/l1: 0.01480  ,  Loss/location: 0.26554  ,  pro_loss: 0.08217  ,  IoU: 0.79489
[train: Epoch 37, 500 / 625] FPS: 108.9 (109.6)  ,  DataTime: 0.006 (0.006)  ,  ForwardTime: 0.282  ,  TotalTime: 0.294  ,  Loss/total: 0.80074  ,  Loss/giou: 0.22093  ,  Loss/l1: 0.01495  ,  Loss/location: 0.26779  ,  pro_loss: 0.08183  ,  IoU: 0.79355
[train: Epoch 37, 550 / 625] FPS: 108.9 (109.8)  ,  DataTime: 0.005 (0.006)  ,  ForwardTime: 0.282  ,  TotalTime: 0.294  ,  Loss/total: 0.79818  ,  Loss/giou: 0.22032  ,  Loss/l1: 0.01487  ,  Loss/location: 0.26674  ,  pro_loss: 0.08210  ,  IoU: 0.79399
[train: Epoch 37, 600 / 625] FPS: 109.0 (109.6)  ,  DataTime: 0.005 (0.006)  ,  ForwardTime: 0.282  ,  TotalTime: 0.294  ,  Loss/total: 0.79824  ,  Loss/giou: 0.22052  ,  Loss/l1: 0.01487  ,  Loss/location: 0.26642  ,  pro_loss: 0.08223  ,  IoU: 0.79385
[train: Epoch 37, 625 / 625] FPS: 109.0 (109.7)  ,  DataTime: 0.005 (0.006)  ,  ForwardTime: 0.282  ,  TotalTime: 0.294  ,  Loss/total: 0.79929  ,  Loss/giou: 0.22062  ,  Loss/l1: 0.01488  ,  Loss/location: 0.26731  ,  pro_loss: 0.08178  ,  IoU: 0.79371
[train: Epoch 38, 50 / 625] FPS: 104.6 (109.2)  ,  DataTime: 0.017 (0.007)  ,  ForwardTime: 0.282  ,  TotalTime: 0.306  ,  Loss/total: 0.82349  ,  Loss/giou: 0.22861  ,  Loss/l1: 0.01536  ,  Loss/location: 0.27358  ,  pro_loss: 0.07958  ,  IoU: 0.78671
[train: Epoch 38, 100 / 625] FPS: 106.9 (109.3)  ,  DataTime: 0.011 (0.007)  ,  ForwardTime: 0.282  ,  TotalTime: 0.299  ,  Loss/total: 0.82093  ,  Loss/giou: 0.22788  ,  Loss/l1: 0.01549  ,  Loss/location: 0.27203  ,  pro_loss: 0.07854  ,  IoU: 0.78819
[train: Epoch 38, 150 / 625] FPS: 107.7 (108.9)  ,  DataTime: 0.009 (0.007)  ,  ForwardTime: 0.282  ,  TotalTime: 0.297  ,  Loss/total: 0.82502  ,  Loss/giou: 0.22837  ,  Loss/l1: 0.01583  ,  Loss/location: 0.27322  ,  pro_loss: 0.07965  ,  IoU: 0.78802
[train: Epoch 38, 200 / 625] FPS: 108.1 (109.4)  ,  DataTime: 0.008 (0.007)  ,  ForwardTime: 0.282  ,  TotalTime: 0.296  ,  Loss/total: 0.81381  ,  Loss/giou: 0.22429  ,  Loss/l1: 0.01550  ,  Loss/location: 0.27182  ,  pro_loss: 0.07954  ,  IoU: 0.79137
[train: Epoch 38, 250 / 625] FPS: 108.3 (109.4)  ,  DataTime: 0.007 (0.007)  ,  ForwardTime: 0.282  ,  TotalTime: 0.295  ,  Loss/total: 0.80797  ,  Loss/giou: 0.22251  ,  Loss/l1: 0.01526  ,  Loss/location: 0.27062  ,  pro_loss: 0.08009  ,  IoU: 0.79271
[train: Epoch 38, 300 / 625] FPS: 108.5 (109.1)  ,  DataTime: 0.007 (0.007)  ,  ForwardTime: 0.282  ,  TotalTime: 0.295  ,  Loss/total: 0.80819  ,  Loss/giou: 0.22217  ,  Loss/l1: 0.01521  ,  Loss/location: 0.27150  ,  pro_loss: 0.08147  ,  IoU: 0.79281
[train: Epoch 38, 350 / 625] FPS: 108.6 (109.3)  ,  DataTime: 0.006 (0.007)  ,  ForwardTime: 0.282  ,  TotalTime: 0.295  ,  Loss/total: 0.80320  ,  Loss/giou: 0.22136  ,  Loss/l1: 0.01507  ,  Loss/location: 0.26875  ,  pro_loss: 0.08200  ,  IoU: 0.79336
[train: Epoch 38, 400 / 625] FPS: 108.6 (108.8)  ,  DataTime: 0.006 (0.007)  ,  ForwardTime: 0.282  ,  TotalTime: 0.295  ,  Loss/total: 0.80371  ,  Loss/giou: 0.22157  ,  Loss/l1: 0.01508  ,  Loss/location: 0.26891  ,  pro_loss: 0.08120  ,  IoU: 0.79312
[train: Epoch 38, 450 / 625] FPS: 108.7 (109.8)  ,  DataTime: 0.006 (0.007)  ,  ForwardTime: 0.282  ,  TotalTime: 0.294  ,  Loss/total: 0.80343  ,  Loss/giou: 0.22141  ,  Loss/l1: 0.01510  ,  Loss/location: 0.26884  ,  pro_loss: 0.08144  ,  IoU: 0.79328
[train: Epoch 38, 500 / 625] FPS: 108.8 (109.0)  ,  DataTime: 0.006 (0.007)  ,  ForwardTime: 0.282  ,  TotalTime: 0.294  ,  Loss/total: 0.80268  ,  Loss/giou: 0.22118  ,  Loss/l1: 0.01499  ,  Loss/location: 0.26918  ,  pro_loss: 0.08092  ,  IoU: 0.79332
[train: Epoch 38, 550 / 625] FPS: 108.8 (109.4)  ,  DataTime: 0.006 (0.007)  ,  ForwardTime: 0.282  ,  TotalTime: 0.294  ,  Loss/total: 0.80489  ,  Loss/giou: 0.22134  ,  Loss/l1: 0.01503  ,  Loss/location: 0.27086  ,  pro_loss: 0.08099  ,  IoU: 0.79320
[train: Epoch 38, 600 / 625] FPS: 108.8 (108.4)  ,  DataTime: 0.005 (0.007)  ,  ForwardTime: 0.282  ,  TotalTime: 0.294  ,  Loss/total: 0.80268  ,  Loss/giou: 0.22097  ,  Loss/l1: 0.01499  ,  Loss/location: 0.26954  ,  pro_loss: 0.08112  ,  IoU: 0.79356
[train: Epoch 38, 625 / 625] FPS: 108.9 (109.9)  ,  DataTime: 0.005 (0.007)  ,  ForwardTime: 0.282  ,  TotalTime: 0.294  ,  Loss/total: 0.80163  ,  Loss/giou: 0.22088  ,  Loss/l1: 0.01496  ,  Loss/location: 0.26889  ,  pro_loss: 0.08097  ,  IoU: 0.79357
[train: Epoch 39, 50 / 625] FPS: 105.3 (109.5)  ,  DataTime: 0.015 (0.007)  ,  ForwardTime: 0.282  ,  TotalTime: 0.304  ,  Loss/total: 0.76206  ,  Loss/giou: 0.21646  ,  Loss/l1: 0.01461  ,  Loss/location: 0.24123  ,  pro_loss: 0.07438  ,  IoU: 0.79678
[train: Epoch 39, 100 / 625] FPS: 107.3 (109.4)  ,  DataTime: 0.010 (0.007)  ,  ForwardTime: 0.282  ,  TotalTime: 0.298  ,  Loss/total: 0.77612  ,  Loss/giou: 0.21674  ,  Loss/l1: 0.01444  ,  Loss/location: 0.25496  ,  pro_loss: 0.07750  ,  IoU: 0.79698
[train: Epoch 39, 150 / 625] FPS: 107.9 (108.6)  ,  DataTime: 0.008 (0.007)  ,  ForwardTime: 0.282  ,  TotalTime: 0.296  ,  Loss/total: 0.77598  ,  Loss/giou: 0.21717  ,  Loss/l1: 0.01445  ,  Loss/location: 0.25355  ,  pro_loss: 0.07910  ,  IoU: 0.79644
[train: Epoch 39, 200 / 625] FPS: 108.3 (109.2)  ,  DataTime: 0.007 (0.007)  ,  ForwardTime: 0.282  ,  TotalTime: 0.296  ,  Loss/total: 0.78118  ,  Loss/giou: 0.21687  ,  Loss/l1: 0.01452  ,  Loss/location: 0.25904  ,  pro_loss: 0.07891  ,  IoU: 0.79673
[train: Epoch 39, 250 / 625] FPS: 108.5 (109.0)  ,  DataTime: 0.007 (0.007)  ,  ForwardTime: 0.282  ,  TotalTime: 0.295  ,  Loss/total: 0.78246  ,  Loss/giou: 0.21741  ,  Loss/l1: 0.01453  ,  Loss/location: 0.25926  ,  pro_loss: 0.07863  ,  IoU: 0.79645
[train: Epoch 39, 300 / 625] FPS: 108.6 (108.6)  ,  DataTime: 0.006 (0.007)  ,  ForwardTime: 0.282  ,  TotalTime: 0.295  ,  Loss/total: 0.78172  ,  Loss/giou: 0.21728  ,  Loss/l1: 0.01453  ,  Loss/location: 0.25881  ,  pro_loss: 0.07851  ,  IoU: 0.79667
[train: Epoch 39, 350 / 625] FPS: 108.7 (109.4)  ,  DataTime: 0.006 (0.007)  ,  ForwardTime: 0.282  ,  TotalTime: 0.294  ,  Loss/total: 0.78459  ,  Loss/giou: 0.21761  ,  Loss/l1: 0.01459  ,  Loss/location: 0.26064  ,  pro_loss: 0.07887  ,  IoU: 0.79626
[train: Epoch 39, 400 / 625] FPS: 108.8 (109.3)  ,  DataTime: 0.006 (0.007)  ,  ForwardTime: 0.282  ,  TotalTime: 0.294  ,  Loss/total: 0.78900  ,  Loss/giou: 0.21885  ,  Loss/l1: 0.01478  ,  Loss/location: 0.26161  ,  pro_loss: 0.07904  ,  IoU: 0.79544
[train: Epoch 39, 450 / 625] FPS: 108.8 (109.4)  ,  DataTime: 0.006 (0.007)  ,  ForwardTime: 0.282  ,  TotalTime: 0.294  ,  Loss/total: 0.78761  ,  Loss/giou: 0.21876  ,  Loss/l1: 0.01474  ,  Loss/location: 0.26051  ,  pro_loss: 0.07926  ,  IoU: 0.79549
[train: Epoch 39, 500 / 625] FPS: 108.9 (109.9)  ,  DataTime: 0.005 (0.006)  ,  ForwardTime: 0.282  ,  TotalTime: 0.294  ,  Loss/total: 0.78856  ,  Loss/giou: 0.21865  ,  Loss/l1: 0.01480  ,  Loss/location: 0.26130  ,  pro_loss: 0.07984  ,  IoU: 0.79570
[train: Epoch 39, 550 / 625] FPS: 108.9 (109.4)  ,  DataTime: 0.005 (0.006)  ,  ForwardTime: 0.282  ,  TotalTime: 0.294  ,  Loss/total: 0.78853  ,  Loss/giou: 0.21884  ,  Loss/l1: 0.01484  ,  Loss/location: 0.26064  ,  pro_loss: 0.08018  ,  IoU: 0.79553
[train: Epoch 39, 600 / 625] FPS: 109.0 (109.3)  ,  DataTime: 0.005 (0.006)  ,  ForwardTime: 0.282  ,  TotalTime: 0.294  ,  Loss/total: 0.78855  ,  Loss/giou: 0.21854  ,  Loss/l1: 0.01475  ,  Loss/location: 0.26174  ,  pro_loss: 0.07997  ,  IoU: 0.79571
[train: Epoch 39, 625 / 625] FPS: 109.0 (109.0)  ,  DataTime: 0.005 (0.006)  ,  ForwardTime: 0.282  ,  TotalTime: 0.294  ,  Loss/total: 0.78790  ,  Loss/giou: 0.21852  ,  Loss/l1: 0.01470  ,  Loss/location: 0.26142  ,  pro_loss: 0.07969  ,  IoU: 0.79574
[train: Epoch 40, 50 / 625] FPS: 105.0 (109.3)  ,  DataTime: 0.016 (0.007)  ,  ForwardTime: 0.282  ,  TotalTime: 0.305  ,  Loss/total: 0.80027  ,  Loss/giou: 0.22308  ,  Loss/l1: 0.01543  ,  Loss/location: 0.26042  ,  pro_loss: 0.08271  ,  IoU: 0.79398
[train: Epoch 40, 100 / 625] FPS: 107.1 (109.3)  ,  DataTime: 0.010 (0.007)  ,  ForwardTime: 0.282  ,  TotalTime: 0.299  ,  Loss/total: 0.79705  ,  Loss/giou: 0.22050  ,  Loss/l1: 0.01540  ,  Loss/location: 0.26297  ,  pro_loss: 0.08036  ,  IoU: 0.79574
[train: Epoch 40, 150 / 625] FPS: 107.8 (109.8)  ,  DataTime: 0.008 (0.007)  ,  ForwardTime: 0.282  ,  TotalTime: 0.297  ,  Loss/total: 0.79280  ,  Loss/giou: 0.22027  ,  Loss/l1: 0.01526  ,  Loss/location: 0.25972  ,  pro_loss: 0.08115  ,  IoU: 0.79562
[train: Epoch 40, 200 / 625] FPS: 108.2 (109.8)  ,  DataTime: 0.007 (0.007)  ,  ForwardTime: 0.282  ,  TotalTime: 0.296  ,  Loss/total: 0.79131  ,  Loss/giou: 0.21990  ,  Loss/l1: 0.01519  ,  Loss/location: 0.25928  ,  pro_loss: 0.08138  ,  IoU: 0.79573
[train: Epoch 40, 250 / 625] FPS: 108.4 (109.5)  ,  DataTime: 0.007 (0.007)  ,  ForwardTime: 0.282  ,  TotalTime: 0.295  ,  Loss/total: 0.79620  ,  Loss/giou: 0.22068  ,  Loss/l1: 0.01519  ,  Loss/location: 0.26239  ,  pro_loss: 0.08240  ,  IoU: 0.79488
[train: Epoch 40, 300 / 625] FPS: 108.5 (109.3)  ,  DataTime: 0.006 (0.007)  ,  ForwardTime: 0.282  ,  TotalTime: 0.295  ,  Loss/total: 0.79884  ,  Loss/giou: 0.22126  ,  Loss/l1: 0.01534  ,  Loss/location: 0.26299  ,  pro_loss: 0.08318  ,  IoU: 0.79435
[train: Epoch 40, 350 / 625] FPS: 108.6 (108.6)  ,  DataTime: 0.006 (0.007)  ,  ForwardTime: 0.282  ,  TotalTime: 0.295  ,  Loss/total: 0.79934  ,  Loss/giou: 0.22142  ,  Loss/l1: 0.01539  ,  Loss/location: 0.26298  ,  pro_loss: 0.08297  ,  IoU: 0.79439
[train: Epoch 40, 400 / 625] FPS: 108.7 (109.4)  ,  DataTime: 0.006 (0.007)  ,  ForwardTime: 0.282  ,  TotalTime: 0.294  ,  Loss/total: 0.80101  ,  Loss/giou: 0.22161  ,  Loss/l1: 0.01540  ,  Loss/location: 0.26423  ,  pro_loss: 0.08268  ,  IoU: 0.79410
[train: Epoch 40, 450 / 625] FPS: 108.8 (109.1)  ,  DataTime: 0.006 (0.007)  ,  ForwardTime: 0.282  ,  TotalTime: 0.294  ,  Loss/total: 0.80053  ,  Loss/giou: 0.22145  ,  Loss/l1: 0.01537  ,  Loss/location: 0.26431  ,  pro_loss: 0.08231  ,  IoU: 0.79413
[train: Epoch 40, 500 / 625] FPS: 108.8 (109.4)  ,  DataTime: 0.006 (0.007)  ,  ForwardTime: 0.282  ,  TotalTime: 0.294  ,  Loss/total: 0.80077  ,  Loss/giou: 0.22203  ,  Loss/l1: 0.01546  ,  Loss/location: 0.26307  ,  pro_loss: 0.08177  ,  IoU: 0.79385
[train: Epoch 40, 550 / 625] FPS: 108.8 (109.5)  ,  DataTime: 0.005 (0.007)  ,  ForwardTime: 0.282  ,  TotalTime: 0.294  ,  Loss/total: 0.80159  ,  Loss/giou: 0.22217  ,  Loss/l1: 0.01544  ,  Loss/location: 0.26375  ,  pro_loss: 0.08151  ,  IoU: 0.79360
[train: Epoch 40, 600 / 625] FPS: 108.9 (109.4)  ,  DataTime: 0.005 (0.007)  ,  ForwardTime: 0.282  ,  TotalTime: 0.294  ,  Loss/total: 0.80216  ,  Loss/giou: 0.22248  ,  Loss/l1: 0.01545  ,  Loss/location: 0.26363  ,  pro_loss: 0.08154  ,  IoU: 0.79330
[train: Epoch 40, 625 / 625] FPS: 108.9 (110.0)  ,  DataTime: 0.005 (0.007)  ,  ForwardTime: 0.282  ,  TotalTime: 0.294  ,  Loss/total: 0.80127  ,  Loss/giou: 0.22221  ,  Loss/l1: 0.01542  ,  Loss/location: 0.26349  ,  pro_loss: 0.08126  ,  IoU: 0.79348
[val: Epoch 40, 50 / 156] FPS: 207.8 (226.8)  ,  DataTime: 0.017 (0.007)  ,  ForwardTime: 0.130  ,  TotalTime: 0.154  ,  Loss/total: 0.74562  ,  Loss/giou: 0.19281  ,  Loss/l1: 0.01343  ,  Loss/location: 0.29284  ,  pro_loss: 0.00000  ,  IoU: 0.81638
[val: Epoch 40, 100 / 156] FPS: 216.8 (225.8)  ,  DataTime: 0.011 (0.007)  ,  ForwardTime: 0.130  ,  TotalTime: 0.148  ,  Loss/total: 0.73865  ,  Loss/giou: 0.19132  ,  Loss/l1: 0.01289  ,  Loss/location: 0.29155  ,  pro_loss: 0.00000  ,  IoU: 0.81680
[val: Epoch 40, 150 / 156] FPS: 219.9 (228.8)  ,  DataTime: 0.009 (0.007)  ,  ForwardTime: 0.130  ,  TotalTime: 0.146  ,  Loss/total: 0.74265  ,  Loss/giou: 0.19369  ,  Loss/l1: 0.01323  ,  Loss/location: 0.28914  ,  pro_loss: 0.00000  ,  IoU: 0.81544
[val: Epoch 40, 156 / 156] FPS: 220.3 (229.5)  ,  DataTime: 0.008 (0.007)  ,  ForwardTime: 0.130  ,  TotalTime: 0.145  ,  Loss/total: 0.74504  ,  Loss/giou: 0.19442  ,  Loss/l1: 0.01329  ,  Loss/location: 0.28977  ,  pro_loss: 0.00000  ,  IoU: 0.81480
[train: Epoch 41, 50 / 625] FPS: 104.6 (109.7)  ,  DataTime: 0.017 (0.007)  ,  ForwardTime: 0.282  ,  TotalTime: 0.306  ,  Loss/total: 0.77590  ,  Loss/giou: 0.21367  ,  Loss/l1: 0.01485  ,  Loss/location: 0.25754  ,  pro_loss: 0.08381  ,  IoU: 0.80132
[train: Epoch 41, 100 / 625] FPS: 106.9 (109.6)  ,  DataTime: 0.011 (0.007)  ,  ForwardTime: 0.282  ,  TotalTime: 0.299  ,  Loss/total: 0.79613  ,  Loss/giou: 0.21942  ,  Loss/l1: 0.01550  ,  Loss/location: 0.26323  ,  pro_loss: 0.08285  ,  IoU: 0.79640
[train: Epoch 41, 150 / 625] FPS: 107.7 (109.4)  ,  DataTime: 0.009 (0.007)  ,  ForwardTime: 0.282  ,  TotalTime: 0.297  ,  Loss/total: 0.79839  ,  Loss/giou: 0.21959  ,  Loss/l1: 0.01560  ,  Loss/location: 0.26475  ,  pro_loss: 0.08239  ,  IoU: 0.79655
[train: Epoch 41, 200 / 625] FPS: 108.1 (109.7)  ,  DataTime: 0.008 (0.007)  ,  ForwardTime: 0.282  ,  TotalTime: 0.296  ,  Loss/total: 0.79564  ,  Loss/giou: 0.21883  ,  Loss/l1: 0.01541  ,  Loss/location: 0.26475  ,  pro_loss: 0.08090  ,  IoU: 0.79686
[train: Epoch 41, 250 / 625] FPS: 108.3 (108.8)  ,  DataTime: 0.007 (0.007)  ,  ForwardTime: 0.282  ,  TotalTime: 0.295  ,  Loss/total: 0.78793  ,  Loss/giou: 0.21692  ,  Loss/l1: 0.01508  ,  Loss/location: 0.26242  ,  pro_loss: 0.08122  ,  IoU: 0.79795
[train: Epoch 41, 300 / 625] FPS: 108.5 (109.4)  ,  DataTime: 0.007 (0.007)  ,  ForwardTime: 0.282  ,  TotalTime: 0.295  ,  Loss/total: 0.78153  ,  Loss/giou: 0.21487  ,  Loss/l1: 0.01481  ,  Loss/location: 0.26153  ,  pro_loss: 0.08105  ,  IoU: 0.79942
[train: Epoch 41, 350 / 625] FPS: 108.6 (109.4)  ,  DataTime: 0.006 (0.007)  ,  ForwardTime: 0.282  ,  TotalTime: 0.295  ,  Loss/total: 0.78125  ,  Loss/giou: 0.21496  ,  Loss/l1: 0.01484  ,  Loss/location: 0.26095  ,  pro_loss: 0.08099  ,  IoU: 0.79943
[train: Epoch 41, 400 / 625] FPS: 108.7 (109.3)  ,  DataTime: 0.006 (0.007)  ,  ForwardTime: 0.282  ,  TotalTime: 0.294  ,  Loss/total: 0.78169  ,  Loss/giou: 0.21576  ,  Loss/l1: 0.01493  ,  Loss/location: 0.25945  ,  pro_loss: 0.08032  ,  IoU: 0.79891
[train: Epoch 41, 450 / 625] FPS: 108.7 (109.0)  ,  DataTime: 0.006 (0.007)  ,  ForwardTime: 0.282  ,  TotalTime: 0.294  ,  Loss/total: 0.78213  ,  Loss/giou: 0.21581  ,  Loss/l1: 0.01488  ,  Loss/location: 0.26000  ,  pro_loss: 0.08054  ,  IoU: 0.79879
[train: Epoch 41, 500 / 625] FPS: 108.8 (109.1)  ,  DataTime: 0.006 (0.007)  ,  ForwardTime: 0.282  ,  TotalTime: 0.294  ,  Loss/total: 0.78023  ,  Loss/giou: 0.21553  ,  Loss/l1: 0.01481  ,  Loss/location: 0.25896  ,  pro_loss: 0.08088  ,  IoU: 0.79912
[train: Epoch 41, 550 / 625] FPS: 108.8 (109.3)  ,  DataTime: 0.006 (0.007)  ,  ForwardTime: 0.282  ,  TotalTime: 0.294  ,  Loss/total: 0.77757  ,  Loss/giou: 0.21502  ,  Loss/l1: 0.01467  ,  Loss/location: 0.25797  ,  pro_loss: 0.08095  ,  IoU: 0.79945
[train: Epoch 41, 600 / 625] FPS: 108.9 (109.1)  ,  DataTime: 0.005 (0.007)  ,  ForwardTime: 0.282  ,  TotalTime: 0.294  ,  Loss/total: 0.77504  ,  Loss/giou: 0.21430  ,  Loss/l1: 0.01458  ,  Loss/location: 0.25732  ,  pro_loss: 0.08106  ,  IoU: 0.79991
[train: Epoch 41, 625 / 625] FPS: 108.9 (110.0)  ,  DataTime: 0.005 (0.007)  ,  ForwardTime: 0.282  ,  TotalTime: 0.294  ,  Loss/total: 0.77610  ,  Loss/giou: 0.21454  ,  Loss/l1: 0.01460  ,  Loss/location: 0.25774  ,  pro_loss: 0.08135  ,  IoU: 0.79973
[train: Epoch 42, 50 / 625] FPS: 105.3 (109.6)  ,  DataTime: 0.015 (0.007)  ,  ForwardTime: 0.282  ,  TotalTime: 0.304  ,  Loss/total: 0.76581  ,  Loss/giou: 0.21427  ,  Loss/l1: 0.01407  ,  Loss/location: 0.25073  ,  pro_loss: 0.08105  ,  IoU: 0.79965
[train: Epoch 42, 100 / 625] FPS: 107.3 (109.3)  ,  DataTime: 0.010 (0.007)  ,  ForwardTime: 0.282  ,  TotalTime: 0.298  ,  Loss/total: 0.77041  ,  Loss/giou: 0.21260  ,  Loss/l1: 0.01422  ,  Loss/location: 0.25818  ,  pro_loss: 0.07969  ,  IoU: 0.80118
[train: Epoch 42, 150 / 625] FPS: 108.0 (109.6)  ,  DataTime: 0.008 (0.007)  ,  ForwardTime: 0.282  ,  TotalTime: 0.296  ,  Loss/total: 0.77122  ,  Loss/giou: 0.21292  ,  Loss/l1: 0.01433  ,  Loss/location: 0.25744  ,  pro_loss: 0.08140  ,  IoU: 0.80109
[train: Epoch 42, 200 / 625] FPS: 108.3 (108.3)  ,  DataTime: 0.007 (0.007)  ,  ForwardTime: 0.282  ,  TotalTime: 0.296  ,  Loss/total: 0.77117  ,  Loss/giou: 0.21354  ,  Loss/l1: 0.01426  ,  Loss/location: 0.25633  ,  pro_loss: 0.08220  ,  IoU: 0.80057
[train: Epoch 42, 250 / 625] FPS: 108.5 (108.5)  ,  DataTime: 0.006 (0.007)  ,  ForwardTime: 0.282  ,  TotalTime: 0.295  ,  Loss/total: 0.76459  ,  Loss/giou: 0.21237  ,  Loss/l1: 0.01407  ,  Loss/location: 0.25292  ,  pro_loss: 0.08297  ,  IoU: 0.80161
[train: Epoch 42, 300 / 625] FPS: 108.6 (109.3)  ,  DataTime: 0.006 (0.007)  ,  ForwardTime: 0.282  ,  TotalTime: 0.295  ,  Loss/total: 0.76979  ,  Loss/giou: 0.21346  ,  Loss/l1: 0.01434  ,  Loss/location: 0.25459  ,  pro_loss: 0.08299  ,  IoU: 0.80097
[train: Epoch 42, 350 / 625] FPS: 108.7 (109.6)  ,  DataTime: 0.006 (0.007)  ,  ForwardTime: 0.282  ,  TotalTime: 0.294  ,  Loss/total: 0.76843  ,  Loss/giou: 0.21321  ,  Loss/l1: 0.01428  ,  Loss/location: 0.25412  ,  pro_loss: 0.08257  ,  IoU: 0.80107
[train: Epoch 42, 400 / 625] FPS: 108.8 (109.6)  ,  DataTime: 0.006 (0.007)  ,  ForwardTime: 0.282  ,  TotalTime: 0.294  ,  Loss/total: 0.76483  ,  Loss/giou: 0.21244  ,  Loss/l1: 0.01424  ,  Loss/location: 0.25230  ,  pro_loss: 0.08222  ,  IoU: 0.80173
[train: Epoch 42, 450 / 625] FPS: 108.8 (109.2)  ,  DataTime: 0.005 (0.007)  ,  ForwardTime: 0.282  ,  TotalTime: 0.294  ,  Loss/total: 0.76198  ,  Loss/giou: 0.21206  ,  Loss/l1: 0.01422  ,  Loss/location: 0.25038  ,  pro_loss: 0.08188  ,  IoU: 0.80202
[train: Epoch 42, 500 / 625] FPS: 108.9 (109.0)  ,  DataTime: 0.005 (0.007)  ,  ForwardTime: 0.282  ,  TotalTime: 0.294  ,  Loss/total: 0.76170  ,  Loss/giou: 0.21202  ,  Loss/l1: 0.01423  ,  Loss/location: 0.25006  ,  pro_loss: 0.08221  ,  IoU: 0.80199
[train: Epoch 42, 550 / 625] FPS: 108.9 (108.7)  ,  DataTime: 0.005 (0.007)  ,  ForwardTime: 0.282  ,  TotalTime: 0.294  ,  Loss/total: 0.76385  ,  Loss/giou: 0.21220  ,  Loss/l1: 0.01422  ,  Loss/location: 0.25191  ,  pro_loss: 0.08228  ,  IoU: 0.80175
[train: Epoch 42, 600 / 625] FPS: 108.9 (108.3)  ,  DataTime: 0.005 (0.007)  ,  ForwardTime: 0.282  ,  TotalTime: 0.294  ,  Loss/total: 0.76212  ,  Loss/giou: 0.21160  ,  Loss/l1: 0.01418  ,  Loss/location: 0.25153  ,  pro_loss: 0.08240  ,  IoU: 0.80214
[train: Epoch 42, 625 / 625] FPS: 109.0 (109.6)  ,  DataTime: 0.005 (0.007)  ,  ForwardTime: 0.282  ,  TotalTime: 0.294  ,  Loss/total: 0.76240  ,  Loss/giou: 0.21168  ,  Loss/l1: 0.01422  ,  Loss/location: 0.25146  ,  pro_loss: 0.08227  ,  IoU: 0.80212
[train: Epoch 43, 50 / 625] FPS: 105.3 (109.3)  ,  DataTime: 0.015 (0.007)  ,  ForwardTime: 0.282  ,  TotalTime: 0.304  ,  Loss/total: 0.77243  ,  Loss/giou: 0.21869  ,  Loss/l1: 0.01527  ,  Loss/location: 0.24102  ,  pro_loss: 0.08855  ,  IoU: 0.79735
[train: Epoch 43, 100 / 625] FPS: 107.2 (109.0)  ,  DataTime: 0.010 (0.007)  ,  ForwardTime: 0.282  ,  TotalTime: 0.299  ,  Loss/total: 0.77224  ,  Loss/giou: 0.21635  ,  Loss/l1: 0.01495  ,  Loss/location: 0.24739  ,  pro_loss: 0.08699  ,  IoU: 0.79890
[train: Epoch 43, 150 / 625] FPS: 107.9 (109.4)  ,  DataTime: 0.008 (0.007)  ,  ForwardTime: 0.282  ,  TotalTime: 0.297  ,  Loss/total: 0.76385  ,  Loss/giou: 0.21437  ,  Loss/l1: 0.01461  ,  Loss/location: 0.24535  ,  pro_loss: 0.08369  ,  IoU: 0.80015
[train: Epoch 43, 200 / 625] FPS: 108.2 (109.0)  ,  DataTime: 0.007 (0.007)  ,  ForwardTime: 0.282  ,  TotalTime: 0.296  ,  Loss/total: 0.76410  ,  Loss/giou: 0.21335  ,  Loss/l1: 0.01450  ,  Loss/location: 0.24807  ,  pro_loss: 0.08412  ,  IoU: 0.80116
[train: Epoch 43, 250 / 625] FPS: 108.4 (108.5)  ,  DataTime: 0.007 (0.006)  ,  ForwardTime: 0.282  ,  TotalTime: 0.295  ,  Loss/total: 0.76178  ,  Loss/giou: 0.21249  ,  Loss/l1: 0.01431  ,  Loss/location: 0.24827  ,  pro_loss: 0.08485  ,  IoU: 0.80166
[train: Epoch 43, 300 / 625] FPS: 108.5 (109.2)  ,  DataTime: 0.006 (0.007)  ,  ForwardTime: 0.282  ,  TotalTime: 0.295  ,  Loss/total: 0.75813  ,  Loss/giou: 0.21087  ,  Loss/l1: 0.01424  ,  Loss/location: 0.24800  ,  pro_loss: 0.08598  ,  IoU: 0.80316
[train: Epoch 43, 350 / 625] FPS: 108.6 (109.6)  ,  DataTime: 0.006 (0.007)  ,  ForwardTime: 0.282  ,  TotalTime: 0.295  ,  Loss/total: 0.75919  ,  Loss/giou: 0.21108  ,  Loss/l1: 0.01428  ,  Loss/location: 0.24849  ,  pro_loss: 0.08569  ,  IoU: 0.80296
[train: Epoch 43, 400 / 625] FPS: 108.7 (108.9)  ,  DataTime: 0.006 (0.006)  ,  ForwardTime: 0.282  ,  TotalTime: 0.294  ,  Loss/total: 0.75981  ,  Loss/giou: 0.21084  ,  Loss/l1: 0.01422  ,  Loss/location: 0.25003  ,  pro_loss: 0.08506  ,  IoU: 0.80309
[train: Epoch 43, 450 / 625] FPS: 108.8 (109.5)  ,  DataTime: 0.006 (0.007)  ,  ForwardTime: 0.282  ,  TotalTime: 0.294  ,  Loss/total: 0.76439  ,  Loss/giou: 0.21179  ,  Loss/l1: 0.01436  ,  Loss/location: 0.25219  ,  pro_loss: 0.08408  ,  IoU: 0.80247
[train: Epoch 43, 500 / 625] FPS: 108.8 (109.2)  ,  DataTime: 0.005 (0.006)  ,  ForwardTime: 0.282  ,  TotalTime: 0.294  ,  Loss/total: 0.76224  ,  Loss/giou: 0.21133  ,  Loss/l1: 0.01428  ,  Loss/location: 0.25129  ,  pro_loss: 0.08436  ,  IoU: 0.80270
[train: Epoch 43, 550 / 625] FPS: 108.9 (109.4)  ,  DataTime: 0.005 (0.006)  ,  ForwardTime: 0.282  ,  TotalTime: 0.294  ,  Loss/total: 0.76415  ,  Loss/giou: 0.21185  ,  Loss/l1: 0.01438  ,  Loss/location: 0.25166  ,  pro_loss: 0.08440  ,  IoU: 0.80241
[train: Epoch 43, 600 / 625] FPS: 108.9 (109.3)  ,  DataTime: 0.005 (0.006)  ,  ForwardTime: 0.282  ,  TotalTime: 0.294  ,  Loss/total: 0.76272  ,  Loss/giou: 0.21190  ,  Loss/l1: 0.01436  ,  Loss/location: 0.25019  ,  pro_loss: 0.08475  ,  IoU: 0.80227
[train: Epoch 43, 625 / 625] FPS: 108.9 (109.9)  ,  DataTime: 0.005 (0.006)  ,  ForwardTime: 0.282  ,  TotalTime: 0.294  ,  Loss/total: 0.76169  ,  Loss/giou: 0.21157  ,  Loss/l1: 0.01428  ,  Loss/location: 0.25026  ,  pro_loss: 0.08442  ,  IoU: 0.80245
[train: Epoch 44, 50 / 625] FPS: 105.2 (109.3)  ,  DataTime: 0.016 (0.007)  ,  ForwardTime: 0.282  ,  TotalTime: 0.304  ,  Loss/total: 0.78482  ,  Loss/giou: 0.21773  ,  Loss/l1: 0.01521  ,  Loss/location: 0.25729  ,  pro_loss: 0.08022  ,  IoU: 0.79735
[train: Epoch 44, 100 / 625] FPS: 107.2 (109.3)  ,  DataTime: 0.010 (0.007)  ,  ForwardTime: 0.282  ,  TotalTime: 0.298  ,  Loss/total: 0.76684  ,  Loss/giou: 0.21478  ,  Loss/l1: 0.01438  ,  Loss/location: 0.24928  ,  pro_loss: 0.08042  ,  IoU: 0.79941
[train: Epoch 44, 150 / 625] FPS: 107.9 (109.2)  ,  DataTime: 0.008 (0.007)  ,  ForwardTime: 0.282  ,  TotalTime: 0.297  ,  Loss/total: 0.76999  ,  Loss/giou: 0.21542  ,  Loss/l1: 0.01454  ,  Loss/location: 0.24998  ,  pro_loss: 0.08243  ,  IoU: 0.79905
[train: Epoch 44, 200 / 625] FPS: 108.2 (109.0)  ,  DataTime: 0.007 (0.006)  ,  ForwardTime: 0.282  ,  TotalTime: 0.296  ,  Loss/total: 0.76830  ,  Loss/giou: 0.21482  ,  Loss/l1: 0.01447  ,  Loss/location: 0.24986  ,  pro_loss: 0.08240  ,  IoU: 0.79971
[train: Epoch 44, 250 / 625] FPS: 108.4 (109.0)  ,  DataTime: 0.007 (0.006)  ,  ForwardTime: 0.282  ,  TotalTime: 0.295  ,  Loss/total: 0.76910  ,  Loss/giou: 0.21398  ,  Loss/l1: 0.01443  ,  Loss/location: 0.25263  ,  pro_loss: 0.08171  ,  IoU: 0.80048
[train: Epoch 44, 300 / 625] FPS: 108.6 (109.5)  ,  DataTime: 0.006 (0.006)  ,  ForwardTime: 0.282  ,  TotalTime: 0.295  ,  Loss/total: 0.77179  ,  Loss/giou: 0.21485  ,  Loss/l1: 0.01448  ,  Loss/location: 0.25324  ,  pro_loss: 0.08236  ,  IoU: 0.79980
[train: Epoch 44, 350 / 625] FPS: 108.7 (108.9)  ,  DataTime: 0.006 (0.006)  ,  ForwardTime: 0.282  ,  TotalTime: 0.294  ,  Loss/total: 0.76686  ,  Loss/giou: 0.21371  ,  Loss/l1: 0.01443  ,  Loss/location: 0.25074  ,  pro_loss: 0.08271  ,  IoU: 0.80090
[train: Epoch 44, 400 / 625] FPS: 108.7 (109.5)  ,  DataTime: 0.006 (0.006)  ,  ForwardTime: 0.282  ,  TotalTime: 0.294  ,  Loss/total: 0.76426  ,  Loss/giou: 0.21266  ,  Loss/l1: 0.01428  ,  Loss/location: 0.25095  ,  pro_loss: 0.08297  ,  IoU: 0.80168
[train: Epoch 44, 450 / 625] FPS: 108.8 (109.6)  ,  DataTime: 0.006 (0.006)  ,  ForwardTime: 0.282  ,  TotalTime: 0.294  ,  Loss/total: 0.75853  ,  Loss/giou: 0.21136  ,  Loss/l1: 0.01416  ,  Loss/location: 0.24841  ,  pro_loss: 0.08310  ,  IoU: 0.80283
[train: Epoch 44, 500 / 625] FPS: 108.8 (108.9)  ,  DataTime: 0.006 (0.006)  ,  ForwardTime: 0.282  ,  TotalTime: 0.294  ,  Loss/total: 0.75555  ,  Loss/giou: 0.21072  ,  Loss/l1: 0.01407  ,  Loss/location: 0.24721  ,  pro_loss: 0.08273  ,  IoU: 0.80322
[train: Epoch 44, 550 / 625] FPS: 108.9 (109.2)  ,  DataTime: 0.005 (0.006)  ,  ForwardTime: 0.282  ,  TotalTime: 0.294  ,  Loss/total: 0.75613  ,  Loss/giou: 0.21084  ,  Loss/l1: 0.01409  ,  Loss/location: 0.24729  ,  pro_loss: 0.08341  ,  IoU: 0.80314
[train: Epoch 44, 600 / 625] FPS: 108.9 (109.3)  ,  DataTime: 0.005 (0.006)  ,  ForwardTime: 0.282  ,  TotalTime: 0.294  ,  Loss/total: 0.75594  ,  Loss/giou: 0.21091  ,  Loss/l1: 0.01411  ,  Loss/location: 0.24696  ,  pro_loss: 0.08301  ,  IoU: 0.80310
[train: Epoch 44, 625 / 625] FPS: 108.9 (109.6)  ,  DataTime: 0.005 (0.006)  ,  ForwardTime: 0.282  ,  TotalTime: 0.294  ,  Loss/total: 0.75506  ,  Loss/giou: 0.21085  ,  Loss/l1: 0.01412  ,  Loss/location: 0.24621  ,  pro_loss: 0.08285  ,  IoU: 0.80309
[train: Epoch 45, 50 / 625] FPS: 105.2 (109.4)  ,  DataTime: 0.016 (0.007)  ,  ForwardTime: 0.282  ,  TotalTime: 0.304  ,  Loss/total: 0.75218  ,  Loss/giou: 0.21419  ,  Loss/l1: 0.01409  ,  Loss/location: 0.23650  ,  pro_loss: 0.08417  ,  IoU: 0.79905
[train: Epoch 45, 100 / 625] FPS: 107.2 (109.2)  ,  DataTime: 0.010 (0.007)  ,  ForwardTime: 0.282  ,  TotalTime: 0.298  ,  Loss/total: 0.75249  ,  Loss/giou: 0.20896  ,  Loss/l1: 0.01372  ,  Loss/location: 0.24900  ,  pro_loss: 0.08500  ,  IoU: 0.80349
[train: Epoch 45, 150 / 625] FPS: 107.9 (109.8)  ,  DataTime: 0.008 (0.007)  ,  ForwardTime: 0.282  ,  TotalTime: 0.297  ,  Loss/total: 0.75196  ,  Loss/giou: 0.20910  ,  Loss/l1: 0.01388  ,  Loss/location: 0.24817  ,  pro_loss: 0.08091  ,  IoU: 0.80379
[train: Epoch 45, 200 / 625] FPS: 108.2 (109.7)  ,  DataTime: 0.007 (0.007)  ,  ForwardTime: 0.282  ,  TotalTime: 0.296  ,  Loss/total: 0.75583  ,  Loss/giou: 0.21029  ,  Loss/l1: 0.01429  ,  Loss/location: 0.24789  ,  pro_loss: 0.07954  ,  IoU: 0.80297
[train: Epoch 45, 250 / 625] FPS: 108.4 (109.2)  ,  DataTime: 0.007 (0.006)  ,  ForwardTime: 0.282  ,  TotalTime: 0.295  ,  Loss/total: 0.75769  ,  Loss/giou: 0.21079  ,  Loss/l1: 0.01431  ,  Loss/location: 0.24851  ,  pro_loss: 0.08038  ,  IoU: 0.80247
[train: Epoch 45, 300 / 625] FPS: 108.5 (109.2)  ,  DataTime: 0.006 (0.006)  ,  ForwardTime: 0.282  ,  TotalTime: 0.295  ,  Loss/total: 0.75997  ,  Loss/giou: 0.21061  ,  Loss/l1: 0.01427  ,  Loss/location: 0.25141  ,  pro_loss: 0.08009  ,  IoU: 0.80252
[train: Epoch 45, 350 / 625] FPS: 108.6 (109.6)  ,  DataTime: 0.006 (0.007)  ,  ForwardTime: 0.282  ,  TotalTime: 0.295  ,  Loss/total: 0.76342  ,  Loss/giou: 0.21079  ,  Loss/l1: 0.01431  ,  Loss/location: 0.25406  ,  pro_loss: 0.08106  ,  IoU: 0.80247
[train: Epoch 45, 400 / 625] FPS: 108.7 (107.8)  ,  DataTime: 0.006 (0.006)  ,  ForwardTime: 0.282  ,  TotalTime: 0.294  ,  Loss/total: 0.76477  ,  Loss/giou: 0.21147  ,  Loss/l1: 0.01436  ,  Loss/location: 0.25385  ,  pro_loss: 0.08081  ,  IoU: 0.80214
[train: Epoch 45, 450 / 625] FPS: 108.7 (109.6)  ,  DataTime: 0.006 (0.006)  ,  ForwardTime: 0.282  ,  TotalTime: 0.294  ,  Loss/total: 0.76125  ,  Loss/giou: 0.21089  ,  Loss/l1: 0.01430  ,  Loss/location: 0.25176  ,  pro_loss: 0.08107  ,  IoU: 0.80274
[train: Epoch 45, 500 / 625] FPS: 108.8 (109.1)  ,  DataTime: 0.006 (0.006)  ,  ForwardTime: 0.282  ,  TotalTime: 0.294  ,  Loss/total: 0.76163  ,  Loss/giou: 0.21091  ,  Loss/l1: 0.01424  ,  Loss/location: 0.25226  ,  pro_loss: 0.08161  ,  IoU: 0.80269
[train: Epoch 45, 550 / 625] FPS: 108.8 (108.1)  ,  DataTime: 0.005 (0.006)  ,  ForwardTime: 0.282  ,  TotalTime: 0.294  ,  Loss/total: 0.76197  ,  Loss/giou: 0.21120  ,  Loss/l1: 0.01428  ,  Loss/location: 0.25182  ,  pro_loss: 0.08165  ,  IoU: 0.80253
[train: Epoch 45, 600 / 625] FPS: 108.9 (109.4)  ,  DataTime: 0.005 (0.006)  ,  ForwardTime: 0.282  ,  TotalTime: 0.294  ,  Loss/total: 0.75983  ,  Loss/giou: 0.21073  ,  Loss/l1: 0.01426  ,  Loss/location: 0.25070  ,  pro_loss: 0.08195  ,  IoU: 0.80293
[train: Epoch 45, 625 / 625] FPS: 108.9 (109.5)  ,  DataTime: 0.005 (0.006)  ,  ForwardTime: 0.282  ,  TotalTime: 0.294  ,  Loss/total: 0.76039  ,  Loss/giou: 0.21085  ,  Loss/l1: 0.01429  ,  Loss/location: 0.25082  ,  pro_loss: 0.08219  ,  IoU: 0.80286
[val: Epoch 45, 50 / 156] FPS: 207.1 (225.7)  ,  DataTime: 0.017 (0.007)  ,  ForwardTime: 0.130  ,  TotalTime: 0.154  ,  Loss/total: 0.71392  ,  Loss/giou: 0.18497  ,  Loss/l1: 0.01209  ,  Loss/location: 0.28354  ,  pro_loss: 0.00000  ,  IoU: 0.82244
[val: Epoch 45, 100 / 156] FPS: 216.3 (227.4)  ,  DataTime: 0.011 (0.007)  ,  ForwardTime: 0.130  ,  TotalTime: 0.148  ,  Loss/total: 0.74453  ,  Loss/giou: 0.19174  ,  Loss/l1: 0.01332  ,  Loss/location: 0.29445  ,  pro_loss: 0.00000  ,  IoU: 0.81843
[val: Epoch 45, 150 / 156] FPS: 219.5 (228.2)  ,  DataTime: 0.009 (0.007)  ,  ForwardTime: 0.130  ,  TotalTime: 0.146  ,  Loss/total: 0.74363  ,  Loss/giou: 0.19151  ,  Loss/l1: 0.01328  ,  Loss/location: 0.29422  ,  pro_loss: 0.00000  ,  IoU: 0.81853
[val: Epoch 45, 156 / 156] FPS: 219.9 (230.5)  ,  DataTime: 0.009 (0.007)  ,  ForwardTime: 0.130  ,  TotalTime: 0.146  ,  Loss/total: 0.74229  ,  Loss/giou: 0.19089  ,  Loss/l1: 0.01325  ,  Loss/location: 0.29424  ,  pro_loss: 0.00000  ,  IoU: 0.81913
[train: Epoch 46, 50 / 625] FPS: 105.0 (109.1)  ,  DataTime: 0.016 (0.007)  ,  ForwardTime: 0.282  ,  TotalTime: 0.305  ,  Loss/total: 0.76191  ,  Loss/giou: 0.20966  ,  Loss/l1: 0.01372  ,  Loss/location: 0.25844  ,  pro_loss: 0.07771  ,  IoU: 0.80417
[train: Epoch 46, 100 / 625] FPS: 107.1 (109.1)  ,  DataTime: 0.010 (0.006)  ,  ForwardTime: 0.282  ,  TotalTime: 0.299  ,  Loss/total: 0.76193  ,  Loss/giou: 0.21000  ,  Loss/l1: 0.01431  ,  Loss/location: 0.25486  ,  pro_loss: 0.07771  ,  IoU: 0.80465
[train: Epoch 46, 150 / 625] FPS: 107.8 (108.5)  ,  DataTime: 0.008 (0.006)  ,  ForwardTime: 0.282  ,  TotalTime: 0.297  ,  Loss/total: 0.75609  ,  Loss/giou: 0.21019  ,  Loss/l1: 0.01398  ,  Loss/location: 0.25039  ,  pro_loss: 0.07715  ,  IoU: 0.80386
[train: Epoch 46, 200 / 625] FPS: 108.2 (109.7)  ,  DataTime: 0.007 (0.006)  ,  ForwardTime: 0.282  ,  TotalTime: 0.296  ,  Loss/total: 0.75523  ,  Loss/giou: 0.21020  ,  Loss/l1: 0.01404  ,  Loss/location: 0.24922  ,  pro_loss: 0.07709  ,  IoU: 0.80377
[train: Epoch 46, 250 / 625] FPS: 108.4 (109.1)  ,  DataTime: 0.007 (0.006)  ,  ForwardTime: 0.282  ,  TotalTime: 0.295  ,  Loss/total: 0.75224  ,  Loss/giou: 0.20903  ,  Loss/l1: 0.01394  ,  Loss/location: 0.24894  ,  pro_loss: 0.07776  ,  IoU: 0.80477
[train: Epoch 46, 300 / 625] FPS: 108.5 (108.6)  ,  DataTime: 0.006 (0.006)  ,  ForwardTime: 0.282  ,  TotalTime: 0.295  ,  Loss/total: 0.75365  ,  Loss/giou: 0.20923  ,  Loss/l1: 0.01392  ,  Loss/location: 0.24998  ,  pro_loss: 0.07803  ,  IoU: 0.80449
[train: Epoch 46, 350 / 625] FPS: 108.6 (109.4)  ,  DataTime: 0.006 (0.006)  ,  ForwardTime: 0.282  ,  TotalTime: 0.295  ,  Loss/total: 0.75388  ,  Loss/giou: 0.20896  ,  Loss/l1: 0.01385  ,  Loss/location: 0.25087  ,  pro_loss: 0.07930  ,  IoU: 0.80453
[train: Epoch 46, 400 / 625] FPS: 108.7 (109.9)  ,  DataTime: 0.006 (0.006)  ,  ForwardTime: 0.282  ,  TotalTime: 0.294  ,  Loss/total: 0.75586  ,  Loss/giou: 0.20969  ,  Loss/l1: 0.01400  ,  Loss/location: 0.25059  ,  pro_loss: 0.07949  ,  IoU: 0.80410
[train: Epoch 46, 450 / 625] FPS: 108.7 (109.4)  ,  DataTime: 0.006 (0.006)  ,  ForwardTime: 0.282  ,  TotalTime: 0.294  ,  Loss/total: 0.75531  ,  Loss/giou: 0.20976  ,  Loss/l1: 0.01399  ,  Loss/location: 0.24978  ,  pro_loss: 0.08026  ,  IoU: 0.80407
[train: Epoch 46, 500 / 625] FPS: 108.8 (109.1)  ,  DataTime: 0.006 (0.006)  ,  ForwardTime: 0.282  ,  TotalTime: 0.294  ,  Loss/total: 0.75184  ,  Loss/giou: 0.20884  ,  Loss/l1: 0.01391  ,  Loss/location: 0.24848  ,  pro_loss: 0.08051  ,  IoU: 0.80481
[train: Epoch 46, 550 / 625] FPS: 108.8 (108.8)  ,  DataTime: 0.006 (0.006)  ,  ForwardTime: 0.282  ,  TotalTime: 0.294  ,  Loss/total: 0.75251  ,  Loss/giou: 0.20933  ,  Loss/l1: 0.01399  ,  Loss/location: 0.24773  ,  pro_loss: 0.08090  ,  IoU: 0.80445
[train: Epoch 46, 600 / 625] FPS: 108.9 (109.0)  ,  DataTime: 0.005 (0.006)  ,  ForwardTime: 0.282  ,  TotalTime: 0.294  ,  Loss/total: 0.74862  ,  Loss/giou: 0.20867  ,  Loss/l1: 0.01385  ,  Loss/location: 0.24591  ,  pro_loss: 0.08049  ,  IoU: 0.80490
[train: Epoch 46, 625 / 625] FPS: 108.9 (110.1)  ,  DataTime: 0.005 (0.006)  ,  ForwardTime: 0.282  ,  TotalTime: 0.294  ,  Loss/total: 0.74826  ,  Loss/giou: 0.20862  ,  Loss/l1: 0.01384  ,  Loss/location: 0.24572  ,  pro_loss: 0.08047  ,  IoU: 0.80492
[train: Epoch 47, 50 / 625] FPS: 103.6 (108.2)  ,  DataTime: 0.020 (0.007)  ,  ForwardTime: 0.282  ,  TotalTime: 0.309  ,  Loss/total: 0.74063  ,  Loss/giou: 0.20862  ,  Loss/l1: 0.01362  ,  Loss/location: 0.23994  ,  pro_loss: 0.07687  ,  IoU: 0.80477
[train: Epoch 47, 100 / 625] FPS: 106.4 (109.4)  ,  DataTime: 0.012 (0.007)  ,  ForwardTime: 0.282  ,  TotalTime: 0.301  ,  Loss/total: 0.75299  ,  Loss/giou: 0.21173  ,  Loss/l1: 0.01404  ,  Loss/location: 0.24346  ,  pro_loss: 0.07938  ,  IoU: 0.80212
[train: Epoch 47, 150 / 625] FPS: 107.3 (109.1)  ,  DataTime: 0.010 (0.007)  ,  ForwardTime: 0.282  ,  TotalTime: 0.298  ,  Loss/total: 0.76825  ,  Loss/giou: 0.21413  ,  Loss/l1: 0.01473  ,  Loss/location: 0.25047  ,  pro_loss: 0.07938  ,  IoU: 0.80123
[train: Epoch 47, 200 / 625] FPS: 107.8 (109.1)  ,  DataTime: 0.008 (0.007)  ,  ForwardTime: 0.282  ,  TotalTime: 0.297  ,  Loss/total: 0.76504  ,  Loss/giou: 0.21338  ,  Loss/l1: 0.01464  ,  Loss/location: 0.24915  ,  pro_loss: 0.07964  ,  IoU: 0.80156
[train: Epoch 47, 250 / 625] FPS: 108.1 (108.2)  ,  DataTime: 0.008 (0.007)  ,  ForwardTime: 0.282  ,  TotalTime: 0.296  ,  Loss/total: 0.76502  ,  Loss/giou: 0.21324  ,  Loss/l1: 0.01449  ,  Loss/location: 0.25037  ,  pro_loss: 0.07875  ,  IoU: 0.80131
[train: Epoch 47, 300 / 625] FPS: 108.3 (108.9)  ,  DataTime: 0.007 (0.007)  ,  ForwardTime: 0.282  ,  TotalTime: 0.296  ,  Loss/total: 0.76596  ,  Loss/giou: 0.21306  ,  Loss/l1: 0.01444  ,  Loss/location: 0.25185  ,  pro_loss: 0.07906  ,  IoU: 0.80143
[train: Epoch 47, 350 / 625] FPS: 108.4 (109.0)  ,  DataTime: 0.007 (0.007)  ,  ForwardTime: 0.282  ,  TotalTime: 0.295  ,  Loss/total: 0.76113  ,  Loss/giou: 0.21153  ,  Loss/l1: 0.01428  ,  Loss/location: 0.25087  ,  pro_loss: 0.07893  ,  IoU: 0.80269
[train: Epoch 47, 400 / 625] FPS: 108.5 (109.1)  ,  DataTime: 0.006 (0.007)  ,  ForwardTime: 0.282  ,  TotalTime: 0.295  ,  Loss/total: 0.76126  ,  Loss/giou: 0.21139  ,  Loss/l1: 0.01432  ,  Loss/location: 0.25102  ,  pro_loss: 0.07922  ,  IoU: 0.80282
[train: Epoch 47, 450 / 625] FPS: 108.6 (109.0)  ,  DataTime: 0.006 (0.007)  ,  ForwardTime: 0.282  ,  TotalTime: 0.295  ,  Loss/total: 0.76334  ,  Loss/giou: 0.21145  ,  Loss/l1: 0.01432  ,  Loss/location: 0.25298  ,  pro_loss: 0.07933  ,  IoU: 0.80268
[train: Epoch 47, 500 / 625] FPS: 108.6 (109.0)  ,  DataTime: 0.006 (0.007)  ,  ForwardTime: 0.282  ,  TotalTime: 0.295  ,  Loss/total: 0.76202  ,  Loss/giou: 0.21119  ,  Loss/l1: 0.01431  ,  Loss/location: 0.25212  ,  pro_loss: 0.07971  ,  IoU: 0.80301
[train: Epoch 47, 550 / 625] FPS: 108.7 (109.4)  ,  DataTime: 0.006 (0.007)  ,  ForwardTime: 0.282  ,  TotalTime: 0.294  ,  Loss/total: 0.76443  ,  Loss/giou: 0.21178  ,  Loss/l1: 0.01435  ,  Loss/location: 0.25311  ,  pro_loss: 0.08008  ,  IoU: 0.80254
[train: Epoch 47, 600 / 625] FPS: 108.7 (109.3)  ,  DataTime: 0.006 (0.007)  ,  ForwardTime: 0.282  ,  TotalTime: 0.294  ,  Loss/total: 0.76322  ,  Loss/giou: 0.21154  ,  Loss/l1: 0.01437  ,  Loss/location: 0.25227  ,  pro_loss: 0.07997  ,  IoU: 0.80286
[train: Epoch 47, 625 / 625] FPS: 108.7 (109.9)  ,  DataTime: 0.006 (0.007)  ,  ForwardTime: 0.282  ,  TotalTime: 0.294  ,  Loss/total: 0.76234  ,  Loss/giou: 0.21122  ,  Loss/l1: 0.01433  ,  Loss/location: 0.25225  ,  pro_loss: 0.07997  ,  IoU: 0.80311
[train: Epoch 48, 50 / 625] FPS: 105.4 (109.3)  ,  DataTime: 0.015 (0.007)  ,  ForwardTime: 0.282  ,  TotalTime: 0.304  ,  Loss/total: 0.73432  ,  Loss/giou: 0.21113  ,  Loss/l1: 0.01378  ,  Loss/location: 0.22697  ,  pro_loss: 0.08084  ,  IoU: 0.80213
[train: Epoch 48, 100 / 625] FPS: 107.3 (109.5)  ,  DataTime: 0.010 (0.007)  ,  ForwardTime: 0.282  ,  TotalTime: 0.298  ,  Loss/total: 0.74141  ,  Loss/giou: 0.21014  ,  Loss/l1: 0.01383  ,  Loss/location: 0.23564  ,  pro_loss: 0.08179  ,  IoU: 0.80358
[train: Epoch 48, 150 / 625] FPS: 108.0 (109.7)  ,  DataTime: 0.008 (0.007)  ,  ForwardTime: 0.282  ,  TotalTime: 0.296  ,  Loss/total: 0.73829  ,  Loss/giou: 0.20911  ,  Loss/l1: 0.01401  ,  Loss/location: 0.23375  ,  pro_loss: 0.08133  ,  IoU: 0.80510
[train: Epoch 48, 200 / 625] FPS: 108.3 (109.3)  ,  DataTime: 0.007 (0.007)  ,  ForwardTime: 0.282  ,  TotalTime: 0.295  ,  Loss/total: 0.73726  ,  Loss/giou: 0.20757  ,  Loss/l1: 0.01386  ,  Loss/location: 0.23648  ,  pro_loss: 0.08168  ,  IoU: 0.80602
[train: Epoch 48, 250 / 625] FPS: 108.5 (109.4)  ,  DataTime: 0.006 (0.007)  ,  ForwardTime: 0.282  ,  TotalTime: 0.295  ,  Loss/total: 0.74073  ,  Loss/giou: 0.20711  ,  Loss/l1: 0.01376  ,  Loss/location: 0.24127  ,  pro_loss: 0.08226  ,  IoU: 0.80627
[train: Epoch 48, 300 / 625] FPS: 108.6 (109.2)  ,  DataTime: 0.006 (0.007)  ,  ForwardTime: 0.282  ,  TotalTime: 0.295  ,  Loss/total: 0.74141  ,  Loss/giou: 0.20711  ,  Loss/l1: 0.01372  ,  Loss/location: 0.24233  ,  pro_loss: 0.08143  ,  IoU: 0.80627
[train: Epoch 48, 350 / 625] FPS: 108.7 (109.6)  ,  DataTime: 0.006 (0.007)  ,  ForwardTime: 0.282  ,  TotalTime: 0.294  ,  Loss/total: 0.74100  ,  Loss/giou: 0.20697  ,  Loss/l1: 0.01372  ,  Loss/location: 0.24214  ,  pro_loss: 0.08171  ,  IoU: 0.80638
[train: Epoch 48, 400 / 625] FPS: 108.8 (108.3)  ,  DataTime: 0.006 (0.007)  ,  ForwardTime: 0.282  ,  TotalTime: 0.294  ,  Loss/total: 0.74302  ,  Loss/giou: 0.20753  ,  Loss/l1: 0.01381  ,  Loss/location: 0.24251  ,  pro_loss: 0.08199  ,  IoU: 0.80602
[train: Epoch 48, 450 / 625] FPS: 108.8 (109.3)  ,  DataTime: 0.006 (0.007)  ,  ForwardTime: 0.282  ,  TotalTime: 0.294  ,  Loss/total: 0.74420  ,  Loss/giou: 0.20723  ,  Loss/l1: 0.01387  ,  Loss/location: 0.24406  ,  pro_loss: 0.08182  ,  IoU: 0.80623
[train: Epoch 48, 500 / 625] FPS: 108.9 (109.3)  ,  DataTime: 0.005 (0.007)  ,  ForwardTime: 0.282  ,  TotalTime: 0.294  ,  Loss/total: 0.74210  ,  Loss/giou: 0.20637  ,  Loss/l1: 0.01378  ,  Loss/location: 0.24425  ,  pro_loss: 0.08124  ,  IoU: 0.80686
[train: Epoch 48, 550 / 625] FPS: 108.9 (109.3)  ,  DataTime: 0.005 (0.007)  ,  ForwardTime: 0.282  ,  TotalTime: 0.294  ,  Loss/total: 0.74225  ,  Loss/giou: 0.20620  ,  Loss/l1: 0.01369  ,  Loss/location: 0.24511  ,  pro_loss: 0.08155  ,  IoU: 0.80689
[train: Epoch 48, 600 / 625] FPS: 108.9 (108.9)  ,  DataTime: 0.005 (0.007)  ,  ForwardTime: 0.282  ,  TotalTime: 0.294  ,  Loss/total: 0.74324  ,  Loss/giou: 0.20650  ,  Loss/l1: 0.01373  ,  Loss/location: 0.24524  ,  pro_loss: 0.08178  ,  IoU: 0.80668
[train: Epoch 48, 625 / 625] FPS: 109.0 (109.6)  ,  DataTime: 0.005 (0.007)  ,  ForwardTime: 0.282  ,  TotalTime: 0.294  ,  Loss/total: 0.74400  ,  Loss/giou: 0.20673  ,  Loss/l1: 0.01378  ,  Loss/location: 0.24528  ,  pro_loss: 0.08171  ,  IoU: 0.80657
[train: Epoch 49, 50 / 625] FPS: 105.1 (109.5)  ,  DataTime: 0.016 (0.007)  ,  ForwardTime: 0.282  ,  TotalTime: 0.304  ,  Loss/total: 0.72010  ,  Loss/giou: 0.20115  ,  Loss/l1: 0.01339  ,  Loss/location: 0.23423  ,  pro_loss: 0.08319  ,  IoU: 0.81185
[train: Epoch 49, 100 / 625] FPS: 107.1 (109.1)  ,  DataTime: 0.010 (0.007)  ,  ForwardTime: 0.282  ,  TotalTime: 0.299  ,  Loss/total: 0.74526  ,  Loss/giou: 0.20520  ,  Loss/l1: 0.01383  ,  Loss/location: 0.24923  ,  pro_loss: 0.08232  ,  IoU: 0.80853
[train: Epoch 49, 150 / 625] FPS: 107.8 (109.5)  ,  DataTime: 0.008 (0.007)  ,  ForwardTime: 0.282  ,  TotalTime: 0.297  ,  Loss/total: 0.73919  ,  Loss/giou: 0.20360  ,  Loss/l1: 0.01330  ,  Loss/location: 0.24846  ,  pro_loss: 0.08510  ,  IoU: 0.80925
[train: Epoch 49, 200 / 625] FPS: 108.2 (109.2)  ,  DataTime: 0.007 (0.007)  ,  ForwardTime: 0.282  ,  TotalTime: 0.296  ,  Loss/total: 0.73528  ,  Loss/giou: 0.20384  ,  Loss/l1: 0.01326  ,  Loss/location: 0.24449  ,  pro_loss: 0.08419  ,  IoU: 0.80904
[train: Epoch 49, 250 / 625] FPS: 108.4 (109.2)  ,  DataTime: 0.007 (0.007)  ,  ForwardTime: 0.282  ,  TotalTime: 0.295  ,  Loss/total: 0.73031  ,  Loss/giou: 0.20326  ,  Loss/l1: 0.01316  ,  Loss/location: 0.24136  ,  pro_loss: 0.08306  ,  IoU: 0.80920
[train: Epoch 49, 300 / 625] FPS: 108.5 (109.5)  ,  DataTime: 0.006 (0.007)  ,  ForwardTime: 0.282  ,  TotalTime: 0.295  ,  Loss/total: 0.73471  ,  Loss/giou: 0.20428  ,  Loss/l1: 0.01328  ,  Loss/location: 0.24311  ,  pro_loss: 0.08318  ,  IoU: 0.80835
[train: Epoch 49, 350 / 625] FPS: 108.6 (109.6)  ,  DataTime: 0.006 (0.007)  ,  ForwardTime: 0.282  ,  TotalTime: 0.295  ,  Loss/total: 0.73332  ,  Loss/giou: 0.20449  ,  Loss/l1: 0.01329  ,  Loss/location: 0.24129  ,  pro_loss: 0.08317  ,  IoU: 0.80808
[train: Epoch 49, 400 / 625] FPS: 108.7 (109.2)  ,  DataTime: 0.006 (0.007)  ,  ForwardTime: 0.282  ,  TotalTime: 0.294  ,  Loss/total: 0.73465  ,  Loss/giou: 0.20493  ,  Loss/l1: 0.01338  ,  Loss/location: 0.24133  ,  pro_loss: 0.08278  ,  IoU: 0.80775
[train: Epoch 49, 450 / 625] FPS: 108.8 (109.2)  ,  DataTime: 0.006 (0.007)  ,  ForwardTime: 0.282  ,  TotalTime: 0.294  ,  Loss/total: 0.73350  ,  Loss/giou: 0.20472  ,  Loss/l1: 0.01337  ,  Loss/location: 0.24059  ,  pro_loss: 0.08310  ,  IoU: 0.80782
[train: Epoch 49, 500 / 625] FPS: 108.8 (109.6)  ,  DataTime: 0.006 (0.007)  ,  ForwardTime: 0.282  ,  TotalTime: 0.294  ,  Loss/total: 0.73844  ,  Loss/giou: 0.20585  ,  Loss/l1: 0.01354  ,  Loss/location: 0.24240  ,  pro_loss: 0.08306  ,  IoU: 0.80702
[train: Epoch 49, 550 / 625] FPS: 108.9 (109.0)  ,  DataTime: 0.005 (0.007)  ,  ForwardTime: 0.282  ,  TotalTime: 0.294  ,  Loss/total: 0.73652  ,  Loss/giou: 0.20551  ,  Loss/l1: 0.01353  ,  Loss/location: 0.24134  ,  pro_loss: 0.08261  ,  IoU: 0.80725
[train: Epoch 49, 600 / 625] FPS: 108.9 (109.1)  ,  DataTime: 0.005 (0.007)  ,  ForwardTime: 0.282  ,  TotalTime: 0.294  ,  Loss/total: 0.74143  ,  Loss/giou: 0.20665  ,  Loss/l1: 0.01374  ,  Loss/location: 0.24281  ,  pro_loss: 0.08306  ,  IoU: 0.80653
[train: Epoch 49, 625 / 625] FPS: 108.9 (108.7)  ,  DataTime: 0.005 (0.007)  ,  ForwardTime: 0.282  ,  TotalTime: 0.294  ,  Loss/total: 0.74180  ,  Loss/giou: 0.20682  ,  Loss/l1: 0.01374  ,  Loss/location: 0.24285  ,  pro_loss: 0.08314  ,  IoU: 0.80636
[train: Epoch 50, 50 / 625] FPS: 105.4 (109.1)  ,  DataTime: 0.015 (0.007)  ,  ForwardTime: 0.282  ,  TotalTime: 0.304  ,  Loss/total: 0.74284  ,  Loss/giou: 0.20729  ,  Loss/l1: 0.01364  ,  Loss/location: 0.24475  ,  pro_loss: 0.07646  ,  IoU: 0.80593
[train: Epoch 50, 100 / 625] FPS: 107.3 (109.3)  ,  DataTime: 0.010 (0.007)  ,  ForwardTime: 0.282  ,  TotalTime: 0.298  ,  Loss/total: 0.73464  ,  Loss/giou: 0.20496  ,  Loss/l1: 0.01343  ,  Loss/location: 0.24127  ,  pro_loss: 0.08159  ,  IoU: 0.80794
[train: Epoch 50, 150 / 625] FPS: 107.9 (109.3)  ,  DataTime: 0.008 (0.007)  ,  ForwardTime: 0.282  ,  TotalTime: 0.297  ,  Loss/total: 0.74040  ,  Loss/giou: 0.20700  ,  Loss/l1: 0.01374  ,  Loss/location: 0.24148  ,  pro_loss: 0.08120  ,  IoU: 0.80664
[train: Epoch 50, 200 / 625] FPS: 108.3 (109.1)  ,  DataTime: 0.007 (0.007)  ,  ForwardTime: 0.282  ,  TotalTime: 0.296  ,  Loss/total: 0.74482  ,  Loss/giou: 0.20887  ,  Loss/l1: 0.01397  ,  Loss/location: 0.24078  ,  pro_loss: 0.08241  ,  IoU: 0.80518
[train: Epoch 50, 250 / 625] FPS: 108.4 (109.2)  ,  DataTime: 0.006 (0.007)  ,  ForwardTime: 0.282  ,  TotalTime: 0.295  ,  Loss/total: 0.75084  ,  Loss/giou: 0.20943  ,  Loss/l1: 0.01398  ,  Loss/location: 0.24544  ,  pro_loss: 0.08322  ,  IoU: 0.80443
[train: Epoch 50, 300 / 625] FPS: 108.6 (109.0)  ,  DataTime: 0.006 (0.007)  ,  ForwardTime: 0.282  ,  TotalTime: 0.295  ,  Loss/total: 0.75342  ,  Loss/giou: 0.20950  ,  Loss/l1: 0.01398  ,  Loss/location: 0.24797  ,  pro_loss: 0.08275  ,  IoU: 0.80433
[train: Epoch 50, 350 / 625] FPS: 108.7 (109.5)  ,  DataTime: 0.006 (0.007)  ,  ForwardTime: 0.282  ,  TotalTime: 0.295  ,  Loss/total: 0.75800  ,  Loss/giou: 0.21037  ,  Loss/l1: 0.01414  ,  Loss/location: 0.24999  ,  pro_loss: 0.08272  ,  IoU: 0.80365
[train: Epoch 50, 400 / 625] FPS: 108.7 (108.6)  ,  DataTime: 0.006 (0.007)  ,  ForwardTime: 0.282  ,  TotalTime: 0.294  ,  Loss/total: 0.75594  ,  Loss/giou: 0.20977  ,  Loss/l1: 0.01404  ,  Loss/location: 0.24957  ,  pro_loss: 0.08308  ,  IoU: 0.80406
[train: Epoch 50, 450 / 625] FPS: 108.8 (109.4)  ,  DataTime: 0.006 (0.007)  ,  ForwardTime: 0.282  ,  TotalTime: 0.294  ,  Loss/total: 0.75531  ,  Loss/giou: 0.20965  ,  Loss/l1: 0.01401  ,  Loss/location: 0.24949  ,  pro_loss: 0.08244  ,  IoU: 0.80406
[train: Epoch 50, 500 / 625] FPS: 108.8 (109.4)  ,  DataTime: 0.005 (0.007)  ,  ForwardTime: 0.282  ,  TotalTime: 0.294  ,  Loss/total: 0.75337  ,  Loss/giou: 0.20922  ,  Loss/l1: 0.01396  ,  Loss/location: 0.24859  ,  pro_loss: 0.08280  ,  IoU: 0.80439
[train: Epoch 50, 550 / 625] FPS: 108.8 (109.7)  ,  DataTime: 0.005 (0.007)  ,  ForwardTime: 0.282  ,  TotalTime: 0.294  ,  Loss/total: 0.75083  ,  Loss/giou: 0.20892  ,  Loss/l1: 0.01384  ,  Loss/location: 0.24712  ,  pro_loss: 0.08328  ,  IoU: 0.80454
[train: Epoch 50, 600 / 625] FPS: 108.9 (109.5)  ,  DataTime: 0.005 (0.007)  ,  ForwardTime: 0.282  ,  TotalTime: 0.294  ,  Loss/total: 0.75004  ,  Loss/giou: 0.20865  ,  Loss/l1: 0.01385  ,  Loss/location: 0.24690  ,  pro_loss: 0.08291  ,  IoU: 0.80479
[train: Epoch 50, 625 / 625] FPS: 108.9 (109.3)  ,  DataTime: 0.005 (0.007)  ,  ForwardTime: 0.282  ,  TotalTime: 0.294  ,  Loss/total: 0.74966  ,  Loss/giou: 0.20842  ,  Loss/l1: 0.01380  ,  Loss/location: 0.24723  ,  pro_loss: 0.08284  ,  IoU: 0.80488
[val: Epoch 50, 50 / 156] FPS: 208.1 (229.2)  ,  DataTime: 0.017 (0.007)  ,  ForwardTime: 0.130  ,  TotalTime: 0.154  ,  Loss/total: 0.70551  ,  Loss/giou: 0.18398  ,  Loss/l1: 0.01250  ,  Loss/location: 0.27507  ,  pro_loss: 0.00000  ,  IoU: 0.82409
[val: Epoch 50, 100 / 156] FPS: 217.3 (228.0)  ,  DataTime: 0.011 (0.007)  ,  ForwardTime: 0.130  ,  TotalTime: 0.147  ,  Loss/total: 0.71002  ,  Loss/giou: 0.18466  ,  Loss/l1: 0.01254  ,  Loss/location: 0.27800  ,  pro_loss: 0.00000  ,  IoU: 0.82404
[val: Epoch 50, 150 / 156] FPS: 220.9 (228.9)  ,  DataTime: 0.008 (0.007)  ,  ForwardTime: 0.130  ,  TotalTime: 0.145  ,  Loss/total: 0.71979  ,  Loss/giou: 0.18577  ,  Loss/l1: 0.01277  ,  Loss/location: 0.28441  ,  pro_loss: 0.00000  ,  IoU: 0.82330
[val: Epoch 50, 156 / 156] FPS: 221.3 (233.0)  ,  DataTime: 0.008 (0.006)  ,  ForwardTime: 0.130  ,  TotalTime: 0.145  ,  Loss/total: 0.72157  ,  Loss/giou: 0.18595  ,  Loss/l1: 0.01279  ,  Loss/location: 0.28571  ,  pro_loss: 0.00000  ,  IoU: 0.82307
