[train: Epoch 1, 50 / 625] FPS: 108.4 (118.8)  ,  DataTime: 0.018 (0.006)  ,  ForwardTime: 0.271  ,  TotalTime: 0.295  ,  Loss/total: 31.25202  ,  Loss/giou: 1.26799  ,  Loss/l1: 0.28182  ,  Loss/location: 27.21179  ,  pro_loss: 0.47580  ,  IoU: 0.06057
[train: Epoch 1, 100 / 625] FPS: 113.4 (118.3)  ,  DataTime: 0.012 (0.006)  ,  ForwardTime: 0.265  ,  TotalTime: 0.282  ,  Loss/total: 23.93594  ,  Loss/giou: 1.22105  ,  Loss/l1: 0.26914  ,  Loss/location: 20.05879  ,  pro_loss: 0.44672  ,  IoU: 0.07004
[train: Epoch 1, 150 / 625] FPS: 115.1 (118.9)  ,  DataTime: 0.009 (0.006)  ,  ForwardTime: 0.263  ,  TotalTime: 0.278  ,  Loss/total: 19.85617  ,  Loss/giou: 1.19134  ,  Loss/l1: 0.26455  ,  Loss/location: 16.06669  ,  pro_loss: 0.42010  ,  IoU: 0.07446
[train: Epoch 1, 200 / 625] FPS: 116.0 (119.3)  ,  DataTime: 0.008 (0.006)  ,  ForwardTime: 0.262  ,  TotalTime: 0.276  ,  Loss/total: 17.28725  ,  Loss/giou: 1.16568  ,  Loss/l1: 0.25804  ,  Loss/location: 13.58674  ,  pro_loss: 0.39466  ,  IoU: 0.07988
[train: Epoch 1, 250 / 625] FPS: 116.5 (119.0)  ,  DataTime: 0.008 (0.006)  ,  ForwardTime: 0.261  ,  TotalTime: 0.275  ,  Loss/total: 15.51881  ,  Loss/giou: 1.14786  ,  Loss/l1: 0.25346  ,  Loss/location: 11.88082  ,  pro_loss: 0.37477  ,  IoU: 0.08298
[train: Epoch 1, 300 / 625] FPS: 116.8 (118.0)  ,  DataTime: 0.007 (0.006)  ,  ForwardTime: 0.261  ,  TotalTime: 0.274  ,  Loss/total: 14.23360  ,  Loss/giou: 1.13255  ,  Loss/l1: 0.24898  ,  Loss/location: 10.65262  ,  pro_loss: 0.35501  ,  IoU: 0.08722
[train: Epoch 1, 350 / 625] FPS: 117.1 (119.3)  ,  DataTime: 0.007 (0.006)  ,  ForwardTime: 0.261  ,  TotalTime: 0.273  ,  Loss/total: 13.13290  ,  Loss/giou: 1.11567  ,  Loss/l1: 0.24200  ,  Loss/location: 9.62451  ,  pro_loss: 0.33521  ,  IoU: 0.09404
[train: Epoch 1, 400 / 625] FPS: 117.3 (119.2)  ,  DataTime: 0.006 (0.006)  ,  ForwardTime: 0.261  ,  TotalTime: 0.273  ,  Loss/total: 12.37333  ,  Loss/giou: 1.10435  ,  Loss/l1: 0.23608  ,  Loss/location: 8.92085  ,  pro_loss: 0.31697  ,  IoU: 0.10008
[train: Epoch 1, 450 / 625] FPS: 117.5 (118.1)  ,  DataTime: 0.006 (0.006)  ,  ForwardTime: 0.260  ,  TotalTime: 0.272  ,  Loss/total: 11.68175  ,  Loss/giou: 1.09440  ,  Loss/l1: 0.23082  ,  Loss/location: 8.27990  ,  pro_loss: 0.29474  ,  IoU: 0.10612
[train: Epoch 1, 500 / 625] FPS: 117.6 (118.9)  ,  DataTime: 0.006 (0.006)  ,  ForwardTime: 0.260  ,  TotalTime: 0.272  ,  Loss/total: 11.06427  ,  Loss/giou: 1.08071  ,  Loss/l1: 0.22412  ,  Loss/location: 7.72775  ,  pro_loss: 0.27243  ,  IoU: 0.11602
[train: Epoch 1, 550 / 625] FPS: 117.7 (118.9)  ,  DataTime: 0.006 (0.006)  ,  ForwardTime: 0.260  ,  TotalTime: 0.272  ,  Loss/total: 10.53062  ,  Loss/giou: 1.06890  ,  Loss/l1: 0.21803  ,  Loss/location: 7.25192  ,  pro_loss: 0.25384  ,  IoU: 0.12547
[train: Epoch 1, 600 / 625] FPS: 117.8 (119.8)  ,  DataTime: 0.006 (0.006)  ,  ForwardTime: 0.260  ,  TotalTime: 0.272  ,  Loss/total: 10.05965  ,  Loss/giou: 1.05600  ,  Loss/l1: 0.21187  ,  Loss/location: 6.84069  ,  pro_loss: 0.23798  ,  IoU: 0.13565
[train: Epoch 1, 625 / 625] FPS: 117.9 (120.3)  ,  DataTime: 0.006 (0.006)  ,  ForwardTime: 0.260  ,  TotalTime: 0.272  ,  Loss/total: 9.84781  ,  Loss/giou: 1.05013  ,  Loss/l1: 0.20909  ,  Loss/location: 6.65582  ,  pro_loss: 0.23150  ,  IoU: 0.14067
[train: Epoch 2, 50 / 625] FPS: 113.3 (119.4)  ,  DataTime: 0.018 (0.006)  ,  ForwardTime: 0.258  ,  TotalTime: 0.283  ,  Loss/total: 4.43149  ,  Loss/giou: 0.86548  ,  Loss/l1: 0.12685  ,  Loss/location: 2.05307  ,  pro_loss: 0.06613  ,  IoU: 0.28404
[train: Epoch 2, 100 / 625] FPS: 116.1 (118.9)  ,  DataTime: 0.011 (0.006)  ,  ForwardTime: 0.259  ,  TotalTime: 0.276  ,  Loss/total: 4.51498  ,  Loss/giou: 0.86758  ,  Loss/l1: 0.12727  ,  Loss/location: 2.13018  ,  pro_loss: 0.06640  ,  IoU: 0.28911
[train: Epoch 2, 150 / 625] FPS: 117.1 (118.4)  ,  DataTime: 0.009 (0.006)  ,  ForwardTime: 0.259  ,  TotalTime: 0.273  ,  Loss/total: 4.44921  ,  Loss/giou: 0.86650  ,  Loss/l1: 0.12846  ,  Loss/location: 2.06104  ,  pro_loss: 0.06425  ,  IoU: 0.28975
[train: Epoch 2, 200 / 625] FPS: 117.6 (119.0)  ,  DataTime: 0.008 (0.006)  ,  ForwardTime: 0.259  ,  TotalTime: 0.272  ,  Loss/total: 4.37603  ,  Loss/giou: 0.85824  ,  Loss/l1: 0.12695  ,  Loss/location: 2.01211  ,  pro_loss: 0.06347  ,  IoU: 0.29513
[train: Epoch 2, 250 / 625] FPS: 117.9 (118.8)  ,  DataTime: 0.007 (0.006)  ,  ForwardTime: 0.259  ,  TotalTime: 0.271  ,  Loss/total: 4.31072  ,  Loss/giou: 0.84942  ,  Loss/l1: 0.12499  ,  Loss/location: 1.97398  ,  pro_loss: 0.06485  ,  IoU: 0.29962
[train: Epoch 2, 300 / 625] FPS: 118.1 (118.8)  ,  DataTime: 0.007 (0.006)  ,  ForwardTime: 0.259  ,  TotalTime: 0.271  ,  Loss/total: 4.24115  ,  Loss/giou: 0.84453  ,  Loss/l1: 0.12384  ,  Loss/location: 1.91995  ,  pro_loss: 0.06469  ,  IoU: 0.30335
[train: Epoch 2, 350 / 625] FPS: 118.2 (119.3)  ,  DataTime: 0.006 (0.006)  ,  ForwardTime: 0.259  ,  TotalTime: 0.271  ,  Loss/total: 4.20943  ,  Loss/giou: 0.84013  ,  Loss/l1: 0.12337  ,  Loss/location: 1.89908  ,  pro_loss: 0.06636  ,  IoU: 0.30764
[train: Epoch 2, 400 / 625] FPS: 118.2 (119.0)  ,  DataTime: 0.006 (0.006)  ,  ForwardTime: 0.259  ,  TotalTime: 0.271  ,  Loss/total: 4.16281  ,  Loss/giou: 0.83434  ,  Loss/l1: 0.12287  ,  Loss/location: 1.86626  ,  pro_loss: 0.06764  ,  IoU: 0.31125
[train: Epoch 2, 450 / 625] FPS: 118.3 (119.3)  ,  DataTime: 0.006 (0.006)  ,  ForwardTime: 0.259  ,  TotalTime: 0.270  ,  Loss/total: 4.11634  ,  Loss/giou: 0.83057  ,  Loss/l1: 0.12227  ,  Loss/location: 1.83014  ,  pro_loss: 0.06847  ,  IoU: 0.31380
[train: Epoch 2, 500 / 625] FPS: 118.4 (118.2)  ,  DataTime: 0.006 (0.006)  ,  ForwardTime: 0.259  ,  TotalTime: 0.270  ,  Loss/total: 4.08118  ,  Loss/giou: 0.82680  ,  Loss/l1: 0.12160  ,  Loss/location: 1.80588  ,  pro_loss: 0.06857  ,  IoU: 0.31612
[train: Epoch 2, 550 / 625] FPS: 118.4 (119.1)  ,  DataTime: 0.006 (0.006)  ,  ForwardTime: 0.259  ,  TotalTime: 0.270  ,  Loss/total: 4.03977  ,  Loss/giou: 0.82294  ,  Loss/l1: 0.12093  ,  Loss/location: 1.77559  ,  pro_loss: 0.06833  ,  IoU: 0.31881
[train: Epoch 2, 600 / 625] FPS: 118.5 (118.7)  ,  DataTime: 0.006 (0.006)  ,  ForwardTime: 0.259  ,  TotalTime: 0.270  ,  Loss/total: 4.00404  ,  Loss/giou: 0.81899  ,  Loss/l1: 0.12014  ,  Loss/location: 1.75160  ,  pro_loss: 0.06889  ,  IoU: 0.32146
[train: Epoch 2, 625 / 625] FPS: 118.5 (119.7)  ,  DataTime: 0.006 (0.006)  ,  ForwardTime: 0.259  ,  TotalTime: 0.270  ,  Loss/total: 3.98139  ,  Loss/giou: 0.81604  ,  Loss/l1: 0.11947  ,  Loss/location: 1.73815  ,  pro_loss: 0.06918  ,  IoU: 0.32344
[train: Epoch 3, 50 / 625] FPS: 113.2 (119.4)  ,  DataTime: 0.018 (0.006)  ,  ForwardTime: 0.259  ,  TotalTime: 0.283  ,  Loss/total: 3.59642  ,  Loss/giou: 0.78216  ,  Loss/l1: 0.11527  ,  Loss/location: 1.44205  ,  pro_loss: 0.06857  ,  IoU: 0.35035
[train: Epoch 3, 100 / 625] FPS: 115.9 (119.5)  ,  DataTime: 0.012 (0.006)  ,  ForwardTime: 0.259  ,  TotalTime: 0.276  ,  Loss/total: 3.60402  ,  Loss/giou: 0.78531  ,  Loss/l1: 0.11535  ,  Loss/location: 1.44221  ,  pro_loss: 0.07214  ,  IoU: 0.34473
[train: Epoch 3, 150 / 625] FPS: 116.9 (118.8)  ,  DataTime: 0.009 (0.006)  ,  ForwardTime: 0.259  ,  TotalTime: 0.274  ,  Loss/total: 3.59099  ,  Loss/giou: 0.78294  ,  Loss/l1: 0.11562  ,  Loss/location: 1.43248  ,  pro_loss: 0.07271  ,  IoU: 0.34660
[train: Epoch 3, 200 / 625] FPS: 117.4 (119.3)  ,  DataTime: 0.008 (0.006)  ,  ForwardTime: 0.259  ,  TotalTime: 0.273  ,  Loss/total: 3.56771  ,  Loss/giou: 0.77890  ,  Loss/l1: 0.11490  ,  Loss/location: 1.42067  ,  pro_loss: 0.07367  ,  IoU: 0.35003
[train: Epoch 3, 250 / 625] FPS: 117.7 (117.6)  ,  DataTime: 0.007 (0.006)  ,  ForwardTime: 0.259  ,  TotalTime: 0.272  ,  Loss/total: 3.53070  ,  Loss/giou: 0.77317  ,  Loss/l1: 0.11326  ,  Loss/location: 1.40322  ,  pro_loss: 0.07433  ,  IoU: 0.35292
[train: Epoch 3, 300 / 625] FPS: 117.9 (118.6)  ,  DataTime: 0.007 (0.006)  ,  ForwardTime: 0.259  ,  TotalTime: 0.272  ,  Loss/total: 3.51275  ,  Loss/giou: 0.77012  ,  Loss/l1: 0.11251  ,  Loss/location: 1.39518  ,  pro_loss: 0.07387  ,  IoU: 0.35540
[train: Epoch 3, 350 / 625] FPS: 118.0 (119.0)  ,  DataTime: 0.007 (0.006)  ,  ForwardTime: 0.259  ,  TotalTime: 0.271  ,  Loss/total: 3.49358  ,  Loss/giou: 0.76744  ,  Loss/l1: 0.11185  ,  Loss/location: 1.38461  ,  pro_loss: 0.07419  ,  IoU: 0.35771
[train: Epoch 3, 400 / 625] FPS: 118.1 (117.2)  ,  DataTime: 0.006 (0.006)  ,  ForwardTime: 0.259  ,  TotalTime: 0.271  ,  Loss/total: 3.48386  ,  Loss/giou: 0.76609  ,  Loss/l1: 0.11146  ,  Loss/location: 1.37950  ,  pro_loss: 0.07429  ,  IoU: 0.35864
[train: Epoch 3, 450 / 625] FPS: 118.2 (119.1)  ,  DataTime: 0.006 (0.006)  ,  ForwardTime: 0.259  ,  TotalTime: 0.271  ,  Loss/total: 3.46752  ,  Loss/giou: 0.76396  ,  Loss/l1: 0.11096  ,  Loss/location: 1.37006  ,  pro_loss: 0.07373  ,  IoU: 0.36023
[train: Epoch 3, 500 / 625] FPS: 118.2 (119.1)  ,  DataTime: 0.006 (0.006)  ,  ForwardTime: 0.259  ,  TotalTime: 0.271  ,  Loss/total: 3.44859  ,  Loss/giou: 0.76044  ,  Loss/l1: 0.11025  ,  Loss/location: 1.36160  ,  pro_loss: 0.07423  ,  IoU: 0.36269
[train: Epoch 3, 550 / 625] FPS: 118.3 (119.5)  ,  DataTime: 0.006 (0.006)  ,  ForwardTime: 0.259  ,  TotalTime: 0.271  ,  Loss/total: 3.43824  ,  Loss/giou: 0.75947  ,  Loss/l1: 0.11006  ,  Loss/location: 1.35422  ,  pro_loss: 0.07383  ,  IoU: 0.36358
[train: Epoch 3, 600 / 625] FPS: 118.3 (117.9)  ,  DataTime: 0.006 (0.006)  ,  ForwardTime: 0.259  ,  TotalTime: 0.270  ,  Loss/total: 3.42514  ,  Loss/giou: 0.75729  ,  Loss/l1: 0.10984  ,  Loss/location: 1.34666  ,  pro_loss: 0.07353  ,  IoU: 0.36532
[train: Epoch 3, 625 / 625] FPS: 118.4 (119.8)  ,  DataTime: 0.006 (0.006)  ,  ForwardTime: 0.259  ,  TotalTime: 0.270  ,  Loss/total: 3.42236  ,  Loss/giou: 0.75770  ,  Loss/l1: 0.10984  ,  Loss/location: 1.34305  ,  pro_loss: 0.07348  ,  IoU: 0.36499
[train: Epoch 4, 50 / 625] FPS: 113.1 (119.5)  ,  DataTime: 0.018 (0.006)  ,  ForwardTime: 0.259  ,  TotalTime: 0.283  ,  Loss/total: 3.19670  ,  Loss/giou: 0.71718  ,  Loss/l1: 0.10347  ,  Loss/location: 1.23141  ,  pro_loss: 0.06799  ,  IoU: 0.39328
[train: Epoch 4, 100 / 625] FPS: 115.9 (118.8)  ,  DataTime: 0.011 (0.006)  ,  ForwardTime: 0.259  ,  TotalTime: 0.276  ,  Loss/total: 3.20642  ,  Loss/giou: 0.72235  ,  Loss/l1: 0.10392  ,  Loss/location: 1.22824  ,  pro_loss: 0.06945  ,  IoU: 0.39028
[train: Epoch 4, 150 / 625] FPS: 116.9 (118.6)  ,  DataTime: 0.009 (0.006)  ,  ForwardTime: 0.259  ,  TotalTime: 0.274  ,  Loss/total: 3.20297  ,  Loss/giou: 0.72160  ,  Loss/l1: 0.10371  ,  Loss/location: 1.22690  ,  pro_loss: 0.07163  ,  IoU: 0.39149
[train: Epoch 4, 200 / 625] FPS: 117.4 (118.5)  ,  DataTime: 0.008 (0.006)  ,  ForwardTime: 0.259  ,  TotalTime: 0.273  ,  Loss/total: 3.20096  ,  Loss/giou: 0.72215  ,  Loss/l1: 0.10313  ,  Loss/location: 1.22641  ,  pro_loss: 0.07293  ,  IoU: 0.39073
[train: Epoch 4, 250 / 625] FPS: 117.6 (118.7)  ,  DataTime: 0.007 (0.006)  ,  ForwardTime: 0.259  ,  TotalTime: 0.272  ,  Loss/total: 3.18045  ,  Loss/giou: 0.71854  ,  Loss/l1: 0.10212  ,  Loss/location: 1.21839  ,  pro_loss: 0.07202  ,  IoU: 0.39276
[train: Epoch 4, 300 / 625] FPS: 117.8 (118.6)  ,  DataTime: 0.007 (0.006)  ,  ForwardTime: 0.259  ,  TotalTime: 0.272  ,  Loss/total: 3.18526  ,  Loss/giou: 0.72004  ,  Loss/l1: 0.10239  ,  Loss/location: 1.21898  ,  pro_loss: 0.07120  ,  IoU: 0.39149
[train: Epoch 4, 350 / 625] FPS: 117.9 (119.2)  ,  DataTime: 0.007 (0.006)  ,  ForwardTime: 0.259  ,  TotalTime: 0.271  ,  Loss/total: 3.18007  ,  Loss/giou: 0.71943  ,  Loss/l1: 0.10220  ,  Loss/location: 1.21586  ,  pro_loss: 0.07178  ,  IoU: 0.39143
[train: Epoch 4, 400 / 625] FPS: 118.0 (118.1)  ,  DataTime: 0.006 (0.006)  ,  ForwardTime: 0.259  ,  TotalTime: 0.271  ,  Loss/total: 3.16682  ,  Loss/giou: 0.71719  ,  Loss/l1: 0.10185  ,  Loss/location: 1.20879  ,  pro_loss: 0.07207  ,  IoU: 0.39345
[train: Epoch 4, 450 / 625] FPS: 118.1 (118.6)  ,  DataTime: 0.006 (0.006)  ,  ForwardTime: 0.259  ,  TotalTime: 0.271  ,  Loss/total: 3.17124  ,  Loss/giou: 0.71838  ,  Loss/l1: 0.10233  ,  Loss/location: 1.20834  ,  pro_loss: 0.07247  ,  IoU: 0.39307
[train: Epoch 4, 500 / 625] FPS: 118.1 (118.2)  ,  DataTime: 0.006 (0.006)  ,  ForwardTime: 0.259  ,  TotalTime: 0.271  ,  Loss/total: 3.16930  ,  Loss/giou: 0.71881  ,  Loss/l1: 0.10248  ,  Loss/location: 1.20465  ,  pro_loss: 0.07320  ,  IoU: 0.39275
[train: Epoch 4, 550 / 625] FPS: 118.2 (119.7)  ,  DataTime: 0.006 (0.006)  ,  ForwardTime: 0.259  ,  TotalTime: 0.271  ,  Loss/total: 3.16576  ,  Loss/giou: 0.71809  ,  Loss/l1: 0.10276  ,  Loss/location: 1.20113  ,  pro_loss: 0.07324  ,  IoU: 0.39334
[train: Epoch 4, 600 / 625] FPS: 118.2 (118.4)  ,  DataTime: 0.006 (0.006)  ,  ForwardTime: 0.259  ,  TotalTime: 0.271  ,  Loss/total: 3.15735  ,  Loss/giou: 0.71627  ,  Loss/l1: 0.10247  ,  Loss/location: 1.19775  ,  pro_loss: 0.07356  ,  IoU: 0.39443
[train: Epoch 4, 625 / 625] FPS: 118.2 (119.7)  ,  DataTime: 0.006 (0.006)  ,  ForwardTime: 0.259  ,  TotalTime: 0.271  ,  Loss/total: 3.15362  ,  Loss/giou: 0.71559  ,  Loss/l1: 0.10244  ,  Loss/location: 1.19563  ,  pro_loss: 0.07309  ,  IoU: 0.39502
[train: Epoch 5, 50 / 625] FPS: 112.9 (118.7)  ,  DataTime: 0.018 (0.006)  ,  ForwardTime: 0.259  ,  TotalTime: 0.283  ,  Loss/total: 3.03637  ,  Loss/giou: 0.69547  ,  Loss/l1: 0.09981  ,  Loss/location: 1.13132  ,  pro_loss: 0.07521  ,  IoU: 0.41154
[train: Epoch 5, 100 / 625] FPS: 115.7 (119.0)  ,  DataTime: 0.012 (0.006)  ,  ForwardTime: 0.259  ,  TotalTime: 0.276  ,  Loss/total: 2.99946  ,  Loss/giou: 0.68709  ,  Loss/l1: 0.09720  ,  Loss/location: 1.12444  ,  pro_loss: 0.07401  ,  IoU: 0.41848
[train: Epoch 5, 150 / 625] FPS: 116.8 (118.7)  ,  DataTime: 0.009 (0.006)  ,  ForwardTime: 0.259  ,  TotalTime: 0.274  ,  Loss/total: 3.02735  ,  Loss/giou: 0.69451  ,  Loss/l1: 0.09828  ,  Loss/location: 1.13170  ,  pro_loss: 0.07605  ,  IoU: 0.41427
[train: Epoch 5, 200 / 625] FPS: 117.3 (119.0)  ,  DataTime: 0.008 (0.006)  ,  ForwardTime: 0.259  ,  TotalTime: 0.273  ,  Loss/total: 3.02467  ,  Loss/giou: 0.69471  ,  Loss/l1: 0.09834  ,  Loss/location: 1.12863  ,  pro_loss: 0.07463  ,  IoU: 0.41322
[train: Epoch 5, 250 / 625] FPS: 117.5 (118.6)  ,  DataTime: 0.007 (0.006)  ,  ForwardTime: 0.259  ,  TotalTime: 0.272  ,  Loss/total: 3.03532  ,  Loss/giou: 0.69707  ,  Loss/l1: 0.09894  ,  Loss/location: 1.13155  ,  pro_loss: 0.07456  ,  IoU: 0.41075
[train: Epoch 5, 300 / 625] FPS: 117.7 (118.3)  ,  DataTime: 0.007 (0.006)  ,  ForwardTime: 0.259  ,  TotalTime: 0.272  ,  Loss/total: 3.04386  ,  Loss/giou: 0.69833  ,  Loss/l1: 0.09949  ,  Loss/location: 1.13467  ,  pro_loss: 0.07549  ,  IoU: 0.40989
[train: Epoch 5, 350 / 625] FPS: 117.9 (119.0)  ,  DataTime: 0.007 (0.006)  ,  ForwardTime: 0.259  ,  TotalTime: 0.271  ,  Loss/total: 3.03734  ,  Loss/giou: 0.69708  ,  Loss/l1: 0.09948  ,  Loss/location: 1.13077  ,  pro_loss: 0.07498  ,  IoU: 0.41054
[train: Epoch 5, 400 / 625] FPS: 117.9 (118.6)  ,  DataTime: 0.006 (0.006)  ,  ForwardTime: 0.259  ,  TotalTime: 0.271  ,  Loss/total: 3.05193  ,  Loss/giou: 0.70085  ,  Loss/l1: 0.10020  ,  Loss/location: 1.13425  ,  pro_loss: 0.07486  ,  IoU: 0.40807
[train: Epoch 5, 450 / 625] FPS: 118.0 (119.1)  ,  DataTime: 0.006 (0.006)  ,  ForwardTime: 0.259  ,  TotalTime: 0.271  ,  Loss/total: 3.05014  ,  Loss/giou: 0.70016  ,  Loss/l1: 0.10032  ,  Loss/location: 1.13321  ,  pro_loss: 0.07500  ,  IoU: 0.40800
[train: Epoch 5, 500 / 625] FPS: 118.1 (118.2)  ,  DataTime: 0.006 (0.006)  ,  ForwardTime: 0.259  ,  TotalTime: 0.271  ,  Loss/total: 3.04548  ,  Loss/giou: 0.69954  ,  Loss/l1: 0.10012  ,  Loss/location: 1.13086  ,  pro_loss: 0.07475  ,  IoU: 0.40827
[train: Epoch 5, 550 / 625] FPS: 118.1 (117.6)  ,  DataTime: 0.006 (0.006)  ,  ForwardTime: 0.259  ,  TotalTime: 0.271  ,  Loss/total: 3.03767  ,  Loss/giou: 0.69817  ,  Loss/l1: 0.10001  ,  Loss/location: 1.12628  ,  pro_loss: 0.07488  ,  IoU: 0.40919
[train: Epoch 5, 600 / 625] FPS: 118.2 (118.8)  ,  DataTime: 0.006 (0.006)  ,  ForwardTime: 0.259  ,  TotalTime: 0.271  ,  Loss/total: 3.02415  ,  Loss/giou: 0.69562  ,  Loss/l1: 0.09933  ,  Loss/location: 1.12130  ,  pro_loss: 0.07481  ,  IoU: 0.41060
[train: Epoch 5, 625 / 625] FPS: 118.2 (120.2)  ,  DataTime: 0.006 (0.006)  ,  ForwardTime: 0.259  ,  TotalTime: 0.271  ,  Loss/total: 3.02086  ,  Loss/giou: 0.69485  ,  Loss/l1: 0.09923  ,  Loss/location: 1.12007  ,  pro_loss: 0.07463  ,  IoU: 0.41129
[val: Epoch 5, 50 / 156] FPS: 221.3 (241.2)  ,  DataTime: 0.020 (0.007)  ,  ForwardTime: 0.118  ,  TotalTime: 0.145  ,  Loss/total: 1.71127  ,  Loss/giou: 0.41346  ,  Loss/l1: 0.04247  ,  Loss/location: 0.67200  ,  pro_loss: 0.00005  ,  IoU: 0.63699
[val: Epoch 5, 100 / 156] FPS: 231.0 (249.1)  ,  DataTime: 0.013 (0.007)  ,  ForwardTime: 0.118  ,  TotalTime: 0.139  ,  Loss/total: 1.67561  ,  Loss/giou: 0.40629  ,  Loss/l1: 0.04057  ,  Loss/location: 0.66017  ,  pro_loss: 0.00005  ,  IoU: 0.64158
[val: Epoch 5, 150 / 156] FPS: 235.5 (247.1)  ,  DataTime: 0.011 (0.007)  ,  ForwardTime: 0.118  ,  TotalTime: 0.136  ,  Loss/total: 1.71022  ,  Loss/giou: 0.41512  ,  Loss/l1: 0.04243  ,  Loss/location: 0.66781  ,  pro_loss: 0.00005  ,  IoU: 0.63612
[val: Epoch 5, 156 / 156] FPS: 236.1 (248.9)  ,  DataTime: 0.010 (0.007)  ,  ForwardTime: 0.118  ,  TotalTime: 0.136  ,  Loss/total: 1.71116  ,  Loss/giou: 0.41586  ,  Loss/l1: 0.04257  ,  Loss/location: 0.66660  ,  pro_loss: 0.00005  ,  IoU: 0.63569
[train: Epoch 6, 50 / 625] FPS: 113.4 (119.2)  ,  DataTime: 0.017 (0.006)  ,  ForwardTime: 0.259  ,  TotalTime: 0.282  ,  Loss/total: 3.07052  ,  Loss/giou: 0.70325  ,  Loss/l1: 0.10284  ,  Loss/location: 1.13560  ,  pro_loss: 0.07096  ,  IoU: 0.40454
[train: Epoch 6, 100 / 625] FPS: 116.0 (119.4)  ,  DataTime: 0.011 (0.006)  ,  ForwardTime: 0.259  ,  TotalTime: 0.276  ,  Loss/total: 3.03046  ,  Loss/giou: 0.69628  ,  Loss/l1: 0.10115  ,  Loss/location: 1.11756  ,  pro_loss: 0.07306  ,  IoU: 0.40812
[train: Epoch 6, 150 / 625] FPS: 116.9 (119.5)  ,  DataTime: 0.009 (0.006)  ,  ForwardTime: 0.259  ,  TotalTime: 0.274  ,  Loss/total: 2.99973  ,  Loss/giou: 0.69071  ,  Loss/l1: 0.09956  ,  Loss/location: 1.10596  ,  pro_loss: 0.07290  ,  IoU: 0.41231
[train: Epoch 6, 200 / 625] FPS: 117.4 (117.1)  ,  DataTime: 0.008 (0.006)  ,  ForwardTime: 0.259  ,  TotalTime: 0.273  ,  Loss/total: 2.99196  ,  Loss/giou: 0.68849  ,  Loss/l1: 0.09926  ,  Loss/location: 1.10380  ,  pro_loss: 0.07449  ,  IoU: 0.41401
[train: Epoch 6, 250 / 625] FPS: 117.6 (119.2)  ,  DataTime: 0.007 (0.006)  ,  ForwardTime: 0.259  ,  TotalTime: 0.272  ,  Loss/total: 2.97398  ,  Loss/giou: 0.68460  ,  Loss/l1: 0.09876  ,  Loss/location: 1.09582  ,  pro_loss: 0.07578  ,  IoU: 0.41637
[train: Epoch 6, 300 / 625] FPS: 117.8 (119.3)  ,  DataTime: 0.007 (0.006)  ,  ForwardTime: 0.259  ,  TotalTime: 0.272  ,  Loss/total: 2.95293  ,  Loss/giou: 0.68051  ,  Loss/l1: 0.09773  ,  Loss/location: 1.08822  ,  pro_loss: 0.07516  ,  IoU: 0.41948
[train: Epoch 6, 350 / 625] FPS: 118.0 (118.5)  ,  DataTime: 0.006 (0.006)  ,  ForwardTime: 0.259  ,  TotalTime: 0.271  ,  Loss/total: 2.94815  ,  Loss/giou: 0.68000  ,  Loss/l1: 0.09743  ,  Loss/location: 1.08612  ,  pro_loss: 0.07446  ,  IoU: 0.42032
[train: Epoch 6, 400 / 625] FPS: 118.0 (118.9)  ,  DataTime: 0.006 (0.006)  ,  ForwardTime: 0.259  ,  TotalTime: 0.271  ,  Loss/total: 2.94438  ,  Loss/giou: 0.67936  ,  Loss/l1: 0.09736  ,  Loss/location: 1.08405  ,  pro_loss: 0.07402  ,  IoU: 0.42112
[train: Epoch 6, 450 / 625] FPS: 118.1 (118.9)  ,  DataTime: 0.006 (0.006)  ,  ForwardTime: 0.259  ,  TotalTime: 0.271  ,  Loss/total: 2.93624  ,  Loss/giou: 0.67853  ,  Loss/l1: 0.09693  ,  Loss/location: 1.07971  ,  pro_loss: 0.07405  ,  IoU: 0.42176
[train: Epoch 6, 500 / 625] FPS: 118.1 (118.9)  ,  DataTime: 0.006 (0.006)  ,  ForwardTime: 0.259  ,  TotalTime: 0.271  ,  Loss/total: 2.93531  ,  Loss/giou: 0.67874  ,  Loss/l1: 0.09697  ,  Loss/location: 1.07807  ,  pro_loss: 0.07461  ,  IoU: 0.42190
[train: Epoch 6, 550 / 625] FPS: 118.2 (118.3)  ,  DataTime: 0.006 (0.006)  ,  ForwardTime: 0.259  ,  TotalTime: 0.271  ,  Loss/total: 2.92655  ,  Loss/giou: 0.67727  ,  Loss/l1: 0.09669  ,  Loss/location: 1.07374  ,  pro_loss: 0.07422  ,  IoU: 0.42324
[train: Epoch 6, 600 / 625] FPS: 118.2 (119.3)  ,  DataTime: 0.006 (0.006)  ,  ForwardTime: 0.259  ,  TotalTime: 0.271  ,  Loss/total: 2.91959  ,  Loss/giou: 0.67598  ,  Loss/l1: 0.09638  ,  Loss/location: 1.07076  ,  pro_loss: 0.07479  ,  IoU: 0.42398
[train: Epoch 6, 625 / 625] FPS: 118.3 (119.7)  ,  DataTime: 0.006 (0.006)  ,  ForwardTime: 0.259  ,  TotalTime: 0.271  ,  Loss/total: 2.91553  ,  Loss/giou: 0.67522  ,  Loss/l1: 0.09619  ,  Loss/location: 1.06919  ,  pro_loss: 0.07472  ,  IoU: 0.42440
[train: Epoch 7, 50 / 625] FPS: 113.8 (118.6)  ,  DataTime: 0.017 (0.006)  ,  ForwardTime: 0.259  ,  TotalTime: 0.281  ,  Loss/total: 2.81694  ,  Loss/giou: 0.65683  ,  Loss/l1: 0.09379  ,  Loss/location: 1.01971  ,  pro_loss: 0.07304  ,  IoU: 0.43583
[train: Epoch 7, 100 / 625] FPS: 116.0 (119.4)  ,  DataTime: 0.011 (0.006)  ,  ForwardTime: 0.259  ,  TotalTime: 0.276  ,  Loss/total: 2.82413  ,  Loss/giou: 0.65813  ,  Loss/l1: 0.09403  ,  Loss/location: 1.02364  ,  pro_loss: 0.07040  ,  IoU: 0.43596
[train: Epoch 7, 150 / 625] FPS: 116.9 (120.1)  ,  DataTime: 0.009 (0.006)  ,  ForwardTime: 0.259  ,  TotalTime: 0.274  ,  Loss/total: 2.84115  ,  Loss/giou: 0.66145  ,  Loss/l1: 0.09465  ,  Loss/location: 1.03034  ,  pro_loss: 0.07326  ,  IoU: 0.43394
[train: Epoch 7, 200 / 625] FPS: 117.2 (117.7)  ,  DataTime: 0.008 (0.006)  ,  ForwardTime: 0.259  ,  TotalTime: 0.273  ,  Loss/total: 2.85023  ,  Loss/giou: 0.66278  ,  Loss/l1: 0.09511  ,  Loss/location: 1.03412  ,  pro_loss: 0.07496  ,  IoU: 0.43242
[train: Epoch 7, 250 / 625] FPS: 117.5 (119.0)  ,  DataTime: 0.007 (0.006)  ,  ForwardTime: 0.259  ,  TotalTime: 0.272  ,  Loss/total: 2.85439  ,  Loss/giou: 0.66419  ,  Loss/l1: 0.09513  ,  Loss/location: 1.03529  ,  pro_loss: 0.07540  ,  IoU: 0.43254
[train: Epoch 7, 300 / 625] FPS: 117.7 (119.0)  ,  DataTime: 0.007 (0.006)  ,  ForwardTime: 0.259  ,  TotalTime: 0.272  ,  Loss/total: 2.85551  ,  Loss/giou: 0.66428  ,  Loss/l1: 0.09488  ,  Loss/location: 1.03743  ,  pro_loss: 0.07549  ,  IoU: 0.43197
[train: Epoch 7, 350 / 625] FPS: 117.8 (118.7)  ,  DataTime: 0.007 (0.006)  ,  ForwardTime: 0.259  ,  TotalTime: 0.272  ,  Loss/total: 2.84419  ,  Loss/giou: 0.66196  ,  Loss/l1: 0.09417  ,  Loss/location: 1.03431  ,  pro_loss: 0.07558  ,  IoU: 0.43334
[train: Epoch 7, 400 / 625] FPS: 117.9 (119.2)  ,  DataTime: 0.006 (0.006)  ,  ForwardTime: 0.259  ,  TotalTime: 0.271  ,  Loss/total: 2.85422  ,  Loss/giou: 0.66474  ,  Loss/l1: 0.09474  ,  Loss/location: 1.03603  ,  pro_loss: 0.07510  ,  IoU: 0.43197
[train: Epoch 7, 450 / 625] FPS: 118.0 (119.2)  ,  DataTime: 0.006 (0.006)  ,  ForwardTime: 0.259  ,  TotalTime: 0.271  ,  Loss/total: 2.85692  ,  Loss/giou: 0.66557  ,  Loss/l1: 0.09472  ,  Loss/location: 1.03705  ,  pro_loss: 0.07553  ,  IoU: 0.43157
[train: Epoch 7, 500 / 625] FPS: 118.1 (118.5)  ,  DataTime: 0.006 (0.006)  ,  ForwardTime: 0.259  ,  TotalTime: 0.271  ,  Loss/total: 2.85344  ,  Loss/giou: 0.66495  ,  Loss/l1: 0.09432  ,  Loss/location: 1.03682  ,  pro_loss: 0.07575  ,  IoU: 0.43188
[train: Epoch 7, 550 / 625] FPS: 118.1 (118.8)  ,  DataTime: 0.006 (0.006)  ,  ForwardTime: 0.259  ,  TotalTime: 0.271  ,  Loss/total: 2.84999  ,  Loss/giou: 0.66433  ,  Loss/l1: 0.09416  ,  Loss/location: 1.03540  ,  pro_loss: 0.07571  ,  IoU: 0.43284
[train: Epoch 7, 600 / 625] FPS: 118.2 (118.4)  ,  DataTime: 0.006 (0.006)  ,  ForwardTime: 0.259  ,  TotalTime: 0.271  ,  Loss/total: 2.84365  ,  Loss/giou: 0.66314  ,  Loss/l1: 0.09388  ,  Loss/location: 1.03268  ,  pro_loss: 0.07635  ,  IoU: 0.43357
[train: Epoch 7, 625 / 625] FPS: 118.2 (119.5)  ,  DataTime: 0.006 (0.006)  ,  ForwardTime: 0.259  ,  TotalTime: 0.271  ,  Loss/total: 2.84483  ,  Loss/giou: 0.66330  ,  Loss/l1: 0.09392  ,  Loss/location: 1.03331  ,  pro_loss: 0.07661  ,  IoU: 0.43348
[train: Epoch 8, 50 / 625] FPS: 113.4 (119.0)  ,  DataTime: 0.017 (0.006)  ,  ForwardTime: 0.259  ,  TotalTime: 0.282  ,  Loss/total: 2.88063  ,  Loss/giou: 0.67294  ,  Loss/l1: 0.09863  ,  Loss/location: 1.02489  ,  pro_loss: 0.08359  ,  IoU: 0.43029
[train: Epoch 8, 100 / 625] FPS: 115.9 (118.7)  ,  DataTime: 0.011 (0.006)  ,  ForwardTime: 0.259  ,  TotalTime: 0.276  ,  Loss/total: 2.85779  ,  Loss/giou: 0.66607  ,  Loss/l1: 0.09702  ,  Loss/location: 1.02398  ,  pro_loss: 0.08296  ,  IoU: 0.43349
[train: Epoch 8, 150 / 625] FPS: 116.8 (118.7)  ,  DataTime: 0.009 (0.006)  ,  ForwardTime: 0.259  ,  TotalTime: 0.274  ,  Loss/total: 2.83558  ,  Loss/giou: 0.66093  ,  Loss/l1: 0.09500  ,  Loss/location: 1.02209  ,  pro_loss: 0.08323  ,  IoU: 0.43716
[train: Epoch 8, 200 / 625] FPS: 117.3 (118.8)  ,  DataTime: 0.008 (0.006)  ,  ForwardTime: 0.259  ,  TotalTime: 0.273  ,  Loss/total: 2.82331  ,  Loss/giou: 0.65907  ,  Loss/l1: 0.09444  ,  Loss/location: 1.01648  ,  pro_loss: 0.08244  ,  IoU: 0.43970
[train: Epoch 8, 250 / 625] FPS: 117.6 (119.3)  ,  DataTime: 0.007 (0.006)  ,  ForwardTime: 0.259  ,  TotalTime: 0.272  ,  Loss/total: 2.81477  ,  Loss/giou: 0.65694  ,  Loss/l1: 0.09397  ,  Loss/location: 1.01466  ,  pro_loss: 0.08184  ,  IoU: 0.44107
[train: Epoch 8, 300 / 625] FPS: 117.8 (118.9)  ,  DataTime: 0.007 (0.006)  ,  ForwardTime: 0.259  ,  TotalTime: 0.272  ,  Loss/total: 2.81453  ,  Loss/giou: 0.65776  ,  Loss/l1: 0.09409  ,  Loss/location: 1.01227  ,  pro_loss: 0.08143  ,  IoU: 0.44006
[train: Epoch 8, 350 / 625] FPS: 117.9 (119.4)  ,  DataTime: 0.006 (0.006)  ,  ForwardTime: 0.259  ,  TotalTime: 0.271  ,  Loss/total: 2.81968  ,  Loss/giou: 0.65911  ,  Loss/l1: 0.09420  ,  Loss/location: 1.01415  ,  pro_loss: 0.08147  ,  IoU: 0.43891
[train: Epoch 8, 400 / 625] FPS: 118.0 (119.2)  ,  DataTime: 0.006 (0.006)  ,  ForwardTime: 0.259  ,  TotalTime: 0.271  ,  Loss/total: 2.81254  ,  Loss/giou: 0.65770  ,  Loss/l1: 0.09355  ,  Loss/location: 1.01312  ,  pro_loss: 0.08140  ,  IoU: 0.43982
[train: Epoch 8, 450 / 625] FPS: 118.1 (119.3)  ,  DataTime: 0.006 (0.006)  ,  ForwardTime: 0.259  ,  TotalTime: 0.271  ,  Loss/total: 2.81018  ,  Loss/giou: 0.65738  ,  Loss/l1: 0.09342  ,  Loss/location: 1.01212  ,  pro_loss: 0.08100  ,  IoU: 0.43973
[train: Epoch 8, 500 / 625] FPS: 118.1 (118.5)  ,  DataTime: 0.006 (0.006)  ,  ForwardTime: 0.259  ,  TotalTime: 0.271  ,  Loss/total: 2.80771  ,  Loss/giou: 0.65679  ,  Loss/l1: 0.09339  ,  Loss/location: 1.01099  ,  pro_loss: 0.08105  ,  IoU: 0.44054
[train: Epoch 8, 550 / 625] FPS: 118.2 (118.6)  ,  DataTime: 0.006 (0.006)  ,  ForwardTime: 0.259  ,  TotalTime: 0.271  ,  Loss/total: 2.80106  ,  Loss/giou: 0.65519  ,  Loss/l1: 0.09300  ,  Loss/location: 1.00954  ,  pro_loss: 0.08071  ,  IoU: 0.44191
[train: Epoch 8, 600 / 625] FPS: 118.2 (118.9)  ,  DataTime: 0.006 (0.006)  ,  ForwardTime: 0.259  ,  TotalTime: 0.271  ,  Loss/total: 2.79946  ,  Loss/giou: 0.65516  ,  Loss/l1: 0.09285  ,  Loss/location: 1.00869  ,  pro_loss: 0.08099  ,  IoU: 0.44237
[train: Epoch 8, 625 / 625] FPS: 118.2 (119.7)  ,  DataTime: 0.006 (0.006)  ,  ForwardTime: 0.259  ,  TotalTime: 0.271  ,  Loss/total: 2.79430  ,  Loss/giou: 0.65396  ,  Loss/l1: 0.09249  ,  Loss/location: 1.00778  ,  pro_loss: 0.08072  ,  IoU: 0.44297
[train: Epoch 9, 50 / 625] FPS: 113.2 (119.1)  ,  DataTime: 0.018 (0.006)  ,  ForwardTime: 0.259  ,  TotalTime: 0.283  ,  Loss/total: 2.73691  ,  Loss/giou: 0.63795  ,  Loss/l1: 0.08816  ,  Loss/location: 1.00377  ,  pro_loss: 0.08218  ,  IoU: 0.44939
[train: Epoch 9, 100 / 625] FPS: 115.9 (118.6)  ,  DataTime: 0.011 (0.006)  ,  ForwardTime: 0.259  ,  TotalTime: 0.276  ,  Loss/total: 2.75106  ,  Loss/giou: 0.64548  ,  Loss/l1: 0.08941  ,  Loss/location: 0.99684  ,  pro_loss: 0.08111  ,  IoU: 0.44579
[train: Epoch 9, 150 / 625] FPS: 116.7 (117.4)  ,  DataTime: 0.009 (0.006)  ,  ForwardTime: 0.259  ,  TotalTime: 0.274  ,  Loss/total: 2.74749  ,  Loss/giou: 0.64228  ,  Loss/l1: 0.08949  ,  Loss/location: 0.99902  ,  pro_loss: 0.08214  ,  IoU: 0.44863
[train: Epoch 9, 200 / 625] FPS: 117.2 (118.4)  ,  DataTime: 0.008 (0.006)  ,  ForwardTime: 0.259  ,  TotalTime: 0.273  ,  Loss/total: 2.75230  ,  Loss/giou: 0.64460  ,  Loss/l1: 0.09043  ,  Loss/location: 0.99441  ,  pro_loss: 0.08282  ,  IoU: 0.44887
[train: Epoch 9, 250 / 625] FPS: 117.4 (118.0)  ,  DataTime: 0.007 (0.006)  ,  ForwardTime: 0.259  ,  TotalTime: 0.273  ,  Loss/total: 2.73763  ,  Loss/giou: 0.64188  ,  Loss/l1: 0.08984  ,  Loss/location: 0.98805  ,  pro_loss: 0.08310  ,  IoU: 0.45110
[train: Epoch 9, 300 / 625] FPS: 117.6 (118.6)  ,  DataTime: 0.007 (0.006)  ,  ForwardTime: 0.259  ,  TotalTime: 0.272  ,  Loss/total: 2.73362  ,  Loss/giou: 0.64063  ,  Loss/l1: 0.08945  ,  Loss/location: 0.98857  ,  pro_loss: 0.08277  ,  IoU: 0.45163
[train: Epoch 9, 350 / 625] FPS: 117.8 (118.7)  ,  DataTime: 0.007 (0.006)  ,  ForwardTime: 0.259  ,  TotalTime: 0.272  ,  Loss/total: 2.74046  ,  Loss/giou: 0.64182  ,  Loss/l1: 0.09009  ,  Loss/location: 0.98973  ,  pro_loss: 0.08303  ,  IoU: 0.45019
[train: Epoch 9, 400 / 625] FPS: 117.9 (119.1)  ,  DataTime: 0.006 (0.006)  ,  ForwardTime: 0.259  ,  TotalTime: 0.271  ,  Loss/total: 2.74398  ,  Loss/giou: 0.64235  ,  Loss/l1: 0.09052  ,  Loss/location: 0.98998  ,  pro_loss: 0.08339  ,  IoU: 0.45003
[train: Epoch 9, 450 / 625] FPS: 117.9 (118.8)  ,  DataTime: 0.006 (0.006)  ,  ForwardTime: 0.259  ,  TotalTime: 0.271  ,  Loss/total: 2.74185  ,  Loss/giou: 0.64231  ,  Loss/l1: 0.09026  ,  Loss/location: 0.98931  ,  pro_loss: 0.08314  ,  IoU: 0.45067
[train: Epoch 9, 500 / 625] FPS: 118.0 (119.4)  ,  DataTime: 0.006 (0.006)  ,  ForwardTime: 0.259  ,  TotalTime: 0.271  ,  Loss/total: 2.74468  ,  Loss/giou: 0.64335  ,  Loss/l1: 0.09040  ,  Loss/location: 0.98920  ,  pro_loss: 0.08393  ,  IoU: 0.45020
[train: Epoch 9, 550 / 625] FPS: 118.1 (117.8)  ,  DataTime: 0.006 (0.006)  ,  ForwardTime: 0.259  ,  TotalTime: 0.271  ,  Loss/total: 2.74150  ,  Loss/giou: 0.64226  ,  Loss/l1: 0.09043  ,  Loss/location: 0.98805  ,  pro_loss: 0.08391  ,  IoU: 0.45104
[train: Epoch 9, 600 / 625] FPS: 118.1 (118.2)  ,  DataTime: 0.006 (0.006)  ,  ForwardTime: 0.259  ,  TotalTime: 0.271  ,  Loss/total: 2.74379  ,  Loss/giou: 0.64302  ,  Loss/l1: 0.09048  ,  Loss/location: 0.98848  ,  pro_loss: 0.08432  ,  IoU: 0.45022
[train: Epoch 9, 625 / 625] FPS: 118.2 (119.7)  ,  DataTime: 0.006 (0.006)  ,  ForwardTime: 0.259  ,  TotalTime: 0.271  ,  Loss/total: 2.74117  ,  Loss/giou: 0.64261  ,  Loss/l1: 0.09039  ,  Loss/location: 0.98711  ,  pro_loss: 0.08455  ,  IoU: 0.45076
[train: Epoch 10, 50 / 625] FPS: 113.9 (118.6)  ,  DataTime: 0.016 (0.006)  ,  ForwardTime: 0.259  ,  TotalTime: 0.281  ,  Loss/total: 2.72818  ,  Loss/giou: 0.63666  ,  Loss/l1: 0.09221  ,  Loss/location: 0.97691  ,  pro_loss: 0.08462  ,  IoU: 0.45912
[train: Epoch 10, 100 / 625] FPS: 116.3 (119.1)  ,  DataTime: 0.010 (0.006)  ,  ForwardTime: 0.259  ,  TotalTime: 0.275  ,  Loss/total: 2.77593  ,  Loss/giou: 0.64938  ,  Loss/l1: 0.09349  ,  Loss/location: 0.99266  ,  pro_loss: 0.08537  ,  IoU: 0.44786
[train: Epoch 10, 150 / 625] FPS: 117.1 (119.4)  ,  DataTime: 0.008 (0.006)  ,  ForwardTime: 0.259  ,  TotalTime: 0.273  ,  Loss/total: 2.77975  ,  Loss/giou: 0.65219  ,  Loss/l1: 0.09367  ,  Loss/location: 0.99020  ,  pro_loss: 0.08408  ,  IoU: 0.44514
[train: Epoch 10, 200 / 625] FPS: 117.5 (117.3)  ,  DataTime: 0.008 (0.006)  ,  ForwardTime: 0.259  ,  TotalTime: 0.272  ,  Loss/total: 2.75208  ,  Loss/giou: 0.64626  ,  Loss/l1: 0.09245  ,  Loss/location: 0.98035  ,  pro_loss: 0.08484  ,  IoU: 0.44876
[train: Epoch 10, 250 / 625] FPS: 117.7 (118.4)  ,  DataTime: 0.007 (0.006)  ,  ForwardTime: 0.259  ,  TotalTime: 0.272  ,  Loss/total: 2.75029  ,  Loss/giou: 0.64517  ,  Loss/l1: 0.09236  ,  Loss/location: 0.98131  ,  pro_loss: 0.08415  ,  IoU: 0.44969
[train: Epoch 10, 300 / 625] FPS: 117.9 (118.8)  ,  DataTime: 0.007 (0.006)  ,  ForwardTime: 0.259  ,  TotalTime: 0.271  ,  Loss/total: 2.74502  ,  Loss/giou: 0.64456  ,  Loss/l1: 0.09167  ,  Loss/location: 0.98075  ,  pro_loss: 0.08399  ,  IoU: 0.45025
[train: Epoch 10, 350 / 625] FPS: 118.0 (119.1)  ,  DataTime: 0.006 (0.006)  ,  ForwardTime: 0.259  ,  TotalTime: 0.271  ,  Loss/total: 2.74001  ,  Loss/giou: 0.64382  ,  Loss/l1: 0.09115  ,  Loss/location: 0.97992  ,  pro_loss: 0.08348  ,  IoU: 0.45077
[train: Epoch 10, 400 / 625] FPS: 118.1 (118.7)  ,  DataTime: 0.006 (0.006)  ,  ForwardTime: 0.259  ,  TotalTime: 0.271  ,  Loss/total: 2.74250  ,  Loss/giou: 0.64420  ,  Loss/l1: 0.09113  ,  Loss/location: 0.98178  ,  pro_loss: 0.08346  ,  IoU: 0.45018
[train: Epoch 10, 450 / 625] FPS: 118.1 (118.7)  ,  DataTime: 0.006 (0.006)  ,  ForwardTime: 0.259  ,  TotalTime: 0.271  ,  Loss/total: 2.72719  ,  Loss/giou: 0.64045  ,  Loss/l1: 0.09029  ,  Loss/location: 0.97814  ,  pro_loss: 0.08343  ,  IoU: 0.45274
[train: Epoch 10, 500 / 625] FPS: 118.2 (118.1)  ,  DataTime: 0.006 (0.006)  ,  ForwardTime: 0.259  ,  TotalTime: 0.271  ,  Loss/total: 2.72585  ,  Loss/giou: 0.63986  ,  Loss/l1: 0.09032  ,  Loss/location: 0.97784  ,  pro_loss: 0.08353  ,  IoU: 0.45334
[train: Epoch 10, 550 / 625] FPS: 118.2 (118.1)  ,  DataTime: 0.006 (0.006)  ,  ForwardTime: 0.259  ,  TotalTime: 0.271  ,  Loss/total: 2.72630  ,  Loss/giou: 0.64002  ,  Loss/l1: 0.09025  ,  Loss/location: 0.97820  ,  pro_loss: 0.08416  ,  IoU: 0.45294
[train: Epoch 10, 600 / 625] FPS: 118.2 (118.6)  ,  DataTime: 0.006 (0.006)  ,  ForwardTime: 0.259  ,  TotalTime: 0.271  ,  Loss/total: 2.72284  ,  Loss/giou: 0.63923  ,  Loss/l1: 0.08995  ,  Loss/location: 0.97759  ,  pro_loss: 0.08513  ,  IoU: 0.45374
[train: Epoch 10, 625 / 625] FPS: 118.3 (119.7)  ,  DataTime: 0.006 (0.006)  ,  ForwardTime: 0.259  ,  TotalTime: 0.271  ,  Loss/total: 2.72551  ,  Loss/giou: 0.63992  ,  Loss/l1: 0.09007  ,  Loss/location: 0.97822  ,  pro_loss: 0.08538  ,  IoU: 0.45345
[val: Epoch 10, 50 / 156] FPS: 215.8 (241.3)  ,  DataTime: 0.023 (0.008)  ,  ForwardTime: 0.118  ,  TotalTime: 0.148  ,  Loss/total: 1.31798  ,  Loss/giou: 0.32881  ,  Loss/l1: 0.02983  ,  Loss/location: 0.51121  ,  pro_loss: 0.00001  ,  IoU: 0.70370
[val: Epoch 10, 100 / 156] FPS: 229.4 (245.5)  ,  DataTime: 0.014 (0.008)  ,  ForwardTime: 0.118  ,  TotalTime: 0.139  ,  Loss/total: 1.33746  ,  Loss/giou: 0.32841  ,  Loss/l1: 0.03080  ,  Loss/location: 0.52665  ,  pro_loss: 0.00001  ,  IoU: 0.70546
[val: Epoch 10, 150 / 156] FPS: 234.4 (243.7)  ,  DataTime: 0.011 (0.008)  ,  ForwardTime: 0.118  ,  TotalTime: 0.137  ,  Loss/total: 1.33820  ,  Loss/giou: 0.32981  ,  Loss/l1: 0.03087  ,  Loss/location: 0.52420  ,  pro_loss: 0.00001  ,  IoU: 0.70462
[val: Epoch 10, 156 / 156] FPS: 235.0 (250.7)  ,  DataTime: 0.011 (0.007)  ,  ForwardTime: 0.118  ,  TotalTime: 0.136  ,  Loss/total: 1.34086  ,  Loss/giou: 0.33007  ,  Loss/l1: 0.03109  ,  Loss/location: 0.52529  ,  pro_loss: 0.00001  ,  IoU: 0.70469
[train: Epoch 11, 50 / 625] FPS: 113.4 (118.3)  ,  DataTime: 0.017 (0.006)  ,  ForwardTime: 0.259  ,  TotalTime: 0.282  ,  Loss/total: 2.70481  ,  Loss/giou: 0.64173  ,  Loss/l1: 0.08852  ,  Loss/location: 0.96226  ,  pro_loss: 0.08252  ,  IoU: 0.45569
[train: Epoch 11, 100 / 625] FPS: 116.0 (119.4)  ,  DataTime: 0.011 (0.006)  ,  ForwardTime: 0.259  ,  TotalTime: 0.276  ,  Loss/total: 2.71489  ,  Loss/giou: 0.64603  ,  Loss/l1: 0.08857  ,  Loss/location: 0.96407  ,  pro_loss: 0.07960  ,  IoU: 0.45292
[train: Epoch 11, 150 / 625] FPS: 116.8 (114.4)  ,  DataTime: 0.009 (0.006)  ,  ForwardTime: 0.259  ,  TotalTime: 0.274  ,  Loss/total: 2.67038  ,  Loss/giou: 0.63384  ,  Loss/l1: 0.08688  ,  Loss/location: 0.95221  ,  pro_loss: 0.08051  ,  IoU: 0.46065
[train: Epoch 11, 200 / 625] FPS: 117.3 (118.6)  ,  DataTime: 0.008 (0.006)  ,  ForwardTime: 0.259  ,  TotalTime: 0.273  ,  Loss/total: 2.69401  ,  Loss/giou: 0.63789  ,  Loss/l1: 0.08854  ,  Loss/location: 0.95957  ,  pro_loss: 0.07987  ,  IoU: 0.45807
[train: Epoch 11, 250 / 625] FPS: 117.5 (118.9)  ,  DataTime: 0.007 (0.006)  ,  ForwardTime: 0.259  ,  TotalTime: 0.272  ,  Loss/total: 2.67232  ,  Loss/giou: 0.63160  ,  Loss/l1: 0.08762  ,  Loss/location: 0.95494  ,  pro_loss: 0.08033  ,  IoU: 0.46117
[train: Epoch 11, 300 / 625] FPS: 117.7 (118.4)  ,  DataTime: 0.007 (0.006)  ,  ForwardTime: 0.259  ,  TotalTime: 0.272  ,  Loss/total: 2.66933  ,  Loss/giou: 0.63110  ,  Loss/l1: 0.08747  ,  Loss/location: 0.95336  ,  pro_loss: 0.08207  ,  IoU: 0.46131
[train: Epoch 11, 350 / 625] FPS: 117.8 (118.7)  ,  DataTime: 0.007 (0.006)  ,  ForwardTime: 0.259  ,  TotalTime: 0.272  ,  Loss/total: 2.65050  ,  Loss/giou: 0.62682  ,  Loss/l1: 0.08658  ,  Loss/location: 0.94754  ,  pro_loss: 0.08217  ,  IoU: 0.46442
[train: Epoch 11, 400 / 625] FPS: 117.9 (119.0)  ,  DataTime: 0.006 (0.006)  ,  ForwardTime: 0.259  ,  TotalTime: 0.272  ,  Loss/total: 2.65141  ,  Loss/giou: 0.62709  ,  Loss/l1: 0.08662  ,  Loss/location: 0.94776  ,  pro_loss: 0.08198  ,  IoU: 0.46474
[train: Epoch 11, 450 / 625] FPS: 117.9 (117.7)  ,  DataTime: 0.006 (0.006)  ,  ForwardTime: 0.259  ,  TotalTime: 0.271  ,  Loss/total: 2.64496  ,  Loss/giou: 0.62452  ,  Loss/l1: 0.08633  ,  Loss/location: 0.94782  ,  pro_loss: 0.08211  ,  IoU: 0.46565
[train: Epoch 11, 500 / 625] FPS: 118.0 (118.6)  ,  DataTime: 0.006 (0.006)  ,  ForwardTime: 0.259  ,  TotalTime: 0.271  ,  Loss/total: 2.64698  ,  Loss/giou: 0.62484  ,  Loss/l1: 0.08665  ,  Loss/location: 0.94754  ,  pro_loss: 0.08267  ,  IoU: 0.46518
[train: Epoch 11, 550 / 625] FPS: 118.0 (119.0)  ,  DataTime: 0.006 (0.006)  ,  ForwardTime: 0.259  ,  TotalTime: 0.271  ,  Loss/total: 2.63742  ,  Loss/giou: 0.62208  ,  Loss/l1: 0.08622  ,  Loss/location: 0.94560  ,  pro_loss: 0.08294  ,  IoU: 0.46671
[train: Epoch 11, 600 / 625] FPS: 118.1 (118.7)  ,  DataTime: 0.006 (0.006)  ,  ForwardTime: 0.259  ,  TotalTime: 0.271  ,  Loss/total: 2.64068  ,  Loss/giou: 0.62287  ,  Loss/l1: 0.08640  ,  Loss/location: 0.94626  ,  pro_loss: 0.08345  ,  IoU: 0.46628
[train: Epoch 11, 625 / 625] FPS: 118.1 (119.6)  ,  DataTime: 0.006 (0.006)  ,  ForwardTime: 0.259  ,  TotalTime: 0.271  ,  Loss/total: 2.64180  ,  Loss/giou: 0.62289  ,  Loss/l1: 0.08659  ,  Loss/location: 0.94641  ,  pro_loss: 0.08334  ,  IoU: 0.46609
[train: Epoch 12, 50 / 625] FPS: 113.5 (119.0)  ,  DataTime: 0.017 (0.006)  ,  ForwardTime: 0.259  ,  TotalTime: 0.282  ,  Loss/total: 2.59868  ,  Loss/giou: 0.61537  ,  Loss/l1: 0.08507  ,  Loss/location: 0.92588  ,  pro_loss: 0.08356  ,  IoU: 0.46708
[train: Epoch 12, 100 / 625] FPS: 116.1 (118.8)  ,  DataTime: 0.011 (0.006)  ,  ForwardTime: 0.259  ,  TotalTime: 0.276  ,  Loss/total: 2.63297  ,  Loss/giou: 0.62106  ,  Loss/l1: 0.08588  ,  Loss/location: 0.94466  ,  pro_loss: 0.08391  ,  IoU: 0.46308
[train: Epoch 12, 150 / 625] FPS: 116.9 (118.5)  ,  DataTime: 0.009 (0.006)  ,  ForwardTime: 0.259  ,  TotalTime: 0.274  ,  Loss/total: 2.60943  ,  Loss/giou: 0.61534  ,  Loss/l1: 0.08500  ,  Loss/location: 0.93689  ,  pro_loss: 0.08421  ,  IoU: 0.46873
[train: Epoch 12, 200 / 625] FPS: 117.3 (119.0)  ,  DataTime: 0.008 (0.006)  ,  ForwardTime: 0.259  ,  TotalTime: 0.273  ,  Loss/total: 2.60087  ,  Loss/giou: 0.61330  ,  Loss/l1: 0.08462  ,  Loss/location: 0.93428  ,  pro_loss: 0.08452  ,  IoU: 0.47116
[train: Epoch 12, 250 / 625] FPS: 117.6 (118.1)  ,  DataTime: 0.007 (0.006)  ,  ForwardTime: 0.259  ,  TotalTime: 0.272  ,  Loss/total: 2.62233  ,  Loss/giou: 0.61800  ,  Loss/l1: 0.08547  ,  Loss/location: 0.94210  ,  pro_loss: 0.08436  ,  IoU: 0.46777
[train: Epoch 12, 300 / 625] FPS: 117.8 (118.6)  ,  DataTime: 0.007 (0.006)  ,  ForwardTime: 0.259  ,  TotalTime: 0.272  ,  Loss/total: 2.64123  ,  Loss/giou: 0.62224  ,  Loss/l1: 0.08648  ,  Loss/location: 0.94729  ,  pro_loss: 0.08528  ,  IoU: 0.46473
[train: Epoch 12, 350 / 625] FPS: 117.9 (118.7)  ,  DataTime: 0.007 (0.006)  ,  ForwardTime: 0.259  ,  TotalTime: 0.271  ,  Loss/total: 2.64129  ,  Loss/giou: 0.62212  ,  Loss/l1: 0.08628  ,  Loss/location: 0.94856  ,  pro_loss: 0.08545  ,  IoU: 0.46573
[train: Epoch 12, 400 / 625] FPS: 118.0 (118.7)  ,  DataTime: 0.006 (0.006)  ,  ForwardTime: 0.259  ,  TotalTime: 0.271  ,  Loss/total: 2.63853  ,  Loss/giou: 0.62174  ,  Loss/l1: 0.08625  ,  Loss/location: 0.94676  ,  pro_loss: 0.08519  ,  IoU: 0.46643
[train: Epoch 12, 450 / 625] FPS: 118.1 (118.7)  ,  DataTime: 0.006 (0.006)  ,  ForwardTime: 0.259  ,  TotalTime: 0.271  ,  Loss/total: 2.63851  ,  Loss/giou: 0.62233  ,  Loss/l1: 0.08643  ,  Loss/location: 0.94458  ,  pro_loss: 0.08554  ,  IoU: 0.46617
[train: Epoch 12, 500 / 625] FPS: 118.1 (119.2)  ,  DataTime: 0.006 (0.006)  ,  ForwardTime: 0.259  ,  TotalTime: 0.271  ,  Loss/total: 2.63823  ,  Loss/giou: 0.62222  ,  Loss/l1: 0.08646  ,  Loss/location: 0.94440  ,  pro_loss: 0.08553  ,  IoU: 0.46624
[train: Epoch 12, 550 / 625] FPS: 118.1 (118.8)  ,  DataTime: 0.006 (0.006)  ,  ForwardTime: 0.259  ,  TotalTime: 0.271  ,  Loss/total: 2.64171  ,  Loss/giou: 0.62304  ,  Loss/l1: 0.08662  ,  Loss/location: 0.94535  ,  pro_loss: 0.08592  ,  IoU: 0.46550
[train: Epoch 12, 600 / 625] FPS: 118.2 (118.9)  ,  DataTime: 0.006 (0.006)  ,  ForwardTime: 0.259  ,  TotalTime: 0.271  ,  Loss/total: 2.63265  ,  Loss/giou: 0.62111  ,  Loss/l1: 0.08595  ,  Loss/location: 0.94351  ,  pro_loss: 0.08588  ,  IoU: 0.46678
[train: Epoch 12, 625 / 625] FPS: 118.2 (119.8)  ,  DataTime: 0.006 (0.006)  ,  ForwardTime: 0.259  ,  TotalTime: 0.271  ,  Loss/total: 2.63272  ,  Loss/giou: 0.62121  ,  Loss/l1: 0.08605  ,  Loss/location: 0.94290  ,  pro_loss: 0.08576  ,  IoU: 0.46668
[train: Epoch 13, 50 / 625] FPS: 113.1 (118.5)  ,  DataTime: 0.018 (0.006)  ,  ForwardTime: 0.259  ,  TotalTime: 0.283  ,  Loss/total: 2.63699  ,  Loss/giou: 0.62229  ,  Loss/l1: 0.08618  ,  Loss/location: 0.94384  ,  pro_loss: 0.08836  ,  IoU: 0.46457
[train: Epoch 13, 100 / 625] FPS: 115.8 (118.7)  ,  DataTime: 0.011 (0.006)  ,  ForwardTime: 0.259  ,  TotalTime: 0.276  ,  Loss/total: 2.62296  ,  Loss/giou: 0.61778  ,  Loss/l1: 0.08617  ,  Loss/location: 0.93925  ,  pro_loss: 0.08650  ,  IoU: 0.46942
[train: Epoch 13, 150 / 625] FPS: 116.7 (118.7)  ,  DataTime: 0.009 (0.006)  ,  ForwardTime: 0.259  ,  TotalTime: 0.274  ,  Loss/total: 2.62442  ,  Loss/giou: 0.61827  ,  Loss/l1: 0.08598  ,  Loss/location: 0.94095  ,  pro_loss: 0.08513  ,  IoU: 0.46946
[train: Epoch 13, 200 / 625] FPS: 117.2 (118.1)  ,  DataTime: 0.008 (0.006)  ,  ForwardTime: 0.259  ,  TotalTime: 0.273  ,  Loss/total: 2.61545  ,  Loss/giou: 0.61686  ,  Loss/l1: 0.08516  ,  Loss/location: 0.93869  ,  pro_loss: 0.08630  ,  IoU: 0.47094
[train: Epoch 13, 250 / 625] FPS: 117.5 (117.2)  ,  DataTime: 0.007 (0.006)  ,  ForwardTime: 0.259  ,  TotalTime: 0.272  ,  Loss/total: 2.61170  ,  Loss/giou: 0.61634  ,  Loss/l1: 0.08512  ,  Loss/location: 0.93619  ,  pro_loss: 0.08597  ,  IoU: 0.47128
[train: Epoch 13, 300 / 625] FPS: 117.6 (118.3)  ,  DataTime: 0.007 (0.006)  ,  ForwardTime: 0.259  ,  TotalTime: 0.272  ,  Loss/total: 2.61505  ,  Loss/giou: 0.61804  ,  Loss/l1: 0.08530  ,  Loss/location: 0.93533  ,  pro_loss: 0.08571  ,  IoU: 0.47064
[train: Epoch 13, 350 / 625] FPS: 117.8 (116.7)  ,  DataTime: 0.007 (0.006)  ,  ForwardTime: 0.259  ,  TotalTime: 0.272  ,  Loss/total: 2.60185  ,  Loss/giou: 0.61558  ,  Loss/l1: 0.08483  ,  Loss/location: 0.92946  ,  pro_loss: 0.08537  ,  IoU: 0.47248
[train: Epoch 13, 400 / 625] FPS: 117.8 (117.8)  ,  DataTime: 0.006 (0.006)  ,  ForwardTime: 0.259  ,  TotalTime: 0.272  ,  Loss/total: 2.59415  ,  Loss/giou: 0.61353  ,  Loss/l1: 0.08439  ,  Loss/location: 0.92792  ,  pro_loss: 0.08598  ,  IoU: 0.47371
[train: Epoch 13, 450 / 625] FPS: 117.9 (117.1)  ,  DataTime: 0.006 (0.006)  ,  ForwardTime: 0.259  ,  TotalTime: 0.271  ,  Loss/total: 2.59721  ,  Loss/giou: 0.61452  ,  Loss/l1: 0.08462  ,  Loss/location: 0.92793  ,  pro_loss: 0.08559  ,  IoU: 0.47335
[train: Epoch 13, 500 / 625] FPS: 118.0 (116.5)  ,  DataTime: 0.006 (0.006)  ,  ForwardTime: 0.259  ,  TotalTime: 0.271  ,  Loss/total: 2.59906  ,  Loss/giou: 0.61545  ,  Loss/l1: 0.08471  ,  Loss/location: 0.92755  ,  pro_loss: 0.08539  ,  IoU: 0.47272
[train: Epoch 13, 550 / 625] FPS: 118.0 (118.8)  ,  DataTime: 0.006 (0.006)  ,  ForwardTime: 0.259  ,  TotalTime: 0.271  ,  Loss/total: 2.60388  ,  Loss/giou: 0.61669  ,  Loss/l1: 0.08489  ,  Loss/location: 0.92890  ,  pro_loss: 0.08578  ,  IoU: 0.47156
[train: Epoch 13, 600 / 625] FPS: 118.0 (117.2)  ,  DataTime: 0.006 (0.006)  ,  ForwardTime: 0.259  ,  TotalTime: 0.271  ,  Loss/total: 2.60380  ,  Loss/giou: 0.61600  ,  Loss/l1: 0.08482  ,  Loss/location: 0.93053  ,  pro_loss: 0.08584  ,  IoU: 0.47185
[train: Epoch 13, 625 / 625] FPS: 118.1 (119.8)  ,  DataTime: 0.006 (0.006)  ,  ForwardTime: 0.259  ,  TotalTime: 0.271  ,  Loss/total: 2.60146  ,  Loss/giou: 0.61527  ,  Loss/l1: 0.08476  ,  Loss/location: 0.93000  ,  pro_loss: 0.08572  ,  IoU: 0.47221
[train: Epoch 14, 50 / 625] FPS: 113.5 (118.3)  ,  DataTime: 0.017 (0.006)  ,  ForwardTime: 0.259  ,  TotalTime: 0.282  ,  Loss/total: 2.59690  ,  Loss/giou: 0.61866  ,  Loss/l1: 0.08524  ,  Loss/location: 0.91700  ,  pro_loss: 0.08193  ,  IoU: 0.47124
[train: Epoch 14, 100 / 625] FPS: 116.0 (119.6)  ,  DataTime: 0.011 (0.006)  ,  ForwardTime: 0.259  ,  TotalTime: 0.276  ,  Loss/total: 2.62460  ,  Loss/giou: 0.62371  ,  Loss/l1: 0.08742  ,  Loss/location: 0.92305  ,  pro_loss: 0.08504  ,  IoU: 0.47049
[train: Epoch 14, 150 / 625] FPS: 116.9 (118.8)  ,  DataTime: 0.009 (0.006)  ,  ForwardTime: 0.259  ,  TotalTime: 0.274  ,  Loss/total: 2.62557  ,  Loss/giou: 0.62381  ,  Loss/l1: 0.08760  ,  Loss/location: 0.92323  ,  pro_loss: 0.08359  ,  IoU: 0.46898
[train: Epoch 14, 200 / 625] FPS: 117.4 (119.7)  ,  DataTime: 0.008 (0.006)  ,  ForwardTime: 0.259  ,  TotalTime: 0.273  ,  Loss/total: 2.62978  ,  Loss/giou: 0.62438  ,  Loss/l1: 0.08717  ,  Loss/location: 0.92808  ,  pro_loss: 0.08541  ,  IoU: 0.46722
[train: Epoch 14, 250 / 625] FPS: 117.5 (118.8)  ,  DataTime: 0.007 (0.006)  ,  ForwardTime: 0.259  ,  TotalTime: 0.272  ,  Loss/total: 2.61441  ,  Loss/giou: 0.61958  ,  Loss/l1: 0.08670  ,  Loss/location: 0.92439  ,  pro_loss: 0.08679  ,  IoU: 0.46980
[train: Epoch 14, 300 / 625] FPS: 117.7 (118.5)  ,  DataTime: 0.007 (0.006)  ,  ForwardTime: 0.259  ,  TotalTime: 0.272  ,  Loss/total: 2.61045  ,  Loss/giou: 0.61850  ,  Loss/l1: 0.08637  ,  Loss/location: 0.92417  ,  pro_loss: 0.08729  ,  IoU: 0.47024
[train: Epoch 14, 350 / 625] FPS: 117.8 (119.0)  ,  DataTime: 0.006 (0.006)  ,  ForwardTime: 0.259  ,  TotalTime: 0.272  ,  Loss/total: 2.60486  ,  Loss/giou: 0.61708  ,  Loss/l1: 0.08597  ,  Loss/location: 0.92334  ,  pro_loss: 0.08747  ,  IoU: 0.47170
[train: Epoch 14, 400 / 625] FPS: 117.9 (117.9)  ,  DataTime: 0.006 (0.006)  ,  ForwardTime: 0.259  ,  TotalTime: 0.271  ,  Loss/total: 2.60152  ,  Loss/giou: 0.61584  ,  Loss/l1: 0.08579  ,  Loss/location: 0.92350  ,  pro_loss: 0.08696  ,  IoU: 0.47267
[train: Epoch 14, 450 / 625] FPS: 118.0 (119.3)  ,  DataTime: 0.006 (0.006)  ,  ForwardTime: 0.259  ,  TotalTime: 0.271  ,  Loss/total: 2.60059  ,  Loss/giou: 0.61597  ,  Loss/l1: 0.08584  ,  Loss/location: 0.92209  ,  pro_loss: 0.08686  ,  IoU: 0.47238
[train: Epoch 14, 500 / 625] FPS: 118.0 (118.4)  ,  DataTime: 0.006 (0.006)  ,  ForwardTime: 0.259  ,  TotalTime: 0.271  ,  Loss/total: 2.59608  ,  Loss/giou: 0.61472  ,  Loss/l1: 0.08547  ,  Loss/location: 0.92199  ,  pro_loss: 0.08657  ,  IoU: 0.47308
[train: Epoch 14, 550 / 625] FPS: 118.1 (118.6)  ,  DataTime: 0.006 (0.006)  ,  ForwardTime: 0.259  ,  TotalTime: 0.271  ,  Loss/total: 2.58781  ,  Loss/giou: 0.61315  ,  Loss/l1: 0.08509  ,  Loss/location: 0.91867  ,  pro_loss: 0.08703  ,  IoU: 0.47428
[train: Epoch 14, 600 / 625] FPS: 118.2 (118.8)  ,  DataTime: 0.006 (0.006)  ,  ForwardTime: 0.259  ,  TotalTime: 0.271  ,  Loss/total: 2.58322  ,  Loss/giou: 0.61217  ,  Loss/l1: 0.08479  ,  Loss/location: 0.91752  ,  pro_loss: 0.08697  ,  IoU: 0.47507
[train: Epoch 14, 625 / 625] FPS: 118.2 (119.9)  ,  DataTime: 0.006 (0.006)  ,  ForwardTime: 0.259  ,  TotalTime: 0.271  ,  Loss/total: 2.57659  ,  Loss/giou: 0.61082  ,  Loss/l1: 0.08450  ,  Loss/location: 0.91508  ,  pro_loss: 0.08693  ,  IoU: 0.47611
[train: Epoch 15, 50 / 625] FPS: 113.6 (120.1)  ,  DataTime: 0.017 (0.006)  ,  ForwardTime: 0.259  ,  TotalTime: 0.282  ,  Loss/total: 2.53148  ,  Loss/giou: 0.59901  ,  Loss/l1: 0.08023  ,  Loss/location: 0.91365  ,  pro_loss: 0.09324  ,  IoU: 0.48564
[train: Epoch 15, 100 / 625] FPS: 116.1 (118.7)  ,  DataTime: 0.011 (0.006)  ,  ForwardTime: 0.259  ,  TotalTime: 0.276  ,  Loss/total: 2.53125  ,  Loss/giou: 0.59895  ,  Loss/l1: 0.08156  ,  Loss/location: 0.90705  ,  pro_loss: 0.09235  ,  IoU: 0.48453
[train: Epoch 15, 150 / 625] FPS: 117.0 (119.0)  ,  DataTime: 0.009 (0.006)  ,  ForwardTime: 0.259  ,  TotalTime: 0.274  ,  Loss/total: 2.51207  ,  Loss/giou: 0.59622  ,  Loss/l1: 0.08076  ,  Loss/location: 0.89750  ,  pro_loss: 0.09150  ,  IoU: 0.48667
[train: Epoch 15, 200 / 625] FPS: 117.4 (117.6)  ,  DataTime: 0.008 (0.006)  ,  ForwardTime: 0.259  ,  TotalTime: 0.273  ,  Loss/total: 2.52488  ,  Loss/giou: 0.59862  ,  Loss/l1: 0.08175  ,  Loss/location: 0.90063  ,  pro_loss: 0.09122  ,  IoU: 0.48598
[train: Epoch 15, 250 / 625] FPS: 117.6 (118.7)  ,  DataTime: 0.007 (0.006)  ,  ForwardTime: 0.259  ,  TotalTime: 0.272  ,  Loss/total: 2.53630  ,  Loss/giou: 0.60170  ,  Loss/l1: 0.08240  ,  Loss/location: 0.90260  ,  pro_loss: 0.09140  ,  IoU: 0.48376
[train: Epoch 15, 300 / 625] FPS: 117.8 (118.7)  ,  DataTime: 0.007 (0.006)  ,  ForwardTime: 0.259  ,  TotalTime: 0.272  ,  Loss/total: 2.51904  ,  Loss/giou: 0.59833  ,  Loss/l1: 0.08109  ,  Loss/location: 0.89857  ,  pro_loss: 0.09190  ,  IoU: 0.48570
[train: Epoch 15, 350 / 625] FPS: 118.0 (119.3)  ,  DataTime: 0.006 (0.006)  ,  ForwardTime: 0.259  ,  TotalTime: 0.271  ,  Loss/total: 2.53034  ,  Loss/giou: 0.60098  ,  Loss/l1: 0.08183  ,  Loss/location: 0.90105  ,  pro_loss: 0.09103  ,  IoU: 0.48414
[train: Epoch 15, 400 / 625] FPS: 118.0 (118.8)  ,  DataTime: 0.006 (0.006)  ,  ForwardTime: 0.259  ,  TotalTime: 0.271  ,  Loss/total: 2.52593  ,  Loss/giou: 0.60042  ,  Loss/l1: 0.08202  ,  Loss/location: 0.89693  ,  pro_loss: 0.09041  ,  IoU: 0.48481
[train: Epoch 15, 450 / 625] FPS: 118.1 (117.9)  ,  DataTime: 0.006 (0.006)  ,  ForwardTime: 0.259  ,  TotalTime: 0.271  ,  Loss/total: 2.52883  ,  Loss/giou: 0.60095  ,  Loss/l1: 0.08215  ,  Loss/location: 0.89813  ,  pro_loss: 0.09021  ,  IoU: 0.48448
[train: Epoch 15, 500 / 625] FPS: 118.2 (119.2)  ,  DataTime: 0.006 (0.006)  ,  ForwardTime: 0.259  ,  TotalTime: 0.271  ,  Loss/total: 2.52376  ,  Loss/giou: 0.59968  ,  Loss/l1: 0.08192  ,  Loss/location: 0.89688  ,  pro_loss: 0.08949  ,  IoU: 0.48535
[train: Epoch 15, 550 / 625] FPS: 118.2 (118.2)  ,  DataTime: 0.006 (0.006)  ,  ForwardTime: 0.259  ,  TotalTime: 0.271  ,  Loss/total: 2.52266  ,  Loss/giou: 0.59918  ,  Loss/l1: 0.08195  ,  Loss/location: 0.89667  ,  pro_loss: 0.08950  ,  IoU: 0.48560
[train: Epoch 15, 600 / 625] FPS: 118.3 (118.1)  ,  DataTime: 0.006 (0.006)  ,  ForwardTime: 0.259  ,  TotalTime: 0.271  ,  Loss/total: 2.51849  ,  Loss/giou: 0.59846  ,  Loss/l1: 0.08165  ,  Loss/location: 0.89544  ,  pro_loss: 0.08937  ,  IoU: 0.48590
[train: Epoch 15, 625 / 625] FPS: 118.3 (118.5)  ,  DataTime: 0.006 (0.006)  ,  ForwardTime: 0.259  ,  TotalTime: 0.271  ,  Loss/total: 2.52132  ,  Loss/giou: 0.59912  ,  Loss/l1: 0.08178  ,  Loss/location: 0.89634  ,  pro_loss: 0.08911  ,  IoU: 0.48558
[val: Epoch 15, 50 / 156] FPS: 220.0 (247.6)  ,  DataTime: 0.020 (0.007)  ,  ForwardTime: 0.118  ,  TotalTime: 0.145  ,  Loss/total: 1.15552  ,  Loss/giou: 0.29167  ,  Loss/l1: 0.02654  ,  Loss/location: 0.43950  ,  pro_loss: 0.00000  ,  IoU: 0.73657
[val: Epoch 15, 100 / 156] FPS: 232.1 (245.5)  ,  DataTime: 0.012 (0.007)  ,  ForwardTime: 0.118  ,  TotalTime: 0.138  ,  Loss/total: 1.15264  ,  Loss/giou: 0.29061  ,  Loss/l1: 0.02585  ,  Loss/location: 0.44217  ,  pro_loss: 0.00000  ,  IoU: 0.73687
[val: Epoch 15, 150 / 156] FPS: 236.3 (243.9)  ,  DataTime: 0.010 (0.007)  ,  ForwardTime: 0.118  ,  TotalTime: 0.135  ,  Loss/total: 1.15594  ,  Loss/giou: 0.29090  ,  Loss/l1: 0.02589  ,  Loss/location: 0.44470  ,  pro_loss: 0.00000  ,  IoU: 0.73653
[val: Epoch 15, 156 / 156] FPS: 236.9 (251.1)  ,  DataTime: 0.010 (0.007)  ,  ForwardTime: 0.118  ,  TotalTime: 0.135  ,  Loss/total: 1.15206  ,  Loss/giou: 0.29026  ,  Loss/l1: 0.02577  ,  Loss/location: 0.44266  ,  pro_loss: 0.00000  ,  IoU: 0.73694
[train: Epoch 16, 50 / 625] FPS: 113.1 (118.9)  ,  DataTime: 0.018 (0.006)  ,  ForwardTime: 0.259  ,  TotalTime: 0.283  ,  Loss/total: 2.50484  ,  Loss/giou: 0.59497  ,  Loss/l1: 0.08103  ,  Loss/location: 0.89279  ,  pro_loss: 0.08481  ,  IoU: 0.48654
[train: Epoch 16, 100 / 625] FPS: 115.8 (117.2)  ,  DataTime: 0.011 (0.006)  ,  ForwardTime: 0.259  ,  TotalTime: 0.276  ,  Loss/total: 2.54083  ,  Loss/giou: 0.60591  ,  Loss/l1: 0.08251  ,  Loss/location: 0.89911  ,  pro_loss: 0.08679  ,  IoU: 0.48075
[train: Epoch 16, 150 / 625] FPS: 116.8 (118.9)  ,  DataTime: 0.009 (0.006)  ,  ForwardTime: 0.259  ,  TotalTime: 0.274  ,  Loss/total: 2.53821  ,  Loss/giou: 0.60371  ,  Loss/l1: 0.08223  ,  Loss/location: 0.90251  ,  pro_loss: 0.08571  ,  IoU: 0.48198
[train: Epoch 16, 200 / 625] FPS: 117.3 (119.0)  ,  DataTime: 0.008 (0.006)  ,  ForwardTime: 0.259  ,  TotalTime: 0.273  ,  Loss/total: 2.53057  ,  Loss/giou: 0.60328  ,  Loss/l1: 0.08208  ,  Loss/location: 0.89626  ,  pro_loss: 0.08674  ,  IoU: 0.48195
[train: Epoch 16, 250 / 625] FPS: 117.5 (118.3)  ,  DataTime: 0.007 (0.006)  ,  ForwardTime: 0.259  ,  TotalTime: 0.272  ,  Loss/total: 2.52448  ,  Loss/giou: 0.60077  ,  Loss/l1: 0.08165  ,  Loss/location: 0.89741  ,  pro_loss: 0.08652  ,  IoU: 0.48430
[train: Epoch 16, 300 / 625] FPS: 117.6 (118.4)  ,  DataTime: 0.007 (0.006)  ,  ForwardTime: 0.259  ,  TotalTime: 0.272  ,  Loss/total: 2.52161  ,  Loss/giou: 0.59930  ,  Loss/l1: 0.08130  ,  Loss/location: 0.89909  ,  pro_loss: 0.08704  ,  IoU: 0.48430
[train: Epoch 16, 350 / 625] FPS: 117.8 (118.6)  ,  DataTime: 0.007 (0.006)  ,  ForwardTime: 0.259  ,  TotalTime: 0.272  ,  Loss/total: 2.52409  ,  Loss/giou: 0.60034  ,  Loss/l1: 0.08150  ,  Loss/location: 0.89833  ,  pro_loss: 0.08785  ,  IoU: 0.48378
[train: Epoch 16, 400 / 625] FPS: 117.9 (118.0)  ,  DataTime: 0.006 (0.006)  ,  ForwardTime: 0.259  ,  TotalTime: 0.271  ,  Loss/total: 2.53306  ,  Loss/giou: 0.60239  ,  Loss/l1: 0.08194  ,  Loss/location: 0.90100  ,  pro_loss: 0.08779  ,  IoU: 0.48253
[train: Epoch 16, 450 / 625] FPS: 118.0 (118.7)  ,  DataTime: 0.006 (0.006)  ,  ForwardTime: 0.259  ,  TotalTime: 0.271  ,  Loss/total: 2.52756  ,  Loss/giou: 0.60137  ,  Loss/l1: 0.08170  ,  Loss/location: 0.89877  ,  pro_loss: 0.08771  ,  IoU: 0.48355
[train: Epoch 16, 500 / 625] FPS: 118.0 (118.9)  ,  DataTime: 0.006 (0.006)  ,  ForwardTime: 0.259  ,  TotalTime: 0.271  ,  Loss/total: 2.52570  ,  Loss/giou: 0.60035  ,  Loss/l1: 0.08169  ,  Loss/location: 0.89901  ,  pro_loss: 0.08763  ,  IoU: 0.48402
[train: Epoch 16, 550 / 625] FPS: 118.1 (118.5)  ,  DataTime: 0.006 (0.006)  ,  ForwardTime: 0.259  ,  TotalTime: 0.271  ,  Loss/total: 2.52839  ,  Loss/giou: 0.60054  ,  Loss/l1: 0.08173  ,  Loss/location: 0.90104  ,  pro_loss: 0.08794  ,  IoU: 0.48394
[train: Epoch 16, 600 / 625] FPS: 118.1 (118.6)  ,  DataTime: 0.006 (0.006)  ,  ForwardTime: 0.259  ,  TotalTime: 0.271  ,  Loss/total: 2.52787  ,  Loss/giou: 0.60043  ,  Loss/l1: 0.08163  ,  Loss/location: 0.90126  ,  pro_loss: 0.08798  ,  IoU: 0.48395
[train: Epoch 16, 625 / 625] FPS: 118.1 (119.6)  ,  DataTime: 0.006 (0.006)  ,  ForwardTime: 0.259  ,  TotalTime: 0.271  ,  Loss/total: 2.52547  ,  Loss/giou: 0.60004  ,  Loss/l1: 0.08151  ,  Loss/location: 0.90018  ,  pro_loss: 0.08829  ,  IoU: 0.48441
[train: Epoch 17, 50 / 625] FPS: 112.9 (118.1)  ,  DataTime: 0.018 (0.006)  ,  ForwardTime: 0.260  ,  TotalTime: 0.283  ,  Loss/total: 2.46507  ,  Loss/giou: 0.59044  ,  Loss/l1: 0.07794  ,  Loss/location: 0.87565  ,  pro_loss: 0.09417  ,  IoU: 0.49171
[train: Epoch 17, 100 / 625] FPS: 115.7 (118.3)  ,  DataTime: 0.011 (0.006)  ,  ForwardTime: 0.259  ,  TotalTime: 0.277  ,  Loss/total: 2.46171  ,  Loss/giou: 0.58986  ,  Loss/l1: 0.07780  ,  Loss/location: 0.87484  ,  pro_loss: 0.09084  ,  IoU: 0.49293
[train: Epoch 17, 150 / 625] FPS: 116.6 (118.2)  ,  DataTime: 0.009 (0.006)  ,  ForwardTime: 0.259  ,  TotalTime: 0.274  ,  Loss/total: 2.48053  ,  Loss/giou: 0.59272  ,  Loss/l1: 0.07950  ,  Loss/location: 0.87965  ,  pro_loss: 0.08966  ,  IoU: 0.49138
[train: Epoch 17, 200 / 625] FPS: 117.1 (119.1)  ,  DataTime: 0.008 (0.006)  ,  ForwardTime: 0.259  ,  TotalTime: 0.273  ,  Loss/total: 2.48631  ,  Loss/giou: 0.59353  ,  Loss/l1: 0.07956  ,  Loss/location: 0.88348  ,  pro_loss: 0.08980  ,  IoU: 0.49162
[train: Epoch 17, 250 / 625] FPS: 117.3 (118.7)  ,  DataTime: 0.007 (0.006)  ,  ForwardTime: 0.259  ,  TotalTime: 0.273  ,  Loss/total: 2.48997  ,  Loss/giou: 0.59279  ,  Loss/l1: 0.08024  ,  Loss/location: 0.88516  ,  pro_loss: 0.09022  ,  IoU: 0.49196
[train: Epoch 17, 300 / 625] FPS: 117.5 (118.9)  ,  DataTime: 0.007 (0.006)  ,  ForwardTime: 0.259  ,  TotalTime: 0.272  ,  Loss/total: 2.49326  ,  Loss/giou: 0.59358  ,  Loss/l1: 0.08065  ,  Loss/location: 0.88487  ,  pro_loss: 0.08987  ,  IoU: 0.49136
[train: Epoch 17, 350 / 625] FPS: 117.7 (118.8)  ,  DataTime: 0.007 (0.006)  ,  ForwardTime: 0.259  ,  TotalTime: 0.272  ,  Loss/total: 2.48382  ,  Loss/giou: 0.59101  ,  Loss/l1: 0.07972  ,  Loss/location: 0.88526  ,  pro_loss: 0.08958  ,  IoU: 0.49273
[train: Epoch 17, 400 / 625] FPS: 117.8 (118.3)  ,  DataTime: 0.006 (0.006)  ,  ForwardTime: 0.259  ,  TotalTime: 0.272  ,  Loss/total: 2.48799  ,  Loss/giou: 0.59245  ,  Loss/l1: 0.07999  ,  Loss/location: 0.88522  ,  pro_loss: 0.08971  ,  IoU: 0.49187
[train: Epoch 17, 450 / 625] FPS: 117.9 (120.3)  ,  DataTime: 0.006 (0.006)  ,  ForwardTime: 0.259  ,  TotalTime: 0.271  ,  Loss/total: 2.48598  ,  Loss/giou: 0.59160  ,  Loss/l1: 0.07979  ,  Loss/location: 0.88595  ,  pro_loss: 0.08924  ,  IoU: 0.49241
[train: Epoch 17, 500 / 625] FPS: 117.9 (117.2)  ,  DataTime: 0.006 (0.006)  ,  ForwardTime: 0.259  ,  TotalTime: 0.271  ,  Loss/total: 2.48877  ,  Loss/giou: 0.59274  ,  Loss/l1: 0.07984  ,  Loss/location: 0.88624  ,  pro_loss: 0.08913  ,  IoU: 0.49166
[train: Epoch 17, 550 / 625] FPS: 117.9 (118.5)  ,  DataTime: 0.006 (0.006)  ,  ForwardTime: 0.259  ,  TotalTime: 0.271  ,  Loss/total: 2.49636  ,  Loss/giou: 0.59384  ,  Loss/l1: 0.08024  ,  Loss/location: 0.88963  ,  pro_loss: 0.08914  ,  IoU: 0.49065
[train: Epoch 17, 600 / 625] FPS: 118.0 (118.5)  ,  DataTime: 0.006 (0.006)  ,  ForwardTime: 0.259  ,  TotalTime: 0.271  ,  Loss/total: 2.49113  ,  Loss/giou: 0.59239  ,  Loss/l1: 0.07989  ,  Loss/location: 0.88901  ,  pro_loss: 0.08939  ,  IoU: 0.49145
[train: Epoch 17, 625 / 625] FPS: 118.0 (120.1)  ,  DataTime: 0.006 (0.006)  ,  ForwardTime: 0.259  ,  TotalTime: 0.271  ,  Loss/total: 2.49482  ,  Loss/giou: 0.59356  ,  Loss/l1: 0.08012  ,  Loss/location: 0.88913  ,  pro_loss: 0.08973  ,  IoU: 0.49067
[train: Epoch 18, 50 / 625] FPS: 112.6 (118.8)  ,  DataTime: 0.019 (0.006)  ,  ForwardTime: 0.259  ,  TotalTime: 0.284  ,  Loss/total: 2.47742  ,  Loss/giou: 0.59472  ,  Loss/l1: 0.08033  ,  Loss/location: 0.86672  ,  pro_loss: 0.09813  ,  IoU: 0.48938
[train: Epoch 18, 100 / 625] FPS: 115.6 (118.9)  ,  DataTime: 0.012 (0.006)  ,  ForwardTime: 0.259  ,  TotalTime: 0.277  ,  Loss/total: 2.48998  ,  Loss/giou: 0.59427  ,  Loss/l1: 0.08127  ,  Loss/location: 0.87632  ,  pro_loss: 0.09386  ,  IoU: 0.48782
[train: Epoch 18, 150 / 625] FPS: 116.6 (118.2)  ,  DataTime: 0.010 (0.006)  ,  ForwardTime: 0.259  ,  TotalTime: 0.275  ,  Loss/total: 2.46426  ,  Loss/giou: 0.58652  ,  Loss/l1: 0.08045  ,  Loss/location: 0.87040  ,  pro_loss: 0.09278  ,  IoU: 0.49445
[train: Epoch 18, 200 / 625] FPS: 117.1 (118.5)  ,  DataTime: 0.008 (0.006)  ,  ForwardTime: 0.259  ,  TotalTime: 0.273  ,  Loss/total: 2.46094  ,  Loss/giou: 0.58395  ,  Loss/l1: 0.08049  ,  Loss/location: 0.87193  ,  pro_loss: 0.09328  ,  IoU: 0.49700
[train: Epoch 18, 250 / 625] FPS: 117.4 (119.0)  ,  DataTime: 0.008 (0.006)  ,  ForwardTime: 0.259  ,  TotalTime: 0.273  ,  Loss/total: 2.47594  ,  Loss/giou: 0.58753  ,  Loss/l1: 0.08079  ,  Loss/location: 0.87834  ,  pro_loss: 0.09288  ,  IoU: 0.49449
[train: Epoch 18, 300 / 625] FPS: 117.6 (119.1)  ,  DataTime: 0.007 (0.006)  ,  ForwardTime: 0.259  ,  TotalTime: 0.272  ,  Loss/total: 2.48314  ,  Loss/giou: 0.58920  ,  Loss/l1: 0.08085  ,  Loss/location: 0.88192  ,  pro_loss: 0.09292  ,  IoU: 0.49345
[train: Epoch 18, 350 / 625] FPS: 117.8 (118.5)  ,  DataTime: 0.007 (0.006)  ,  ForwardTime: 0.259  ,  TotalTime: 0.272  ,  Loss/total: 2.47963  ,  Loss/giou: 0.58884  ,  Loss/l1: 0.08081  ,  Loss/location: 0.87948  ,  pro_loss: 0.09212  ,  IoU: 0.49313
[train: Epoch 18, 400 / 625] FPS: 117.9 (118.4)  ,  DataTime: 0.007 (0.006)  ,  ForwardTime: 0.259  ,  TotalTime: 0.271  ,  Loss/total: 2.46358  ,  Loss/giou: 0.58545  ,  Loss/l1: 0.07978  ,  Loss/location: 0.87532  ,  pro_loss: 0.09231  ,  IoU: 0.49578
[train: Epoch 18, 450 / 625] FPS: 117.9 (117.9)  ,  DataTime: 0.006 (0.006)  ,  ForwardTime: 0.259  ,  TotalTime: 0.271  ,  Loss/total: 2.48269  ,  Loss/giou: 0.59019  ,  Loss/l1: 0.08073  ,  Loss/location: 0.88018  ,  pro_loss: 0.09229  ,  IoU: 0.49248
[train: Epoch 18, 500 / 625] FPS: 117.9 (118.1)  ,  DataTime: 0.006 (0.006)  ,  ForwardTime: 0.259  ,  TotalTime: 0.271  ,  Loss/total: 2.48134  ,  Loss/giou: 0.59041  ,  Loss/l1: 0.08055  ,  Loss/location: 0.87922  ,  pro_loss: 0.09270  ,  IoU: 0.49255
[train: Epoch 18, 550 / 625] FPS: 118.0 (117.5)  ,  DataTime: 0.006 (0.006)  ,  ForwardTime: 0.259  ,  TotalTime: 0.271  ,  Loss/total: 2.47834  ,  Loss/giou: 0.58961  ,  Loss/l1: 0.08024  ,  Loss/location: 0.87933  ,  pro_loss: 0.09299  ,  IoU: 0.49300
[train: Epoch 18, 600 / 625] FPS: 118.0 (118.3)  ,  DataTime: 0.006 (0.006)  ,  ForwardTime: 0.259  ,  TotalTime: 0.271  ,  Loss/total: 2.47599  ,  Loss/giou: 0.58955  ,  Loss/l1: 0.08005  ,  Loss/location: 0.87804  ,  pro_loss: 0.09305  ,  IoU: 0.49333
[train: Epoch 18, 625 / 625] FPS: 118.1 (119.3)  ,  DataTime: 0.006 (0.006)  ,  ForwardTime: 0.259  ,  TotalTime: 0.271  ,  Loss/total: 2.47667  ,  Loss/giou: 0.58961  ,  Loss/l1: 0.08006  ,  Loss/location: 0.87849  ,  pro_loss: 0.09317  ,  IoU: 0.49321
[train: Epoch 19, 50 / 625] FPS: 113.1 (119.0)  ,  DataTime: 0.018 (0.006)  ,  ForwardTime: 0.259  ,  TotalTime: 0.283  ,  Loss/total: 2.46669  ,  Loss/giou: 0.58933  ,  Loss/l1: 0.07927  ,  Loss/location: 0.87232  ,  pro_loss: 0.09668  ,  IoU: 0.49499
[train: Epoch 19, 100 / 625] FPS: 115.8 (118.7)  ,  DataTime: 0.011 (0.006)  ,  ForwardTime: 0.259  ,  TotalTime: 0.276  ,  Loss/total: 2.49804  ,  Loss/giou: 0.59774  ,  Loss/l1: 0.07914  ,  Loss/location: 0.88783  ,  pro_loss: 0.09522  ,  IoU: 0.48837
[train: Epoch 19, 150 / 625] FPS: 116.7 (117.6)  ,  DataTime: 0.009 (0.006)  ,  ForwardTime: 0.259  ,  TotalTime: 0.274  ,  Loss/total: 2.47793  ,  Loss/giou: 0.59162  ,  Loss/l1: 0.07853  ,  Loss/location: 0.88273  ,  pro_loss: 0.09654  ,  IoU: 0.49468
[train: Epoch 19, 200 / 625] FPS: 117.2 (119.0)  ,  DataTime: 0.008 (0.006)  ,  ForwardTime: 0.259  ,  TotalTime: 0.273  ,  Loss/total: 2.46558  ,  Loss/giou: 0.58904  ,  Loss/l1: 0.07821  ,  Loss/location: 0.87711  ,  pro_loss: 0.09678  ,  IoU: 0.49683
[train: Epoch 19, 250 / 625] FPS: 117.5 (119.0)  ,  DataTime: 0.007 (0.006)  ,  ForwardTime: 0.259  ,  TotalTime: 0.272  ,  Loss/total: 2.45703  ,  Loss/giou: 0.58739  ,  Loss/l1: 0.07845  ,  Loss/location: 0.87053  ,  pro_loss: 0.09726  ,  IoU: 0.49753
[train: Epoch 19, 300 / 625] FPS: 117.7 (117.1)  ,  DataTime: 0.007 (0.006)  ,  ForwardTime: 0.259  ,  TotalTime: 0.272  ,  Loss/total: 2.46144  ,  Loss/giou: 0.58789  ,  Loss/l1: 0.07859  ,  Loss/location: 0.87347  ,  pro_loss: 0.09626  ,  IoU: 0.49622
[train: Epoch 19, 350 / 625] FPS: 117.8 (118.9)  ,  DataTime: 0.007 (0.006)  ,  ForwardTime: 0.259  ,  TotalTime: 0.272  ,  Loss/total: 2.45122  ,  Loss/giou: 0.58530  ,  Loss/l1: 0.07805  ,  Loss/location: 0.87131  ,  pro_loss: 0.09534  ,  IoU: 0.49765
[train: Epoch 19, 400 / 625] FPS: 117.9 (118.8)  ,  DataTime: 0.006 (0.006)  ,  ForwardTime: 0.259  ,  TotalTime: 0.271  ,  Loss/total: 2.44327  ,  Loss/giou: 0.58378  ,  Loss/l1: 0.07793  ,  Loss/location: 0.86710  ,  pro_loss: 0.09475  ,  IoU: 0.49890
[train: Epoch 19, 450 / 625] FPS: 118.0 (119.0)  ,  DataTime: 0.006 (0.006)  ,  ForwardTime: 0.259  ,  TotalTime: 0.271  ,  Loss/total: 2.43853  ,  Loss/giou: 0.58238  ,  Loss/l1: 0.07764  ,  Loss/location: 0.86669  ,  pro_loss: 0.09434  ,  IoU: 0.49954
[train: Epoch 19, 500 / 625] FPS: 118.1 (119.0)  ,  DataTime: 0.006 (0.006)  ,  ForwardTime: 0.259  ,  TotalTime: 0.271  ,  Loss/total: 2.44376  ,  Loss/giou: 0.58384  ,  Loss/l1: 0.07797  ,  Loss/location: 0.86742  ,  pro_loss: 0.09412  ,  IoU: 0.49915
[train: Epoch 19, 550 / 625] FPS: 118.1 (118.1)  ,  DataTime: 0.006 (0.006)  ,  ForwardTime: 0.259  ,  TotalTime: 0.271  ,  Loss/total: 2.43952  ,  Loss/giou: 0.58310  ,  Loss/l1: 0.07791  ,  Loss/location: 0.86494  ,  pro_loss: 0.09416  ,  IoU: 0.49967
[train: Epoch 19, 600 / 625] FPS: 118.1 (118.5)  ,  DataTime: 0.006 (0.006)  ,  ForwardTime: 0.259  ,  TotalTime: 0.271  ,  Loss/total: 2.43730  ,  Loss/giou: 0.58226  ,  Loss/l1: 0.07780  ,  Loss/location: 0.86502  ,  pro_loss: 0.09387  ,  IoU: 0.50060
[train: Epoch 19, 625 / 625] FPS: 118.1 (118.6)  ,  DataTime: 0.006 (0.006)  ,  ForwardTime: 0.259  ,  TotalTime: 0.271  ,  Loss/total: 2.43841  ,  Loss/giou: 0.58252  ,  Loss/l1: 0.07783  ,  Loss/location: 0.86550  ,  pro_loss: 0.09365  ,  IoU: 0.50001
[train: Epoch 20, 50 / 625] FPS: 113.5 (118.7)  ,  DataTime: 0.017 (0.006)  ,  ForwardTime: 0.259  ,  TotalTime: 0.282  ,  Loss/total: 2.42783  ,  Loss/giou: 0.58429  ,  Loss/l1: 0.07572  ,  Loss/location: 0.86173  ,  pro_loss: 0.09463  ,  IoU: 0.49440
[train: Epoch 20, 100 / 625] FPS: 116.0 (118.5)  ,  DataTime: 0.011 (0.006)  ,  ForwardTime: 0.259  ,  TotalTime: 0.276  ,  Loss/total: 2.42614  ,  Loss/giou: 0.58058  ,  Loss/l1: 0.07635  ,  Loss/location: 0.86459  ,  pro_loss: 0.09315  ,  IoU: 0.49825
[train: Epoch 20, 150 / 625] FPS: 116.8 (117.2)  ,  DataTime: 0.009 (0.006)  ,  ForwardTime: 0.259  ,  TotalTime: 0.274  ,  Loss/total: 2.42396  ,  Loss/giou: 0.57996  ,  Loss/l1: 0.07653  ,  Loss/location: 0.86290  ,  pro_loss: 0.09259  ,  IoU: 0.50018
[train: Epoch 20, 200 / 625] FPS: 117.3 (118.5)  ,  DataTime: 0.008 (0.006)  ,  ForwardTime: 0.259  ,  TotalTime: 0.273  ,  Loss/total: 2.41531  ,  Loss/giou: 0.57844  ,  Loss/l1: 0.07617  ,  Loss/location: 0.85905  ,  pro_loss: 0.09267  ,  IoU: 0.50199
[train: Epoch 20, 250 / 625] FPS: 117.5 (118.0)  ,  DataTime: 0.007 (0.006)  ,  ForwardTime: 0.259  ,  TotalTime: 0.272  ,  Loss/total: 2.40614  ,  Loss/giou: 0.57573  ,  Loss/l1: 0.07576  ,  Loss/location: 0.85760  ,  pro_loss: 0.09139  ,  IoU: 0.50415
[train: Epoch 20, 300 / 625] FPS: 117.7 (119.1)  ,  DataTime: 0.007 (0.006)  ,  ForwardTime: 0.259  ,  TotalTime: 0.272  ,  Loss/total: 2.40954  ,  Loss/giou: 0.57579  ,  Loss/l1: 0.07592  ,  Loss/location: 0.86014  ,  pro_loss: 0.09110  ,  IoU: 0.50391
[train: Epoch 20, 350 / 625] FPS: 117.8 (119.0)  ,  DataTime: 0.007 (0.006)  ,  ForwardTime: 0.259  ,  TotalTime: 0.272  ,  Loss/total: 2.41371  ,  Loss/giou: 0.57651  ,  Loss/l1: 0.07603  ,  Loss/location: 0.86240  ,  pro_loss: 0.09055  ,  IoU: 0.50347
[train: Epoch 20, 400 / 625] FPS: 117.9 (118.3)  ,  DataTime: 0.006 (0.006)  ,  ForwardTime: 0.259  ,  TotalTime: 0.271  ,  Loss/total: 2.42106  ,  Loss/giou: 0.57865  ,  Loss/l1: 0.07660  ,  Loss/location: 0.86245  ,  pro_loss: 0.09145  ,  IoU: 0.50140
[train: Epoch 20, 450 / 625] FPS: 118.0 (118.3)  ,  DataTime: 0.006 (0.006)  ,  ForwardTime: 0.259  ,  TotalTime: 0.271  ,  Loss/total: 2.42799  ,  Loss/giou: 0.58021  ,  Loss/l1: 0.07696  ,  Loss/location: 0.86448  ,  pro_loss: 0.09159  ,  IoU: 0.49988
[train: Epoch 20, 500 / 625] FPS: 118.0 (118.5)  ,  DataTime: 0.006 (0.006)  ,  ForwardTime: 0.259  ,  TotalTime: 0.271  ,  Loss/total: 2.42452  ,  Loss/giou: 0.57930  ,  Loss/l1: 0.07676  ,  Loss/location: 0.86388  ,  pro_loss: 0.09110  ,  IoU: 0.50050
[train: Epoch 20, 550 / 625] FPS: 118.1 (118.7)  ,  DataTime: 0.006 (0.006)  ,  ForwardTime: 0.259  ,  TotalTime: 0.271  ,  Loss/total: 2.42427  ,  Loss/giou: 0.57908  ,  Loss/l1: 0.07671  ,  Loss/location: 0.86433  ,  pro_loss: 0.09109  ,  IoU: 0.50094
[train: Epoch 20, 600 / 625] FPS: 118.1 (118.4)  ,  DataTime: 0.006 (0.006)  ,  ForwardTime: 0.259  ,  TotalTime: 0.271  ,  Loss/total: 2.42258  ,  Loss/giou: 0.57904  ,  Loss/l1: 0.07662  ,  Loss/location: 0.86313  ,  pro_loss: 0.09128  ,  IoU: 0.50117
[train: Epoch 20, 625 / 625] FPS: 118.1 (118.2)  ,  DataTime: 0.006 (0.006)  ,  ForwardTime: 0.259  ,  TotalTime: 0.271  ,  Loss/total: 2.42321  ,  Loss/giou: 0.57927  ,  Loss/l1: 0.07665  ,  Loss/location: 0.86317  ,  pro_loss: 0.09128  ,  IoU: 0.50100
[val: Epoch 20, 50 / 156] FPS: 219.6 (248.4)  ,  DataTime: 0.020 (0.007)  ,  ForwardTime: 0.118  ,  TotalTime: 0.146  ,  Loss/total: 1.08578  ,  Loss/giou: 0.27420  ,  Loss/l1: 0.02471  ,  Loss/location: 0.41381  ,  pro_loss: 0.00000  ,  IoU: 0.75221
[val: Epoch 20, 100 / 156] FPS: 232.1 (248.9)  ,  DataTime: 0.013 (0.007)  ,  ForwardTime: 0.118  ,  TotalTime: 0.138  ,  Loss/total: 1.06961  ,  Loss/giou: 0.26923  ,  Loss/l1: 0.02342  ,  Loss/location: 0.41407  ,  pro_loss: 0.00000  ,  IoU: 0.75459
[val: Epoch 20, 150 / 156] FPS: 236.3 (241.5)  ,  DataTime: 0.010 (0.007)  ,  ForwardTime: 0.118  ,  TotalTime: 0.135  ,  Loss/total: 1.07667  ,  Loss/giou: 0.27110  ,  Loss/l1: 0.02355  ,  Loss/location: 0.41673  ,  pro_loss: 0.00000  ,  IoU: 0.75311
[val: Epoch 20, 156 / 156] FPS: 236.8 (254.7)  ,  DataTime: 0.010 (0.007)  ,  ForwardTime: 0.118  ,  TotalTime: 0.135  ,  Loss/total: 1.07948  ,  Loss/giou: 0.27193  ,  Loss/l1: 0.02365  ,  Loss/location: 0.41738  ,  pro_loss: 0.00000  ,  IoU: 0.75255
[train: Epoch 21, 50 / 625] FPS: 113.3 (119.1)  ,  DataTime: 0.017 (0.006)  ,  ForwardTime: 0.259  ,  TotalTime: 0.283  ,  Loss/total: 2.36560  ,  Loss/giou: 0.56878  ,  Loss/l1: 0.07360  ,  Loss/location: 0.84192  ,  pro_loss: 0.09063  ,  IoU: 0.51063
[train: Epoch 21, 100 / 625] FPS: 115.9 (118.1)  ,  DataTime: 0.011 (0.006)  ,  ForwardTime: 0.259  ,  TotalTime: 0.276  ,  Loss/total: 2.39725  ,  Loss/giou: 0.57297  ,  Loss/l1: 0.07577  ,  Loss/location: 0.85438  ,  pro_loss: 0.09042  ,  IoU: 0.50758
[train: Epoch 21, 150 / 625] FPS: 116.9 (118.8)  ,  DataTime: 0.009 (0.006)  ,  ForwardTime: 0.259  ,  TotalTime: 0.274  ,  Loss/total: 2.41472  ,  Loss/giou: 0.57910  ,  Loss/l1: 0.07752  ,  Loss/location: 0.85043  ,  pro_loss: 0.09237  ,  IoU: 0.50371
[train: Epoch 21, 200 / 625] FPS: 117.3 (119.0)  ,  DataTime: 0.008 (0.006)  ,  ForwardTime: 0.259  ,  TotalTime: 0.273  ,  Loss/total: 2.39662  ,  Loss/giou: 0.57413  ,  Loss/l1: 0.07618  ,  Loss/location: 0.84930  ,  pro_loss: 0.09090  ,  IoU: 0.50703
[train: Epoch 21, 250 / 625] FPS: 117.6 (119.0)  ,  DataTime: 0.007 (0.006)  ,  ForwardTime: 0.259  ,  TotalTime: 0.272  ,  Loss/total: 2.39964  ,  Loss/giou: 0.57432  ,  Loss/l1: 0.07618  ,  Loss/location: 0.85184  ,  pro_loss: 0.09130  ,  IoU: 0.50661
[train: Epoch 21, 300 / 625] FPS: 117.8 (119.2)  ,  DataTime: 0.007 (0.006)  ,  ForwardTime: 0.259  ,  TotalTime: 0.272  ,  Loss/total: 2.41810  ,  Loss/giou: 0.57877  ,  Loss/l1: 0.07711  ,  Loss/location: 0.85659  ,  pro_loss: 0.09211  ,  IoU: 0.50313
[train: Epoch 21, 350 / 625] FPS: 118.0 (117.7)  ,  DataTime: 0.006 (0.006)  ,  ForwardTime: 0.259  ,  TotalTime: 0.271  ,  Loss/total: 2.41950  ,  Loss/giou: 0.57846  ,  Loss/l1: 0.07689  ,  Loss/location: 0.85959  ,  pro_loss: 0.09271  ,  IoU: 0.50279
[train: Epoch 21, 400 / 625] FPS: 118.1 (119.9)  ,  DataTime: 0.006 (0.006)  ,  ForwardTime: 0.259  ,  TotalTime: 0.271  ,  Loss/total: 2.42029  ,  Loss/giou: 0.57819  ,  Loss/l1: 0.07680  ,  Loss/location: 0.86132  ,  pro_loss: 0.09297  ,  IoU: 0.50315
[train: Epoch 21, 450 / 625] FPS: 118.2 (119.2)  ,  DataTime: 0.006 (0.006)  ,  ForwardTime: 0.259  ,  TotalTime: 0.271  ,  Loss/total: 2.41929  ,  Loss/giou: 0.57849  ,  Loss/l1: 0.07685  ,  Loss/location: 0.85951  ,  pro_loss: 0.09268  ,  IoU: 0.50310
[train: Epoch 21, 500 / 625] FPS: 118.2 (118.4)  ,  DataTime: 0.006 (0.006)  ,  ForwardTime: 0.259  ,  TotalTime: 0.271  ,  Loss/total: 2.41052  ,  Loss/giou: 0.57650  ,  Loss/l1: 0.07647  ,  Loss/location: 0.85657  ,  pro_loss: 0.09304  ,  IoU: 0.50449
[train: Epoch 21, 550 / 625] FPS: 118.2 (118.3)  ,  DataTime: 0.006 (0.006)  ,  ForwardTime: 0.259  ,  TotalTime: 0.271  ,  Loss/total: 2.41266  ,  Loss/giou: 0.57737  ,  Loss/l1: 0.07663  ,  Loss/location: 0.85628  ,  pro_loss: 0.09259  ,  IoU: 0.50440
[train: Epoch 21, 600 / 625] FPS: 118.3 (118.6)  ,  DataTime: 0.006 (0.006)  ,  ForwardTime: 0.259  ,  TotalTime: 0.271  ,  Loss/total: 2.41279  ,  Loss/giou: 0.57755  ,  Loss/l1: 0.07664  ,  Loss/location: 0.85605  ,  pro_loss: 0.09220  ,  IoU: 0.50394
[train: Epoch 21, 625 / 625] FPS: 118.3 (119.8)  ,  DataTime: 0.006 (0.006)  ,  ForwardTime: 0.259  ,  TotalTime: 0.271  ,  Loss/total: 2.41535  ,  Loss/giou: 0.57792  ,  Loss/l1: 0.07672  ,  Loss/location: 0.85746  ,  pro_loss: 0.09212  ,  IoU: 0.50396
[train: Epoch 22, 50 / 625] FPS: 113.5 (118.7)  ,  DataTime: 0.017 (0.006)  ,  ForwardTime: 0.259  ,  TotalTime: 0.282  ,  Loss/total: 2.42355  ,  Loss/giou: 0.57873  ,  Loss/l1: 0.07789  ,  Loss/location: 0.85770  ,  pro_loss: 0.09479  ,  IoU: 0.50552
[train: Epoch 22, 100 / 625] FPS: 116.0 (118.9)  ,  DataTime: 0.011 (0.006)  ,  ForwardTime: 0.259  ,  TotalTime: 0.276  ,  Loss/total: 2.45302  ,  Loss/giou: 0.58629  ,  Loss/l1: 0.07884  ,  Loss/location: 0.86761  ,  pro_loss: 0.09305  ,  IoU: 0.50168
[train: Epoch 22, 150 / 625] FPS: 116.9 (119.1)  ,  DataTime: 0.009 (0.006)  ,  ForwardTime: 0.259  ,  TotalTime: 0.274  ,  Loss/total: 2.43428  ,  Loss/giou: 0.58063  ,  Loss/l1: 0.07748  ,  Loss/location: 0.86737  ,  pro_loss: 0.09120  ,  IoU: 0.50470
[train: Epoch 22, 200 / 625] FPS: 117.4 (117.5)  ,  DataTime: 0.008 (0.006)  ,  ForwardTime: 0.259  ,  TotalTime: 0.273  ,  Loss/total: 2.43902  ,  Loss/giou: 0.58293  ,  Loss/l1: 0.07763  ,  Loss/location: 0.86707  ,  pro_loss: 0.08981  ,  IoU: 0.50206
[train: Epoch 22, 250 / 625] FPS: 117.7 (119.2)  ,  DataTime: 0.007 (0.006)  ,  ForwardTime: 0.259  ,  TotalTime: 0.272  ,  Loss/total: 2.43901  ,  Loss/giou: 0.58319  ,  Loss/l1: 0.07777  ,  Loss/location: 0.86562  ,  pro_loss: 0.09076  ,  IoU: 0.50223
[train: Epoch 22, 300 / 625] FPS: 117.8 (117.8)  ,  DataTime: 0.007 (0.006)  ,  ForwardTime: 0.259  ,  TotalTime: 0.272  ,  Loss/total: 2.44335  ,  Loss/giou: 0.58419  ,  Loss/l1: 0.07824  ,  Loss/location: 0.86579  ,  pro_loss: 0.08997  ,  IoU: 0.50177
[train: Epoch 22, 350 / 625] FPS: 117.9 (118.2)  ,  DataTime: 0.006 (0.006)  ,  ForwardTime: 0.259  ,  TotalTime: 0.271  ,  Loss/total: 2.44051  ,  Loss/giou: 0.58313  ,  Loss/l1: 0.07813  ,  Loss/location: 0.86548  ,  pro_loss: 0.09054  ,  IoU: 0.50211
[train: Epoch 22, 400 / 625] FPS: 118.0 (119.7)  ,  DataTime: 0.006 (0.006)  ,  ForwardTime: 0.259  ,  TotalTime: 0.271  ,  Loss/total: 2.43738  ,  Loss/giou: 0.58230  ,  Loss/l1: 0.07810  ,  Loss/location: 0.86412  ,  pro_loss: 0.09071  ,  IoU: 0.50277
[train: Epoch 22, 450 / 625] FPS: 118.1 (119.0)  ,  DataTime: 0.006 (0.006)  ,  ForwardTime: 0.259  ,  TotalTime: 0.271  ,  Loss/total: 2.43561  ,  Loss/giou: 0.58221  ,  Loss/l1: 0.07811  ,  Loss/location: 0.86239  ,  pro_loss: 0.09116  ,  IoU: 0.50354
[train: Epoch 22, 500 / 625] FPS: 118.1 (118.6)  ,  DataTime: 0.006 (0.006)  ,  ForwardTime: 0.259  ,  TotalTime: 0.271  ,  Loss/total: 2.42941  ,  Loss/giou: 0.58091  ,  Loss/l1: 0.07786  ,  Loss/location: 0.86002  ,  pro_loss: 0.09128  ,  IoU: 0.50435
[train: Epoch 22, 550 / 625] FPS: 118.2 (118.3)  ,  DataTime: 0.006 (0.006)  ,  ForwardTime: 0.259  ,  TotalTime: 0.271  ,  Loss/total: 2.43193  ,  Loss/giou: 0.58127  ,  Loss/l1: 0.07803  ,  Loss/location: 0.86090  ,  pro_loss: 0.09175  ,  IoU: 0.50416
[train: Epoch 22, 600 / 625] FPS: 118.2 (118.6)  ,  DataTime: 0.006 (0.006)  ,  ForwardTime: 0.259  ,  TotalTime: 0.271  ,  Loss/total: 2.42680  ,  Loss/giou: 0.58055  ,  Loss/l1: 0.07789  ,  Loss/location: 0.85780  ,  pro_loss: 0.09217  ,  IoU: 0.50498
[train: Epoch 22, 625 / 625] FPS: 118.2 (119.5)  ,  DataTime: 0.006 (0.006)  ,  ForwardTime: 0.259  ,  TotalTime: 0.271  ,  Loss/total: 2.42549  ,  Loss/giou: 0.58040  ,  Loss/l1: 0.07782  ,  Loss/location: 0.85711  ,  pro_loss: 0.09259  ,  IoU: 0.50522
[train: Epoch 23, 50 / 625] FPS: 112.8 (118.7)  ,  DataTime: 0.018 (0.006)  ,  ForwardTime: 0.259  ,  TotalTime: 0.284  ,  Loss/total: 2.27152  ,  Loss/giou: 0.54394  ,  Loss/l1: 0.07015  ,  Loss/location: 0.81382  ,  pro_loss: 0.09523  ,  IoU: 0.53211
[train: Epoch 23, 100 / 625] FPS: 115.7 (119.0)  ,  DataTime: 0.012 (0.006)  ,  ForwardTime: 0.259  ,  TotalTime: 0.277  ,  Loss/total: 2.34759  ,  Loss/giou: 0.56278  ,  Loss/l1: 0.07424  ,  Loss/location: 0.83236  ,  pro_loss: 0.09231  ,  IoU: 0.52103
[train: Epoch 23, 150 / 625] FPS: 116.7 (118.6)  ,  DataTime: 0.009 (0.006)  ,  ForwardTime: 0.259  ,  TotalTime: 0.274  ,  Loss/total: 2.38300  ,  Loss/giou: 0.57055  ,  Loss/l1: 0.07585  ,  Loss/location: 0.84456  ,  pro_loss: 0.09036  ,  IoU: 0.51331
[train: Epoch 23, 200 / 625] FPS: 117.2 (117.7)  ,  DataTime: 0.008 (0.006)  ,  ForwardTime: 0.259  ,  TotalTime: 0.273  ,  Loss/total: 2.38761  ,  Loss/giou: 0.57231  ,  Loss/l1: 0.07596  ,  Loss/location: 0.84496  ,  pro_loss: 0.09110  ,  IoU: 0.51115
[train: Epoch 23, 250 / 625] FPS: 117.4 (118.9)  ,  DataTime: 0.008 (0.006)  ,  ForwardTime: 0.259  ,  TotalTime: 0.272  ,  Loss/total: 2.38675  ,  Loss/giou: 0.57145  ,  Loss/l1: 0.07564  ,  Loss/location: 0.84749  ,  pro_loss: 0.09088  ,  IoU: 0.51129
[train: Epoch 23, 300 / 625] FPS: 117.6 (118.4)  ,  DataTime: 0.007 (0.006)  ,  ForwardTime: 0.259  ,  TotalTime: 0.272  ,  Loss/total: 2.38325  ,  Loss/giou: 0.57070  ,  Loss/l1: 0.07547  ,  Loss/location: 0.84625  ,  pro_loss: 0.09122  ,  IoU: 0.51090
[train: Epoch 23, 350 / 625] FPS: 117.8 (118.8)  ,  DataTime: 0.007 (0.006)  ,  ForwardTime: 0.259  ,  TotalTime: 0.272  ,  Loss/total: 2.37899  ,  Loss/giou: 0.56999  ,  Loss/l1: 0.07551  ,  Loss/location: 0.84303  ,  pro_loss: 0.09200  ,  IoU: 0.51179
[train: Epoch 23, 400 / 625] FPS: 117.9 (118.8)  ,  DataTime: 0.006 (0.006)  ,  ForwardTime: 0.259  ,  TotalTime: 0.271  ,  Loss/total: 2.37950  ,  Loss/giou: 0.57045  ,  Loss/l1: 0.07565  ,  Loss/location: 0.84199  ,  pro_loss: 0.09175  ,  IoU: 0.51178
[train: Epoch 23, 450 / 625] FPS: 118.0 (118.5)  ,  DataTime: 0.006 (0.006)  ,  ForwardTime: 0.259  ,  TotalTime: 0.271  ,  Loss/total: 2.38158  ,  Loss/giou: 0.57159  ,  Loss/l1: 0.07563  ,  Loss/location: 0.84180  ,  pro_loss: 0.09214  ,  IoU: 0.51060
[train: Epoch 23, 500 / 625] FPS: 118.0 (116.4)  ,  DataTime: 0.006 (0.006)  ,  ForwardTime: 0.259  ,  TotalTime: 0.271  ,  Loss/total: 2.38106  ,  Loss/giou: 0.57186  ,  Loss/l1: 0.07562  ,  Loss/location: 0.84080  ,  pro_loss: 0.09228  ,  IoU: 0.51068
[train: Epoch 23, 550 / 625] FPS: 118.0 (117.0)  ,  DataTime: 0.006 (0.006)  ,  ForwardTime: 0.259  ,  TotalTime: 0.271  ,  Loss/total: 2.37677  ,  Loss/giou: 0.57096  ,  Loss/l1: 0.07527  ,  Loss/location: 0.83994  ,  pro_loss: 0.09287  ,  IoU: 0.51142
[train: Epoch 23, 600 / 625] FPS: 118.1 (118.3)  ,  DataTime: 0.006 (0.006)  ,  ForwardTime: 0.259  ,  TotalTime: 0.271  ,  Loss/total: 2.37948  ,  Loss/giou: 0.57167  ,  Loss/l1: 0.07533  ,  Loss/location: 0.84093  ,  pro_loss: 0.09284  ,  IoU: 0.51080
[train: Epoch 23, 625 / 625] FPS: 118.1 (119.6)  ,  DataTime: 0.006 (0.006)  ,  ForwardTime: 0.259  ,  TotalTime: 0.271  ,  Loss/total: 2.38284  ,  Loss/giou: 0.57238  ,  Loss/l1: 0.07542  ,  Loss/location: 0.84249  ,  pro_loss: 0.09249  ,  IoU: 0.51048
[train: Epoch 24, 50 / 625] FPS: 113.0 (119.0)  ,  DataTime: 0.018 (0.006)  ,  ForwardTime: 0.259  ,  TotalTime: 0.283  ,  Loss/total: 2.37620  ,  Loss/giou: 0.57307  ,  Loss/l1: 0.07553  ,  Loss/location: 0.83338  ,  pro_loss: 0.09523  ,  IoU: 0.51104
[train: Epoch 24, 100 / 625] FPS: 115.8 (119.0)  ,  DataTime: 0.011 (0.006)  ,  ForwardTime: 0.259  ,  TotalTime: 0.276  ,  Loss/total: 2.34016  ,  Loss/giou: 0.56572  ,  Loss/l1: 0.07366  ,  Loss/location: 0.82176  ,  pro_loss: 0.09314  ,  IoU: 0.51539
[train: Epoch 24, 150 / 625] FPS: 116.8 (118.7)  ,  DataTime: 0.009 (0.006)  ,  ForwardTime: 0.259  ,  TotalTime: 0.274  ,  Loss/total: 2.34170  ,  Loss/giou: 0.56365  ,  Loss/l1: 0.07377  ,  Loss/location: 0.82699  ,  pro_loss: 0.09279  ,  IoU: 0.51585
[train: Epoch 24, 200 / 625] FPS: 117.2 (119.0)  ,  DataTime: 0.008 (0.006)  ,  ForwardTime: 0.259  ,  TotalTime: 0.273  ,  Loss/total: 2.35262  ,  Loss/giou: 0.56619  ,  Loss/l1: 0.07428  ,  Loss/location: 0.83027  ,  pro_loss: 0.09278  ,  IoU: 0.51448
[train: Epoch 24, 250 / 625] FPS: 117.5 (119.3)  ,  DataTime: 0.007 (0.006)  ,  ForwardTime: 0.259  ,  TotalTime: 0.272  ,  Loss/total: 2.34895  ,  Loss/giou: 0.56579  ,  Loss/l1: 0.07372  ,  Loss/location: 0.83031  ,  pro_loss: 0.09235  ,  IoU: 0.51505
[train: Epoch 24, 300 / 625] FPS: 117.6 (118.3)  ,  DataTime: 0.007 (0.006)  ,  ForwardTime: 0.259  ,  TotalTime: 0.272  ,  Loss/total: 2.34675  ,  Loss/giou: 0.56667  ,  Loss/l1: 0.07370  ,  Loss/location: 0.82657  ,  pro_loss: 0.09178  ,  IoU: 0.51497
[train: Epoch 24, 350 / 625] FPS: 117.7 (118.6)  ,  DataTime: 0.007 (0.006)  ,  ForwardTime: 0.259  ,  TotalTime: 0.272  ,  Loss/total: 2.36208  ,  Loss/giou: 0.57010  ,  Loss/l1: 0.07455  ,  Loss/location: 0.83058  ,  pro_loss: 0.09270  ,  IoU: 0.51267
[train: Epoch 24, 400 / 625] FPS: 117.8 (118.8)  ,  DataTime: 0.006 (0.006)  ,  ForwardTime: 0.259  ,  TotalTime: 0.272  ,  Loss/total: 2.36556  ,  Loss/giou: 0.57053  ,  Loss/l1: 0.07461  ,  Loss/location: 0.83304  ,  pro_loss: 0.09215  ,  IoU: 0.51179
[train: Epoch 24, 450 / 625] FPS: 117.9 (118.9)  ,  DataTime: 0.006 (0.006)  ,  ForwardTime: 0.259  ,  TotalTime: 0.271  ,  Loss/total: 2.36421  ,  Loss/giou: 0.57018  ,  Loss/l1: 0.07454  ,  Loss/location: 0.83261  ,  pro_loss: 0.09275  ,  IoU: 0.51173
[train: Epoch 24, 500 / 625] FPS: 118.0 (119.0)  ,  DataTime: 0.006 (0.006)  ,  ForwardTime: 0.259  ,  TotalTime: 0.271  ,  Loss/total: 2.36165  ,  Loss/giou: 0.56892  ,  Loss/l1: 0.07435  ,  Loss/location: 0.83349  ,  pro_loss: 0.09291  ,  IoU: 0.51206
[train: Epoch 24, 550 / 625] FPS: 118.0 (118.6)  ,  DataTime: 0.006 (0.006)  ,  ForwardTime: 0.259  ,  TotalTime: 0.271  ,  Loss/total: 2.36115  ,  Loss/giou: 0.56875  ,  Loss/l1: 0.07430  ,  Loss/location: 0.83356  ,  pro_loss: 0.09287  ,  IoU: 0.51202
[train: Epoch 24, 600 / 625] FPS: 118.0 (118.5)  ,  DataTime: 0.006 (0.006)  ,  ForwardTime: 0.259  ,  TotalTime: 0.271  ,  Loss/total: 2.36676  ,  Loss/giou: 0.56985  ,  Loss/l1: 0.07476  ,  Loss/location: 0.83458  ,  pro_loss: 0.09340  ,  IoU: 0.51116
[train: Epoch 24, 625 / 625] FPS: 118.1 (119.4)  ,  DataTime: 0.006 (0.006)  ,  ForwardTime: 0.259  ,  TotalTime: 0.271  ,  Loss/total: 2.36769  ,  Loss/giou: 0.57004  ,  Loss/l1: 0.07491  ,  Loss/location: 0.83436  ,  pro_loss: 0.09348  ,  IoU: 0.51102
[train: Epoch 25, 50 / 625] FPS: 113.4 (118.8)  ,  DataTime: 0.017 (0.006)  ,  ForwardTime: 0.259  ,  TotalTime: 0.282  ,  Loss/total: 2.27183  ,  Loss/giou: 0.54725  ,  Loss/l1: 0.06919  ,  Loss/location: 0.81351  ,  pro_loss: 0.08938  ,  IoU: 0.53009
[train: Epoch 25, 100 / 625] FPS: 116.0 (119.1)  ,  DataTime: 0.011 (0.006)  ,  ForwardTime: 0.259  ,  TotalTime: 0.276  ,  Loss/total: 2.34578  ,  Loss/giou: 0.56376  ,  Loss/l1: 0.07351  ,  Loss/location: 0.83181  ,  pro_loss: 0.09459  ,  IoU: 0.51891
[train: Epoch 25, 150 / 625] FPS: 116.9 (119.0)  ,  DataTime: 0.009 (0.006)  ,  ForwardTime: 0.259  ,  TotalTime: 0.274  ,  Loss/total: 2.35805  ,  Loss/giou: 0.56617  ,  Loss/l1: 0.07323  ,  Loss/location: 0.84026  ,  pro_loss: 0.09632  ,  IoU: 0.51527
[train: Epoch 25, 200 / 625] FPS: 117.3 (118.3)  ,  DataTime: 0.008 (0.006)  ,  ForwardTime: 0.259  ,  TotalTime: 0.273  ,  Loss/total: 2.35671  ,  Loss/giou: 0.56615  ,  Loss/l1: 0.07363  ,  Loss/location: 0.83686  ,  pro_loss: 0.09709  ,  IoU: 0.51620
[train: Epoch 25, 250 / 625] FPS: 117.6 (118.9)  ,  DataTime: 0.007 (0.006)  ,  ForwardTime: 0.259  ,  TotalTime: 0.272  ,  Loss/total: 2.34246  ,  Loss/giou: 0.56192  ,  Loss/l1: 0.07323  ,  Loss/location: 0.83329  ,  pro_loss: 0.09592  ,  IoU: 0.51921
[train: Epoch 25, 300 / 625] FPS: 117.8 (119.1)  ,  DataTime: 0.007 (0.006)  ,  ForwardTime: 0.259  ,  TotalTime: 0.272  ,  Loss/total: 2.34447  ,  Loss/giou: 0.56290  ,  Loss/l1: 0.07342  ,  Loss/location: 0.83244  ,  pro_loss: 0.09549  ,  IoU: 0.51824
[train: Epoch 25, 350 / 625] FPS: 117.9 (118.8)  ,  DataTime: 0.007 (0.006)  ,  ForwardTime: 0.259  ,  TotalTime: 0.271  ,  Loss/total: 2.33973  ,  Loss/giou: 0.56195  ,  Loss/l1: 0.07315  ,  Loss/location: 0.83093  ,  pro_loss: 0.09563  ,  IoU: 0.51866
[train: Epoch 25, 400 / 625] FPS: 118.0 (118.4)  ,  DataTime: 0.006 (0.006)  ,  ForwardTime: 0.259  ,  TotalTime: 0.271  ,  Loss/total: 2.33788  ,  Loss/giou: 0.56110  ,  Loss/l1: 0.07328  ,  Loss/location: 0.83021  ,  pro_loss: 0.09539  ,  IoU: 0.51887
[train: Epoch 25, 450 / 625] FPS: 118.0 (118.6)  ,  DataTime: 0.006 (0.006)  ,  ForwardTime: 0.259  ,  TotalTime: 0.271  ,  Loss/total: 2.33682  ,  Loss/giou: 0.56119  ,  Loss/l1: 0.07311  ,  Loss/location: 0.82977  ,  pro_loss: 0.09562  ,  IoU: 0.51850
[train: Epoch 25, 500 / 625] FPS: 118.1 (118.7)  ,  DataTime: 0.006 (0.006)  ,  ForwardTime: 0.259  ,  TotalTime: 0.271  ,  Loss/total: 2.34317  ,  Loss/giou: 0.56263  ,  Loss/l1: 0.07343  ,  Loss/location: 0.83171  ,  pro_loss: 0.09529  ,  IoU: 0.51749
[train: Epoch 25, 550 / 625] FPS: 118.1 (118.5)  ,  DataTime: 0.006 (0.006)  ,  ForwardTime: 0.259  ,  TotalTime: 0.271  ,  Loss/total: 2.34160  ,  Loss/giou: 0.56249  ,  Loss/l1: 0.07340  ,  Loss/location: 0.83061  ,  pro_loss: 0.09506  ,  IoU: 0.51769
[train: Epoch 25, 600 / 625] FPS: 118.2 (117.2)  ,  DataTime: 0.006 (0.006)  ,  ForwardTime: 0.259  ,  TotalTime: 0.271  ,  Loss/total: 2.33554  ,  Loss/giou: 0.56113  ,  Loss/l1: 0.07312  ,  Loss/location: 0.82877  ,  pro_loss: 0.09467  ,  IoU: 0.51886
[train: Epoch 25, 625 / 625] FPS: 118.2 (120.0)  ,  DataTime: 0.006 (0.006)  ,  ForwardTime: 0.259  ,  TotalTime: 0.271  ,  Loss/total: 2.33790  ,  Loss/giou: 0.56194  ,  Loss/l1: 0.07324  ,  Loss/location: 0.82888  ,  pro_loss: 0.09472  ,  IoU: 0.51837
[val: Epoch 25, 50 / 156] FPS: 220.5 (240.1)  ,  DataTime: 0.020 (0.008)  ,  ForwardTime: 0.118  ,  TotalTime: 0.145  ,  Loss/total: 1.05997  ,  Loss/giou: 0.27020  ,  Loss/l1: 0.02310  ,  Loss/location: 0.40409  ,  pro_loss: 0.00000  ,  IoU: 0.75288
[val: Epoch 25, 100 / 156] FPS: 232.1 (246.4)  ,  DataTime: 0.012 (0.007)  ,  ForwardTime: 0.118  ,  TotalTime: 0.138  ,  Loss/total: 1.03214  ,  Loss/giou: 0.26399  ,  Loss/l1: 0.02111  ,  Loss/location: 0.39860  ,  pro_loss: 0.00000  ,  IoU: 0.75633
[val: Epoch 25, 150 / 156] FPS: 236.1 (242.6)  ,  DataTime: 0.010 (0.007)  ,  ForwardTime: 0.118  ,  TotalTime: 0.136  ,  Loss/total: 1.04019  ,  Loss/giou: 0.26668  ,  Loss/l1: 0.02173  ,  Loss/location: 0.39817  ,  pro_loss: 0.00000  ,  IoU: 0.75452
[val: Epoch 25, 156 / 156] FPS: 236.6 (252.7)  ,  DataTime: 0.010 (0.007)  ,  ForwardTime: 0.118  ,  TotalTime: 0.135  ,  Loss/total: 1.03529  ,  Loss/giou: 0.26623  ,  Loss/l1: 0.02157  ,  Loss/location: 0.39497  ,  pro_loss: 0.00000  ,  IoU: 0.75467
[train: Epoch 26, 50 / 625] FPS: 113.0 (119.2)  ,  DataTime: 0.018 (0.006)  ,  ForwardTime: 0.259  ,  TotalTime: 0.283  ,  Loss/total: 2.34675  ,  Loss/giou: 0.56808  ,  Loss/l1: 0.07441  ,  Loss/location: 0.81916  ,  pro_loss: 0.09688  ,  IoU: 0.51395
[train: Epoch 26, 100 / 625] FPS: 115.7 (117.9)  ,  DataTime: 0.011 (0.006)  ,  ForwardTime: 0.259  ,  TotalTime: 0.277  ,  Loss/total: 2.35400  ,  Loss/giou: 0.56888  ,  Loss/l1: 0.07464  ,  Loss/location: 0.82396  ,  pro_loss: 0.09532  ,  IoU: 0.51372
[train: Epoch 26, 150 / 625] FPS: 116.7 (118.4)  ,  DataTime: 0.009 (0.006)  ,  ForwardTime: 0.259  ,  TotalTime: 0.274  ,  Loss/total: 2.35360  ,  Loss/giou: 0.56786  ,  Loss/l1: 0.07435  ,  Loss/location: 0.82709  ,  pro_loss: 0.09528  ,  IoU: 0.51356
[train: Epoch 26, 200 / 625] FPS: 117.2 (118.9)  ,  DataTime: 0.008 (0.006)  ,  ForwardTime: 0.259  ,  TotalTime: 0.273  ,  Loss/total: 2.33909  ,  Loss/giou: 0.56495  ,  Loss/l1: 0.07363  ,  Loss/location: 0.82207  ,  pro_loss: 0.09495  ,  IoU: 0.51534
[train: Epoch 26, 250 / 625] FPS: 117.4 (118.7)  ,  DataTime: 0.007 (0.006)  ,  ForwardTime: 0.259  ,  TotalTime: 0.272  ,  Loss/total: 2.35332  ,  Loss/giou: 0.56797  ,  Loss/l1: 0.07409  ,  Loss/location: 0.82820  ,  pro_loss: 0.09363  ,  IoU: 0.51365
[train: Epoch 26, 300 / 625] FPS: 117.6 (119.0)  ,  DataTime: 0.007 (0.006)  ,  ForwardTime: 0.259  ,  TotalTime: 0.272  ,  Loss/total: 2.35457  ,  Loss/giou: 0.56807  ,  Loss/l1: 0.07404  ,  Loss/location: 0.82933  ,  pro_loss: 0.09448  ,  IoU: 0.51330
[train: Epoch 26, 350 / 625] FPS: 117.8 (118.5)  ,  DataTime: 0.007 (0.006)  ,  ForwardTime: 0.259  ,  TotalTime: 0.272  ,  Loss/total: 2.35448  ,  Loss/giou: 0.56761  ,  Loss/l1: 0.07433  ,  Loss/location: 0.82859  ,  pro_loss: 0.09509  ,  IoU: 0.51458
[train: Epoch 26, 400 / 625] FPS: 117.9 (117.8)  ,  DataTime: 0.006 (0.006)  ,  ForwardTime: 0.259  ,  TotalTime: 0.272  ,  Loss/total: 2.35297  ,  Loss/giou: 0.56720  ,  Loss/l1: 0.07437  ,  Loss/location: 0.82778  ,  pro_loss: 0.09482  ,  IoU: 0.51530
[train: Epoch 26, 450 / 625] FPS: 117.9 (119.2)  ,  DataTime: 0.006 (0.006)  ,  ForwardTime: 0.259  ,  TotalTime: 0.271  ,  Loss/total: 2.34664  ,  Loss/giou: 0.56572  ,  Loss/l1: 0.07416  ,  Loss/location: 0.82544  ,  pro_loss: 0.09491  ,  IoU: 0.51607
[train: Epoch 26, 500 / 625] FPS: 118.0 (117.8)  ,  DataTime: 0.006 (0.006)  ,  ForwardTime: 0.259  ,  TotalTime: 0.271  ,  Loss/total: 2.34285  ,  Loss/giou: 0.56500  ,  Loss/l1: 0.07406  ,  Loss/location: 0.82357  ,  pro_loss: 0.09492  ,  IoU: 0.51663
[train: Epoch 26, 550 / 625] FPS: 118.0 (118.8)  ,  DataTime: 0.006 (0.006)  ,  ForwardTime: 0.259  ,  TotalTime: 0.271  ,  Loss/total: 2.34436  ,  Loss/giou: 0.56500  ,  Loss/l1: 0.07433  ,  Loss/location: 0.82374  ,  pro_loss: 0.09485  ,  IoU: 0.51652
[train: Epoch 26, 600 / 625] FPS: 118.1 (118.9)  ,  DataTime: 0.006 (0.006)  ,  ForwardTime: 0.259  ,  TotalTime: 0.271  ,  Loss/total: 2.33851  ,  Loss/giou: 0.56323  ,  Loss/l1: 0.07392  ,  Loss/location: 0.82336  ,  pro_loss: 0.09551  ,  IoU: 0.51761
[train: Epoch 26, 625 / 625] FPS: 118.1 (120.0)  ,  DataTime: 0.006 (0.006)  ,  ForwardTime: 0.259  ,  TotalTime: 0.271  ,  Loss/total: 2.33732  ,  Loss/giou: 0.56305  ,  Loss/l1: 0.07384  ,  Loss/location: 0.82291  ,  pro_loss: 0.09560  ,  IoU: 0.51766
[train: Epoch 27, 50 / 625] FPS: 112.9 (118.9)  ,  DataTime: 0.018 (0.006)  ,  ForwardTime: 0.259  ,  TotalTime: 0.283  ,  Loss/total: 2.31848  ,  Loss/giou: 0.55676  ,  Loss/l1: 0.07282  ,  Loss/location: 0.82220  ,  pro_loss: 0.09345  ,  IoU: 0.52423
[train: Epoch 27, 100 / 625] FPS: 115.7 (113.7)  ,  DataTime: 0.011 (0.006)  ,  ForwardTime: 0.259  ,  TotalTime: 0.277  ,  Loss/total: 2.36239  ,  Loss/giou: 0.56589  ,  Loss/l1: 0.07590  ,  Loss/location: 0.83298  ,  pro_loss: 0.09053  ,  IoU: 0.51716
[train: Epoch 27, 150 / 625] FPS: 116.6 (118.8)  ,  DataTime: 0.009 (0.006)  ,  ForwardTime: 0.259  ,  TotalTime: 0.274  ,  Loss/total: 2.36874  ,  Loss/giou: 0.56893  ,  Loss/l1: 0.07576  ,  Loss/location: 0.83359  ,  pro_loss: 0.09244  ,  IoU: 0.51417
[train: Epoch 27, 200 / 625] FPS: 117.1 (118.6)  ,  DataTime: 0.008 (0.006)  ,  ForwardTime: 0.259  ,  TotalTime: 0.273  ,  Loss/total: 2.33598  ,  Loss/giou: 0.56181  ,  Loss/l1: 0.07399  ,  Loss/location: 0.82381  ,  pro_loss: 0.09301  ,  IoU: 0.51930
[train: Epoch 27, 250 / 625] FPS: 117.4 (118.2)  ,  DataTime: 0.008 (0.006)  ,  ForwardTime: 0.259  ,  TotalTime: 0.273  ,  Loss/total: 2.31909  ,  Loss/giou: 0.55978  ,  Loss/l1: 0.07316  ,  Loss/location: 0.81518  ,  pro_loss: 0.09270  ,  IoU: 0.52153
[train: Epoch 27, 300 / 625] FPS: 117.6 (119.0)  ,  DataTime: 0.007 (0.006)  ,  ForwardTime: 0.259  ,  TotalTime: 0.272  ,  Loss/total: 2.30303  ,  Loss/giou: 0.55634  ,  Loss/l1: 0.07197  ,  Loss/location: 0.81191  ,  pro_loss: 0.09309  ,  IoU: 0.52449
[train: Epoch 27, 350 / 625] FPS: 117.8 (118.8)  ,  DataTime: 0.007 (0.006)  ,  ForwardTime: 0.259  ,  TotalTime: 0.272  ,  Loss/total: 2.30118  ,  Loss/giou: 0.55671  ,  Loss/l1: 0.07159  ,  Loss/location: 0.81120  ,  pro_loss: 0.09306  ,  IoU: 0.52422
[train: Epoch 27, 400 / 625] FPS: 117.9 (118.4)  ,  DataTime: 0.007 (0.006)  ,  ForwardTime: 0.259  ,  TotalTime: 0.271  ,  Loss/total: 2.29707  ,  Loss/giou: 0.55596  ,  Loss/l1: 0.07148  ,  Loss/location: 0.80897  ,  pro_loss: 0.09393  ,  IoU: 0.52490
[train: Epoch 27, 450 / 625] FPS: 117.9 (118.4)  ,  DataTime: 0.006 (0.006)  ,  ForwardTime: 0.259  ,  TotalTime: 0.271  ,  Loss/total: 2.28200  ,  Loss/giou: 0.55219  ,  Loss/l1: 0.07064  ,  Loss/location: 0.80565  ,  pro_loss: 0.09380  ,  IoU: 0.52776
[train: Epoch 27, 500 / 625] FPS: 118.0 (119.0)  ,  DataTime: 0.006 (0.006)  ,  ForwardTime: 0.259  ,  TotalTime: 0.271  ,  Loss/total: 2.29126  ,  Loss/giou: 0.55442  ,  Loss/l1: 0.07097  ,  Loss/location: 0.80886  ,  pro_loss: 0.09363  ,  IoU: 0.52599
[train: Epoch 27, 550 / 625] FPS: 118.0 (118.6)  ,  DataTime: 0.006 (0.006)  ,  ForwardTime: 0.259  ,  TotalTime: 0.271  ,  Loss/total: 2.28886  ,  Loss/giou: 0.55358  ,  Loss/l1: 0.07085  ,  Loss/location: 0.80875  ,  pro_loss: 0.09347  ,  IoU: 0.52624
[train: Epoch 27, 600 / 625] FPS: 118.0 (118.7)  ,  DataTime: 0.006 (0.006)  ,  ForwardTime: 0.259  ,  TotalTime: 0.271  ,  Loss/total: 2.29163  ,  Loss/giou: 0.55396  ,  Loss/l1: 0.07102  ,  Loss/location: 0.80985  ,  pro_loss: 0.09384  ,  IoU: 0.52575
[train: Epoch 27, 625 / 625] FPS: 118.0 (119.5)  ,  DataTime: 0.006 (0.006)  ,  ForwardTime: 0.259  ,  TotalTime: 0.271  ,  Loss/total: 2.29192  ,  Loss/giou: 0.55386  ,  Loss/l1: 0.07104  ,  Loss/location: 0.81034  ,  pro_loss: 0.09332  ,  IoU: 0.52579
[train: Epoch 28, 50 / 625] FPS: 113.3 (119.3)  ,  DataTime: 0.017 (0.006)  ,  ForwardTime: 0.259  ,  TotalTime: 0.282  ,  Loss/total: 2.31477  ,  Loss/giou: 0.55690  ,  Loss/l1: 0.07159  ,  Loss/location: 0.82262  ,  pro_loss: 0.10209  ,  IoU: 0.52473
[train: Epoch 28, 100 / 625] FPS: 115.9 (118.6)  ,  DataTime: 0.011 (0.006)  ,  ForwardTime: 0.259  ,  TotalTime: 0.276  ,  Loss/total: 2.28018  ,  Loss/giou: 0.54799  ,  Loss/l1: 0.07049  ,  Loss/location: 0.81174  ,  pro_loss: 0.10001  ,  IoU: 0.52985
[train: Epoch 28, 150 / 625] FPS: 116.7 (119.0)  ,  DataTime: 0.009 (0.006)  ,  ForwardTime: 0.259  ,  TotalTime: 0.274  ,  Loss/total: 2.26066  ,  Loss/giou: 0.54327  ,  Loss/l1: 0.06928  ,  Loss/location: 0.80792  ,  pro_loss: 0.09889  ,  IoU: 0.53318
[train: Epoch 28, 200 / 625] FPS: 117.2 (118.8)  ,  DataTime: 0.008 (0.006)  ,  ForwardTime: 0.259  ,  TotalTime: 0.273  ,  Loss/total: 2.25245  ,  Loss/giou: 0.54276  ,  Loss/l1: 0.06896  ,  Loss/location: 0.80254  ,  pro_loss: 0.09792  ,  IoU: 0.53379
[train: Epoch 28, 250 / 625] FPS: 117.5 (118.6)  ,  DataTime: 0.007 (0.006)  ,  ForwardTime: 0.259  ,  TotalTime: 0.272  ,  Loss/total: 2.25072  ,  Loss/giou: 0.54311  ,  Loss/l1: 0.06879  ,  Loss/location: 0.80120  ,  pro_loss: 0.09667  ,  IoU: 0.53364
[train: Epoch 28, 300 / 625] FPS: 117.7 (119.0)  ,  DataTime: 0.007 (0.006)  ,  ForwardTime: 0.259  ,  TotalTime: 0.272  ,  Loss/total: 2.25055  ,  Loss/giou: 0.54370  ,  Loss/l1: 0.06892  ,  Loss/location: 0.79931  ,  pro_loss: 0.09615  ,  IoU: 0.53372
[train: Epoch 28, 350 / 625] FPS: 117.8 (119.6)  ,  DataTime: 0.007 (0.006)  ,  ForwardTime: 0.259  ,  TotalTime: 0.272  ,  Loss/total: 2.26099  ,  Loss/giou: 0.54665  ,  Loss/l1: 0.06963  ,  Loss/location: 0.80034  ,  pro_loss: 0.09593  ,  IoU: 0.53191
[train: Epoch 28, 400 / 625] FPS: 117.9 (118.0)  ,  DataTime: 0.006 (0.006)  ,  ForwardTime: 0.259  ,  TotalTime: 0.271  ,  Loss/total: 2.26333  ,  Loss/giou: 0.54703  ,  Loss/l1: 0.06975  ,  Loss/location: 0.80150  ,  pro_loss: 0.09519  ,  IoU: 0.53157
[train: Epoch 28, 450 / 625] FPS: 117.9 (118.7)  ,  DataTime: 0.006 (0.006)  ,  ForwardTime: 0.259  ,  TotalTime: 0.271  ,  Loss/total: 2.26372  ,  Loss/giou: 0.54692  ,  Loss/l1: 0.06974  ,  Loss/location: 0.80222  ,  pro_loss: 0.09483  ,  IoU: 0.53199
[train: Epoch 28, 500 / 625] FPS: 118.0 (118.0)  ,  DataTime: 0.006 (0.006)  ,  ForwardTime: 0.259  ,  TotalTime: 0.271  ,  Loss/total: 2.25322  ,  Loss/giou: 0.54517  ,  Loss/l1: 0.06935  ,  Loss/location: 0.79721  ,  pro_loss: 0.09468  ,  IoU: 0.53318
[train: Epoch 28, 550 / 625] FPS: 118.0 (118.1)  ,  DataTime: 0.006 (0.006)  ,  ForwardTime: 0.259  ,  TotalTime: 0.271  ,  Loss/total: 2.25510  ,  Loss/giou: 0.54595  ,  Loss/l1: 0.06949  ,  Loss/location: 0.79686  ,  pro_loss: 0.09449  ,  IoU: 0.53285
[train: Epoch 28, 600 / 625] FPS: 118.0 (118.4)  ,  DataTime: 0.006 (0.006)  ,  ForwardTime: 0.259  ,  TotalTime: 0.271  ,  Loss/total: 2.26751  ,  Loss/giou: 0.54833  ,  Loss/l1: 0.06995  ,  Loss/location: 0.80226  ,  pro_loss: 0.09428  ,  IoU: 0.53132
[train: Epoch 28, 625 / 625] FPS: 118.1 (119.8)  ,  DataTime: 0.006 (0.006)  ,  ForwardTime: 0.259  ,  TotalTime: 0.271  ,  Loss/total: 2.26558  ,  Loss/giou: 0.54812  ,  Loss/l1: 0.06983  ,  Loss/location: 0.80131  ,  pro_loss: 0.09441  ,  IoU: 0.53149
[train: Epoch 29, 50 / 625] FPS: 113.2 (118.8)  ,  DataTime: 0.017 (0.006)  ,  ForwardTime: 0.259  ,  TotalTime: 0.283  ,  Loss/total: 2.32691  ,  Loss/giou: 0.56230  ,  Loss/l1: 0.07311  ,  Loss/location: 0.81802  ,  pro_loss: 0.09354  ,  IoU: 0.52262
[train: Epoch 29, 100 / 625] FPS: 115.9 (119.1)  ,  DataTime: 0.011 (0.006)  ,  ForwardTime: 0.259  ,  TotalTime: 0.276  ,  Loss/total: 2.30390  ,  Loss/giou: 0.55919  ,  Loss/l1: 0.07158  ,  Loss/location: 0.80861  ,  pro_loss: 0.09490  ,  IoU: 0.52339
[train: Epoch 29, 150 / 625] FPS: 116.8 (118.8)  ,  DataTime: 0.009 (0.006)  ,  ForwardTime: 0.259  ,  TotalTime: 0.274  ,  Loss/total: 2.33097  ,  Loss/giou: 0.56438  ,  Loss/l1: 0.07216  ,  Loss/location: 0.82262  ,  pro_loss: 0.09382  ,  IoU: 0.51891
[train: Epoch 29, 200 / 625] FPS: 117.2 (118.9)  ,  DataTime: 0.008 (0.006)  ,  ForwardTime: 0.259  ,  TotalTime: 0.273  ,  Loss/total: 2.32875  ,  Loss/giou: 0.56446  ,  Loss/l1: 0.07230  ,  Loss/location: 0.81929  ,  pro_loss: 0.09511  ,  IoU: 0.51830
[train: Epoch 29, 250 / 625] FPS: 117.5 (117.9)  ,  DataTime: 0.007 (0.006)  ,  ForwardTime: 0.259  ,  TotalTime: 0.272  ,  Loss/total: 2.33160  ,  Loss/giou: 0.56579  ,  Loss/l1: 0.07261  ,  Loss/location: 0.81810  ,  pro_loss: 0.09446  ,  IoU: 0.51894
[train: Epoch 29, 300 / 625] FPS: 117.7 (118.6)  ,  DataTime: 0.007 (0.006)  ,  ForwardTime: 0.259  ,  TotalTime: 0.272  ,  Loss/total: 2.31044  ,  Loss/giou: 0.56088  ,  Loss/l1: 0.07195  ,  Loss/location: 0.81000  ,  pro_loss: 0.09470  ,  IoU: 0.52266
[train: Epoch 29, 350 / 625] FPS: 117.8 (118.7)  ,  DataTime: 0.007 (0.006)  ,  ForwardTime: 0.259  ,  TotalTime: 0.272  ,  Loss/total: 2.30571  ,  Loss/giou: 0.55946  ,  Loss/l1: 0.07169  ,  Loss/location: 0.80937  ,  pro_loss: 0.09486  ,  IoU: 0.52410
[train: Epoch 29, 400 / 625] FPS: 117.9 (119.1)  ,  DataTime: 0.006 (0.006)  ,  ForwardTime: 0.259  ,  TotalTime: 0.271  ,  Loss/total: 2.30434  ,  Loss/giou: 0.55888  ,  Loss/l1: 0.07172  ,  Loss/location: 0.80908  ,  pro_loss: 0.09451  ,  IoU: 0.52420
[train: Epoch 29, 450 / 625] FPS: 118.0 (118.3)  ,  DataTime: 0.006 (0.006)  ,  ForwardTime: 0.259  ,  TotalTime: 0.271  ,  Loss/total: 2.29183  ,  Loss/giou: 0.55646  ,  Loss/l1: 0.07133  ,  Loss/location: 0.80332  ,  pro_loss: 0.09475  ,  IoU: 0.52587
[train: Epoch 29, 500 / 625] FPS: 118.1 (118.7)  ,  DataTime: 0.006 (0.006)  ,  ForwardTime: 0.259  ,  TotalTime: 0.271  ,  Loss/total: 2.28895  ,  Loss/giou: 0.55623  ,  Loss/l1: 0.07123  ,  Loss/location: 0.80146  ,  pro_loss: 0.09453  ,  IoU: 0.52598
[train: Epoch 29, 550 / 625] FPS: 118.1 (118.4)  ,  DataTime: 0.006 (0.006)  ,  ForwardTime: 0.259  ,  TotalTime: 0.271  ,  Loss/total: 2.28352  ,  Loss/giou: 0.55496  ,  Loss/l1: 0.07119  ,  Loss/location: 0.79869  ,  pro_loss: 0.09472  ,  IoU: 0.52688
[train: Epoch 29, 600 / 625] FPS: 118.1 (118.4)  ,  DataTime: 0.006 (0.006)  ,  ForwardTime: 0.259  ,  TotalTime: 0.271  ,  Loss/total: 2.28545  ,  Loss/giou: 0.55457  ,  Loss/l1: 0.07122  ,  Loss/location: 0.80124  ,  pro_loss: 0.09492  ,  IoU: 0.52713
[train: Epoch 29, 625 / 625] FPS: 118.2 (119.5)  ,  DataTime: 0.006 (0.006)  ,  ForwardTime: 0.259  ,  TotalTime: 0.271  ,  Loss/total: 2.28589  ,  Loss/giou: 0.55449  ,  Loss/l1: 0.07127  ,  Loss/location: 0.80149  ,  pro_loss: 0.09529  ,  IoU: 0.52720
[train: Epoch 30, 50 / 625] FPS: 113.3 (118.9)  ,  DataTime: 0.017 (0.006)  ,  ForwardTime: 0.259  ,  TotalTime: 0.283  ,  Loss/total: 2.25669  ,  Loss/giou: 0.54944  ,  Loss/l1: 0.07019  ,  Loss/location: 0.78795  ,  pro_loss: 0.09458  ,  IoU: 0.53520
[train: Epoch 30, 100 / 625] FPS: 116.1 (118.8)  ,  DataTime: 0.011 (0.006)  ,  ForwardTime: 0.259  ,  TotalTime: 0.276  ,  Loss/total: 2.25730  ,  Loss/giou: 0.54865  ,  Loss/l1: 0.06940  ,  Loss/location: 0.79458  ,  pro_loss: 0.09198  ,  IoU: 0.53244
[train: Epoch 30, 150 / 625] FPS: 116.9 (119.1)  ,  DataTime: 0.009 (0.006)  ,  ForwardTime: 0.259  ,  TotalTime: 0.274  ,  Loss/total: 2.25659  ,  Loss/giou: 0.54812  ,  Loss/l1: 0.06936  ,  Loss/location: 0.79559  ,  pro_loss: 0.08986  ,  IoU: 0.53272
[train: Epoch 30, 200 / 625] FPS: 117.4 (119.0)  ,  DataTime: 0.008 (0.006)  ,  ForwardTime: 0.259  ,  TotalTime: 0.273  ,  Loss/total: 2.25839  ,  Loss/giou: 0.54817  ,  Loss/l1: 0.06878  ,  Loss/location: 0.79988  ,  pro_loss: 0.09125  ,  IoU: 0.53178
[train: Epoch 30, 250 / 625] FPS: 117.6 (119.2)  ,  DataTime: 0.007 (0.006)  ,  ForwardTime: 0.259  ,  TotalTime: 0.272  ,  Loss/total: 2.25854  ,  Loss/giou: 0.54822  ,  Loss/l1: 0.06895  ,  Loss/location: 0.79892  ,  pro_loss: 0.09200  ,  IoU: 0.53128
[train: Epoch 30, 300 / 625] FPS: 117.8 (119.3)  ,  DataTime: 0.007 (0.006)  ,  ForwardTime: 0.259  ,  TotalTime: 0.272  ,  Loss/total: 2.24672  ,  Loss/giou: 0.54625  ,  Loss/l1: 0.06812  ,  Loss/location: 0.79518  ,  pro_loss: 0.09209  ,  IoU: 0.53254
[train: Epoch 30, 350 / 625] FPS: 117.9 (119.1)  ,  DataTime: 0.007 (0.006)  ,  ForwardTime: 0.259  ,  TotalTime: 0.271  ,  Loss/total: 2.24508  ,  Loss/giou: 0.54501  ,  Loss/l1: 0.06793  ,  Loss/location: 0.79695  ,  pro_loss: 0.09236  ,  IoU: 0.53328
[train: Epoch 30, 400 / 625] FPS: 118.0 (119.3)  ,  DataTime: 0.006 (0.006)  ,  ForwardTime: 0.259  ,  TotalTime: 0.271  ,  Loss/total: 2.24862  ,  Loss/giou: 0.54515  ,  Loss/l1: 0.06807  ,  Loss/location: 0.79928  ,  pro_loss: 0.09334  ,  IoU: 0.53364
[train: Epoch 30, 450 / 625] FPS: 118.1 (118.6)  ,  DataTime: 0.006 (0.006)  ,  ForwardTime: 0.259  ,  TotalTime: 0.271  ,  Loss/total: 2.24317  ,  Loss/giou: 0.54432  ,  Loss/l1: 0.06793  ,  Loss/location: 0.79620  ,  pro_loss: 0.09345  ,  IoU: 0.53478
[train: Epoch 30, 500 / 625] FPS: 118.1 (118.5)  ,  DataTime: 0.006 (0.006)  ,  ForwardTime: 0.259  ,  TotalTime: 0.271  ,  Loss/total: 2.24428  ,  Loss/giou: 0.54518  ,  Loss/l1: 0.06805  ,  Loss/location: 0.79491  ,  pro_loss: 0.09377  ,  IoU: 0.53443
[train: Epoch 30, 550 / 625] FPS: 118.2 (118.2)  ,  DataTime: 0.006 (0.006)  ,  ForwardTime: 0.259  ,  TotalTime: 0.271  ,  Loss/total: 2.24666  ,  Loss/giou: 0.54560  ,  Loss/l1: 0.06828  ,  Loss/location: 0.79525  ,  pro_loss: 0.09402  ,  IoU: 0.53435
[train: Epoch 30, 600 / 625] FPS: 118.2 (118.8)  ,  DataTime: 0.006 (0.006)  ,  ForwardTime: 0.259  ,  TotalTime: 0.271  ,  Loss/total: 2.24151  ,  Loss/giou: 0.54466  ,  Loss/l1: 0.06811  ,  Loss/location: 0.79281  ,  pro_loss: 0.09420  ,  IoU: 0.53468
[train: Epoch 30, 625 / 625] FPS: 118.2 (119.8)  ,  DataTime: 0.006 (0.006)  ,  ForwardTime: 0.259  ,  TotalTime: 0.271  ,  Loss/total: 2.24134  ,  Loss/giou: 0.54471  ,  Loss/l1: 0.06816  ,  Loss/location: 0.79228  ,  pro_loss: 0.09435  ,  IoU: 0.53480
[val: Epoch 30, 50 / 156] FPS: 220.2 (248.3)  ,  DataTime: 0.020 (0.008)  ,  ForwardTime: 0.118  ,  TotalTime: 0.145  ,  Loss/total: 1.00595  ,  Loss/giou: 0.25759  ,  Loss/l1: 0.02211  ,  Loss/location: 0.38025  ,  pro_loss: 0.00000  ,  IoU: 0.76524
[val: Epoch 30, 100 / 156] FPS: 232.0 (245.7)  ,  DataTime: 0.012 (0.008)  ,  ForwardTime: 0.118  ,  TotalTime: 0.138  ,  Loss/total: 0.98633  ,  Loss/giou: 0.25397  ,  Loss/l1: 0.02118  ,  Loss/location: 0.37247  ,  pro_loss: 0.00000  ,  IoU: 0.76763
[val: Epoch 30, 150 / 156] FPS: 236.2 (246.2)  ,  DataTime: 0.010 (0.007)  ,  ForwardTime: 0.118  ,  TotalTime: 0.135  ,  Loss/total: 0.97448  ,  Loss/giou: 0.25125  ,  Loss/l1: 0.02070  ,  Loss/location: 0.36849  ,  pro_loss: 0.00000  ,  IoU: 0.76957
[val: Epoch 30, 156 / 156] FPS: 236.7 (250.6)  ,  DataTime: 0.010 (0.007)  ,  ForwardTime: 0.118  ,  TotalTime: 0.135  ,  Loss/total: 0.96891  ,  Loss/giou: 0.24935  ,  Loss/l1: 0.02035  ,  Loss/location: 0.36844  ,  pro_loss: 0.00000  ,  IoU: 0.77088
[train: Epoch 31, 50 / 625] FPS: 113.8 (118.3)  ,  DataTime: 0.017 (0.006)  ,  ForwardTime: 0.259  ,  TotalTime: 0.281  ,  Loss/total: 2.17038  ,  Loss/giou: 0.52699  ,  Loss/l1: 0.06524  ,  Loss/location: 0.77118  ,  pro_loss: 0.09521  ,  IoU: 0.54304
[train: Epoch 31, 100 / 625] FPS: 116.2 (118.7)  ,  DataTime: 0.011 (0.006)  ,  ForwardTime: 0.259  ,  TotalTime: 0.275  ,  Loss/total: 2.20131  ,  Loss/giou: 0.53621  ,  Loss/l1: 0.06708  ,  Loss/location: 0.77440  ,  pro_loss: 0.09542  ,  IoU: 0.54022
[train: Epoch 31, 150 / 625] FPS: 116.9 (118.7)  ,  DataTime: 0.009 (0.006)  ,  ForwardTime: 0.259  ,  TotalTime: 0.274  ,  Loss/total: 2.19025  ,  Loss/giou: 0.53306  ,  Loss/l1: 0.06696  ,  Loss/location: 0.77074  ,  pro_loss: 0.09306  ,  IoU: 0.54238
[train: Epoch 31, 200 / 625] FPS: 117.3 (118.3)  ,  DataTime: 0.008 (0.006)  ,  ForwardTime: 0.259  ,  TotalTime: 0.273  ,  Loss/total: 2.18682  ,  Loss/giou: 0.53233  ,  Loss/l1: 0.06620  ,  Loss/location: 0.77269  ,  pro_loss: 0.09232  ,  IoU: 0.54211
[train: Epoch 31, 250 / 625] FPS: 117.5 (117.5)  ,  DataTime: 0.007 (0.006)  ,  ForwardTime: 0.259  ,  TotalTime: 0.272  ,  Loss/total: 2.20541  ,  Loss/giou: 0.53591  ,  Loss/l1: 0.06728  ,  Loss/location: 0.77872  ,  pro_loss: 0.09244  ,  IoU: 0.53965
[train: Epoch 31, 300 / 625] FPS: 117.6 (118.4)  ,  DataTime: 0.007 (0.006)  ,  ForwardTime: 0.259  ,  TotalTime: 0.272  ,  Loss/total: 2.21443  ,  Loss/giou: 0.53848  ,  Loss/l1: 0.06755  ,  Loss/location: 0.78122  ,  pro_loss: 0.09256  ,  IoU: 0.53884
[train: Epoch 31, 350 / 625] FPS: 117.8 (118.2)  ,  DataTime: 0.007 (0.006)  ,  ForwardTime: 0.259  ,  TotalTime: 0.272  ,  Loss/total: 2.21913  ,  Loss/giou: 0.53895  ,  Loss/l1: 0.06789  ,  Loss/location: 0.78319  ,  pro_loss: 0.09290  ,  IoU: 0.53960
[train: Epoch 31, 400 / 625] FPS: 117.8 (119.0)  ,  DataTime: 0.006 (0.006)  ,  ForwardTime: 0.259  ,  TotalTime: 0.272  ,  Loss/total: 2.22091  ,  Loss/giou: 0.53975  ,  Loss/l1: 0.06826  ,  Loss/location: 0.78138  ,  pro_loss: 0.09377  ,  IoU: 0.53941
[train: Epoch 31, 450 / 625] FPS: 117.9 (118.1)  ,  DataTime: 0.006 (0.006)  ,  ForwardTime: 0.259  ,  TotalTime: 0.271  ,  Loss/total: 2.22390  ,  Loss/giou: 0.54044  ,  Loss/l1: 0.06852  ,  Loss/location: 0.78162  ,  pro_loss: 0.09411  ,  IoU: 0.53873
[train: Epoch 31, 500 / 625] FPS: 118.0 (119.6)  ,  DataTime: 0.006 (0.006)  ,  ForwardTime: 0.259  ,  TotalTime: 0.271  ,  Loss/total: 2.22881  ,  Loss/giou: 0.54160  ,  Loss/l1: 0.06884  ,  Loss/location: 0.78253  ,  pro_loss: 0.09422  ,  IoU: 0.53813
[train: Epoch 31, 550 / 625] FPS: 118.0 (118.9)  ,  DataTime: 0.006 (0.006)  ,  ForwardTime: 0.259  ,  TotalTime: 0.271  ,  Loss/total: 2.22777  ,  Loss/giou: 0.54115  ,  Loss/l1: 0.06865  ,  Loss/location: 0.78339  ,  pro_loss: 0.09407  ,  IoU: 0.53837
[train: Epoch 31, 600 / 625] FPS: 118.1 (118.6)  ,  DataTime: 0.006 (0.006)  ,  ForwardTime: 0.259  ,  TotalTime: 0.271  ,  Loss/total: 2.23084  ,  Loss/giou: 0.54176  ,  Loss/l1: 0.06880  ,  Loss/location: 0.78452  ,  pro_loss: 0.09397  ,  IoU: 0.53851
[train: Epoch 31, 625 / 625] FPS: 118.1 (119.1)  ,  DataTime: 0.006 (0.006)  ,  ForwardTime: 0.259  ,  TotalTime: 0.271  ,  Loss/total: 2.22889  ,  Loss/giou: 0.54147  ,  Loss/l1: 0.06875  ,  Loss/location: 0.78343  ,  pro_loss: 0.09370  ,  IoU: 0.53890
[train: Epoch 32, 50 / 625] FPS: 113.0 (118.7)  ,  DataTime: 0.018 (0.006)  ,  ForwardTime: 0.259  ,  TotalTime: 0.283  ,  Loss/total: 2.25386  ,  Loss/giou: 0.55054  ,  Loss/l1: 0.07027  ,  Loss/location: 0.78306  ,  pro_loss: 0.09170  ,  IoU: 0.53283
[train: Epoch 32, 100 / 625] FPS: 115.8 (118.1)  ,  DataTime: 0.011 (0.006)  ,  ForwardTime: 0.259  ,  TotalTime: 0.276  ,  Loss/total: 2.19899  ,  Loss/giou: 0.53598  ,  Loss/l1: 0.06765  ,  Loss/location: 0.76988  ,  pro_loss: 0.09460  ,  IoU: 0.54297
[train: Epoch 32, 150 / 625] FPS: 116.8 (119.3)  ,  DataTime: 0.009 (0.006)  ,  ForwardTime: 0.259  ,  TotalTime: 0.274  ,  Loss/total: 2.19340  ,  Loss/giou: 0.53276  ,  Loss/l1: 0.06704  ,  Loss/location: 0.77348  ,  pro_loss: 0.09593  ,  IoU: 0.54521
[train: Epoch 32, 200 / 625] FPS: 117.2 (118.7)  ,  DataTime: 0.008 (0.006)  ,  ForwardTime: 0.259  ,  TotalTime: 0.273  ,  Loss/total: 2.18533  ,  Loss/giou: 0.53101  ,  Loss/l1: 0.06672  ,  Loss/location: 0.77076  ,  pro_loss: 0.09486  ,  IoU: 0.54631
[train: Epoch 32, 250 / 625] FPS: 117.5 (119.2)  ,  DataTime: 0.007 (0.006)  ,  ForwardTime: 0.259  ,  TotalTime: 0.272  ,  Loss/total: 2.19665  ,  Loss/giou: 0.53395  ,  Loss/l1: 0.06708  ,  Loss/location: 0.77420  ,  pro_loss: 0.09560  ,  IoU: 0.54380
[train: Epoch 32, 300 / 625] FPS: 117.7 (119.0)  ,  DataTime: 0.007 (0.006)  ,  ForwardTime: 0.259  ,  TotalTime: 0.272  ,  Loss/total: 2.19187  ,  Loss/giou: 0.53264  ,  Loss/l1: 0.06707  ,  Loss/location: 0.77227  ,  pro_loss: 0.09486  ,  IoU: 0.54413
[train: Epoch 32, 350 / 625] FPS: 117.9 (117.1)  ,  DataTime: 0.007 (0.006)  ,  ForwardTime: 0.259  ,  TotalTime: 0.272  ,  Loss/total: 2.19778  ,  Loss/giou: 0.53471  ,  Loss/l1: 0.06723  ,  Loss/location: 0.77325  ,  pro_loss: 0.09479  ,  IoU: 0.54239
[train: Epoch 32, 400 / 625] FPS: 118.0 (119.2)  ,  DataTime: 0.006 (0.006)  ,  ForwardTime: 0.259  ,  TotalTime: 0.271  ,  Loss/total: 2.19732  ,  Loss/giou: 0.53441  ,  Loss/l1: 0.06712  ,  Loss/location: 0.77408  ,  pro_loss: 0.09417  ,  IoU: 0.54260
[train: Epoch 32, 450 / 625] FPS: 118.0 (119.2)  ,  DataTime: 0.006 (0.006)  ,  ForwardTime: 0.259  ,  TotalTime: 0.271  ,  Loss/total: 2.19825  ,  Loss/giou: 0.53429  ,  Loss/l1: 0.06706  ,  Loss/location: 0.77551  ,  pro_loss: 0.09414  ,  IoU: 0.54276
[train: Epoch 32, 500 / 625] FPS: 118.1 (119.0)  ,  DataTime: 0.006 (0.006)  ,  ForwardTime: 0.259  ,  TotalTime: 0.271  ,  Loss/total: 2.20232  ,  Loss/giou: 0.53493  ,  Loss/l1: 0.06711  ,  Loss/location: 0.77812  ,  pro_loss: 0.09396  ,  IoU: 0.54197
[train: Epoch 32, 550 / 625] FPS: 118.1 (118.8)  ,  DataTime: 0.006 (0.006)  ,  ForwardTime: 0.259  ,  TotalTime: 0.271  ,  Loss/total: 2.20196  ,  Loss/giou: 0.53479  ,  Loss/l1: 0.06700  ,  Loss/location: 0.77859  ,  pro_loss: 0.09405  ,  IoU: 0.54207
[train: Epoch 32, 600 / 625] FPS: 118.2 (118.7)  ,  DataTime: 0.006 (0.006)  ,  ForwardTime: 0.259  ,  TotalTime: 0.271  ,  Loss/total: 2.19964  ,  Loss/giou: 0.53420  ,  Loss/l1: 0.06678  ,  Loss/location: 0.77853  ,  pro_loss: 0.09418  ,  IoU: 0.54249
[train: Epoch 32, 625 / 625] FPS: 118.2 (119.9)  ,  DataTime: 0.006 (0.006)  ,  ForwardTime: 0.259  ,  TotalTime: 0.271  ,  Loss/total: 2.20503  ,  Loss/giou: 0.53544  ,  Loss/l1: 0.06708  ,  Loss/location: 0.77988  ,  pro_loss: 0.09425  ,  IoU: 0.54180
[train: Epoch 33, 50 / 625] FPS: 112.7 (118.4)  ,  DataTime: 0.019 (0.006)  ,  ForwardTime: 0.259  ,  TotalTime: 0.284  ,  Loss/total: 2.16558  ,  Loss/giou: 0.52745  ,  Loss/l1: 0.06478  ,  Loss/location: 0.76822  ,  pro_loss: 0.09271  ,  IoU: 0.54945
[train: Epoch 33, 100 / 625] FPS: 115.6 (118.7)  ,  DataTime: 0.012 (0.006)  ,  ForwardTime: 0.259  ,  TotalTime: 0.277  ,  Loss/total: 2.17045  ,  Loss/giou: 0.52748  ,  Loss/l1: 0.06585  ,  Loss/location: 0.76719  ,  pro_loss: 0.09531  ,  IoU: 0.55175
[train: Epoch 33, 150 / 625] FPS: 116.6 (118.7)  ,  DataTime: 0.009 (0.006)  ,  ForwardTime: 0.259  ,  TotalTime: 0.274  ,  Loss/total: 2.17268  ,  Loss/giou: 0.52883  ,  Loss/l1: 0.06614  ,  Loss/location: 0.76515  ,  pro_loss: 0.09570  ,  IoU: 0.54986
[train: Epoch 33, 200 / 625] FPS: 117.1 (118.7)  ,  DataTime: 0.008 (0.006)  ,  ForwardTime: 0.259  ,  TotalTime: 0.273  ,  Loss/total: 2.17733  ,  Loss/giou: 0.52913  ,  Loss/l1: 0.06636  ,  Loss/location: 0.76769  ,  pro_loss: 0.09792  ,  IoU: 0.54899
[train: Epoch 33, 250 / 625] FPS: 117.4 (119.1)  ,  DataTime: 0.008 (0.006)  ,  ForwardTime: 0.259  ,  TotalTime: 0.273  ,  Loss/total: 2.18633  ,  Loss/giou: 0.53069  ,  Loss/l1: 0.06682  ,  Loss/location: 0.77155  ,  pro_loss: 0.09659  ,  IoU: 0.54791
[train: Epoch 33, 300 / 625] FPS: 117.6 (117.8)  ,  DataTime: 0.007 (0.006)  ,  ForwardTime: 0.259  ,  TotalTime: 0.272  ,  Loss/total: 2.18865  ,  Loss/giou: 0.53100  ,  Loss/l1: 0.06685  ,  Loss/location: 0.77307  ,  pro_loss: 0.09671  ,  IoU: 0.54773
[train: Epoch 33, 350 / 625] FPS: 117.7 (118.1)  ,  DataTime: 0.007 (0.006)  ,  ForwardTime: 0.259  ,  TotalTime: 0.272  ,  Loss/total: 2.19405  ,  Loss/giou: 0.53258  ,  Loss/l1: 0.06713  ,  Loss/location: 0.77390  ,  pro_loss: 0.09680  ,  IoU: 0.54645
[train: Epoch 33, 400 / 625] FPS: 117.8 (118.2)  ,  DataTime: 0.007 (0.006)  ,  ForwardTime: 0.259  ,  TotalTime: 0.272  ,  Loss/total: 2.19459  ,  Loss/giou: 0.53304  ,  Loss/l1: 0.06705  ,  Loss/location: 0.77381  ,  pro_loss: 0.09720  ,  IoU: 0.54604
[train: Epoch 33, 450 / 625] FPS: 117.9 (118.3)  ,  DataTime: 0.006 (0.006)  ,  ForwardTime: 0.259  ,  TotalTime: 0.271  ,  Loss/total: 2.19781  ,  Loss/giou: 0.53398  ,  Loss/l1: 0.06709  ,  Loss/location: 0.77507  ,  pro_loss: 0.09670  ,  IoU: 0.54528
[train: Epoch 33, 500 / 625] FPS: 118.0 (120.0)  ,  DataTime: 0.006 (0.006)  ,  ForwardTime: 0.259  ,  TotalTime: 0.271  ,  Loss/total: 2.19313  ,  Loss/giou: 0.53346  ,  Loss/l1: 0.06681  ,  Loss/location: 0.77289  ,  pro_loss: 0.09645  ,  IoU: 0.54546
[train: Epoch 33, 550 / 625] FPS: 118.0 (118.5)  ,  DataTime: 0.006 (0.006)  ,  ForwardTime: 0.259  ,  TotalTime: 0.271  ,  Loss/total: 2.19283  ,  Loss/giou: 0.53392  ,  Loss/l1: 0.06687  ,  Loss/location: 0.77143  ,  pro_loss: 0.09596  ,  IoU: 0.54505
[train: Epoch 33, 600 / 625] FPS: 118.1 (118.5)  ,  DataTime: 0.006 (0.006)  ,  ForwardTime: 0.259  ,  TotalTime: 0.271  ,  Loss/total: 2.19390  ,  Loss/giou: 0.53432  ,  Loss/l1: 0.06698  ,  Loss/location: 0.77120  ,  pro_loss: 0.09581  ,  IoU: 0.54466
[train: Epoch 33, 625 / 625] FPS: 118.1 (119.4)  ,  DataTime: 0.006 (0.006)  ,  ForwardTime: 0.259  ,  TotalTime: 0.271  ,  Loss/total: 2.19417  ,  Loss/giou: 0.53465  ,  Loss/l1: 0.06712  ,  Loss/location: 0.77009  ,  pro_loss: 0.09591  ,  IoU: 0.54456
[train: Epoch 34, 50 / 625] FPS: 113.4 (118.6)  ,  DataTime: 0.017 (0.006)  ,  ForwardTime: 0.259  ,  TotalTime: 0.282  ,  Loss/total: 2.15253  ,  Loss/giou: 0.52246  ,  Loss/l1: 0.06454  ,  Loss/location: 0.76466  ,  pro_loss: 0.10127  ,  IoU: 0.55255
[train: Epoch 34, 100 / 625] FPS: 116.0 (118.6)  ,  DataTime: 0.011 (0.006)  ,  ForwardTime: 0.259  ,  TotalTime: 0.276  ,  Loss/total: 2.19252  ,  Loss/giou: 0.53010  ,  Loss/l1: 0.06704  ,  Loss/location: 0.77752  ,  pro_loss: 0.09793  ,  IoU: 0.54857
[train: Epoch 34, 150 / 625] FPS: 116.9 (118.9)  ,  DataTime: 0.009 (0.006)  ,  ForwardTime: 0.259  ,  TotalTime: 0.274  ,  Loss/total: 2.19577  ,  Loss/giou: 0.53229  ,  Loss/l1: 0.06674  ,  Loss/location: 0.77828  ,  pro_loss: 0.09601  ,  IoU: 0.54569
[train: Epoch 34, 200 / 625] FPS: 117.3 (118.2)  ,  DataTime: 0.008 (0.006)  ,  ForwardTime: 0.259  ,  TotalTime: 0.273  ,  Loss/total: 2.19617  ,  Loss/giou: 0.53373  ,  Loss/l1: 0.06682  ,  Loss/location: 0.77532  ,  pro_loss: 0.09643  ,  IoU: 0.54409
[train: Epoch 34, 250 / 625] FPS: 117.6 (118.9)  ,  DataTime: 0.007 (0.006)  ,  ForwardTime: 0.259  ,  TotalTime: 0.272  ,  Loss/total: 2.17922  ,  Loss/giou: 0.53030  ,  Loss/l1: 0.06596  ,  Loss/location: 0.76965  ,  pro_loss: 0.09598  ,  IoU: 0.54627
[train: Epoch 34, 300 / 625] FPS: 117.8 (118.4)  ,  DataTime: 0.007 (0.006)  ,  ForwardTime: 0.259  ,  TotalTime: 0.272  ,  Loss/total: 2.18547  ,  Loss/giou: 0.53163  ,  Loss/l1: 0.06611  ,  Loss/location: 0.77249  ,  pro_loss: 0.09575  ,  IoU: 0.54489
[train: Epoch 34, 350 / 625] FPS: 117.9 (119.1)  ,  DataTime: 0.007 (0.006)  ,  ForwardTime: 0.259  ,  TotalTime: 0.271  ,  Loss/total: 2.17868  ,  Loss/giou: 0.53002  ,  Loss/l1: 0.06592  ,  Loss/location: 0.77018  ,  pro_loss: 0.09422  ,  IoU: 0.54650
[train: Epoch 34, 400 / 625] FPS: 118.0 (118.8)  ,  DataTime: 0.006 (0.006)  ,  ForwardTime: 0.259  ,  TotalTime: 0.271  ,  Loss/total: 2.17660  ,  Loss/giou: 0.52941  ,  Loss/l1: 0.06600  ,  Loss/location: 0.76893  ,  pro_loss: 0.09429  ,  IoU: 0.54784
[train: Epoch 34, 450 / 625] FPS: 118.0 (118.7)  ,  DataTime: 0.006 (0.006)  ,  ForwardTime: 0.259  ,  TotalTime: 0.271  ,  Loss/total: 2.16534  ,  Loss/giou: 0.52673  ,  Loss/l1: 0.06545  ,  Loss/location: 0.76573  ,  pro_loss: 0.09460  ,  IoU: 0.54943
[train: Epoch 34, 500 / 625] FPS: 118.1 (119.2)  ,  DataTime: 0.006 (0.006)  ,  ForwardTime: 0.259  ,  TotalTime: 0.271  ,  Loss/total: 2.17063  ,  Loss/giou: 0.52813  ,  Loss/l1: 0.06589  ,  Loss/location: 0.76601  ,  pro_loss: 0.09458  ,  IoU: 0.54871
[train: Epoch 34, 550 / 625] FPS: 118.1 (118.4)  ,  DataTime: 0.006 (0.006)  ,  ForwardTime: 0.259  ,  TotalTime: 0.271  ,  Loss/total: 2.16302  ,  Loss/giou: 0.52630  ,  Loss/l1: 0.06547  ,  Loss/location: 0.76420  ,  pro_loss: 0.09435  ,  IoU: 0.54965
[train: Epoch 34, 600 / 625] FPS: 118.2 (119.0)  ,  DataTime: 0.006 (0.006)  ,  ForwardTime: 0.259  ,  TotalTime: 0.271  ,  Loss/total: 2.16512  ,  Loss/giou: 0.52713  ,  Loss/l1: 0.06558  ,  Loss/location: 0.76400  ,  pro_loss: 0.09470  ,  IoU: 0.54903
[train: Epoch 34, 625 / 625] FPS: 118.2 (119.9)  ,  DataTime: 0.006 (0.006)  ,  ForwardTime: 0.259  ,  TotalTime: 0.271  ,  Loss/total: 2.16673  ,  Loss/giou: 0.52752  ,  Loss/l1: 0.06571  ,  Loss/location: 0.76418  ,  pro_loss: 0.09476  ,  IoU: 0.54889
[train: Epoch 35, 50 / 625] FPS: 113.1 (118.7)  ,  DataTime: 0.018 (0.006)  ,  ForwardTime: 0.259  ,  TotalTime: 0.283  ,  Loss/total: 2.09482  ,  Loss/giou: 0.51048  ,  Loss/l1: 0.06253  ,  Loss/location: 0.74146  ,  pro_loss: 0.09875  ,  IoU: 0.56175
[train: Epoch 35, 100 / 625] FPS: 115.9 (118.9)  ,  DataTime: 0.011 (0.006)  ,  ForwardTime: 0.259  ,  TotalTime: 0.276  ,  Loss/total: 2.11226  ,  Loss/giou: 0.51641  ,  Loss/l1: 0.06287  ,  Loss/location: 0.74597  ,  pro_loss: 0.09573  ,  IoU: 0.55780
[train: Epoch 35, 150 / 625] FPS: 116.8 (118.4)  ,  DataTime: 0.009 (0.006)  ,  ForwardTime: 0.259  ,  TotalTime: 0.274  ,  Loss/total: 2.11131  ,  Loss/giou: 0.51642  ,  Loss/l1: 0.06231  ,  Loss/location: 0.74823  ,  pro_loss: 0.09334  ,  IoU: 0.55736
[train: Epoch 35, 200 / 625] FPS: 117.2 (119.0)  ,  DataTime: 0.008 (0.006)  ,  ForwardTime: 0.259  ,  TotalTime: 0.273  ,  Loss/total: 2.11324  ,  Loss/giou: 0.51675  ,  Loss/l1: 0.06233  ,  Loss/location: 0.74925  ,  pro_loss: 0.09402  ,  IoU: 0.55752
[train: Epoch 35, 250 / 625] FPS: 117.5 (118.7)  ,  DataTime: 0.007 (0.006)  ,  ForwardTime: 0.259  ,  TotalTime: 0.272  ,  Loss/total: 2.12855  ,  Loss/giou: 0.52017  ,  Loss/l1: 0.06371  ,  Loss/location: 0.75101  ,  pro_loss: 0.09338  ,  IoU: 0.55473
[train: Epoch 35, 300 / 625] FPS: 117.7 (118.2)  ,  DataTime: 0.007 (0.006)  ,  ForwardTime: 0.259  ,  TotalTime: 0.272  ,  Loss/total: 2.12805  ,  Loss/giou: 0.51969  ,  Loss/l1: 0.06375  ,  Loss/location: 0.75108  ,  pro_loss: 0.09414  ,  IoU: 0.55552
[train: Epoch 35, 350 / 625] FPS: 117.8 (118.9)  ,  DataTime: 0.007 (0.006)  ,  ForwardTime: 0.259  ,  TotalTime: 0.272  ,  Loss/total: 2.13458  ,  Loss/giou: 0.52136  ,  Loss/l1: 0.06382  ,  Loss/location: 0.75403  ,  pro_loss: 0.09373  ,  IoU: 0.55443
[train: Epoch 35, 400 / 625] FPS: 117.9 (118.6)  ,  DataTime: 0.006 (0.006)  ,  ForwardTime: 0.259  ,  TotalTime: 0.271  ,  Loss/total: 2.13080  ,  Loss/giou: 0.52032  ,  Loss/l1: 0.06364  ,  Loss/location: 0.75317  ,  pro_loss: 0.09399  ,  IoU: 0.55542
[train: Epoch 35, 450 / 625] FPS: 118.0 (118.9)  ,  DataTime: 0.006 (0.006)  ,  ForwardTime: 0.259  ,  TotalTime: 0.271  ,  Loss/total: 2.12620  ,  Loss/giou: 0.51922  ,  Loss/l1: 0.06341  ,  Loss/location: 0.75213  ,  pro_loss: 0.09297  ,  IoU: 0.55598
[train: Epoch 35, 500 / 625] FPS: 118.0 (118.6)  ,  DataTime: 0.006 (0.006)  ,  ForwardTime: 0.259  ,  TotalTime: 0.271  ,  Loss/total: 2.12303  ,  Loss/giou: 0.51890  ,  Loss/l1: 0.06317  ,  Loss/location: 0.75078  ,  pro_loss: 0.09294  ,  IoU: 0.55657
[train: Epoch 35, 550 / 625] FPS: 118.1 (118.9)  ,  DataTime: 0.006 (0.006)  ,  ForwardTime: 0.259  ,  TotalTime: 0.271  ,  Loss/total: 2.12871  ,  Loss/giou: 0.52037  ,  Loss/l1: 0.06345  ,  Loss/location: 0.75198  ,  pro_loss: 0.09358  ,  IoU: 0.55588
[train: Epoch 35, 600 / 625] FPS: 118.1 (118.8)  ,  DataTime: 0.006 (0.006)  ,  ForwardTime: 0.259  ,  TotalTime: 0.271  ,  Loss/total: 2.12740  ,  Loss/giou: 0.52049  ,  Loss/l1: 0.06330  ,  Loss/location: 0.75117  ,  pro_loss: 0.09379  ,  IoU: 0.55593
[train: Epoch 35, 625 / 625] FPS: 118.1 (120.9)  ,  DataTime: 0.006 (0.006)  ,  ForwardTime: 0.259  ,  TotalTime: 0.271  ,  Loss/total: 2.12575  ,  Loss/giou: 0.52019  ,  Loss/l1: 0.06319  ,  Loss/location: 0.75062  ,  pro_loss: 0.09410  ,  IoU: 0.55598
[val: Epoch 35, 50 / 156] FPS: 219.9 (244.0)  ,  DataTime: 0.020 (0.008)  ,  ForwardTime: 0.118  ,  TotalTime: 0.146  ,  Loss/total: 0.87489  ,  Loss/giou: 0.22415  ,  Loss/l1: 0.01747  ,  Loss/location: 0.33924  ,  pro_loss: 0.00000  ,  IoU: 0.79078
[val: Epoch 35, 100 / 156] FPS: 231.6 (246.5)  ,  DataTime: 0.013 (0.008)  ,  ForwardTime: 0.118  ,  TotalTime: 0.138  ,  Loss/total: 0.89381  ,  Loss/giou: 0.22725  ,  Loss/l1: 0.01799  ,  Loss/location: 0.34935  ,  pro_loss: 0.00000  ,  IoU: 0.78886
[val: Epoch 35, 150 / 156] FPS: 235.6 (243.9)  ,  DataTime: 0.010 (0.008)  ,  ForwardTime: 0.118  ,  TotalTime: 0.136  ,  Loss/total: 0.89167  ,  Loss/giou: 0.22629  ,  Loss/l1: 0.01757  ,  Loss/location: 0.35124  ,  pro_loss: 0.00000  ,  IoU: 0.78945
[val: Epoch 35, 156 / 156] FPS: 236.2 (251.6)  ,  DataTime: 0.010 (0.007)  ,  ForwardTime: 0.118  ,  TotalTime: 0.135  ,  Loss/total: 0.88787  ,  Loss/giou: 0.22574  ,  Loss/l1: 0.01758  ,  Loss/location: 0.34849  ,  pro_loss: 0.00000  ,  IoU: 0.78996
[train: Epoch 36, 50 / 625] FPS: 112.8 (118.9)  ,  DataTime: 0.019 (0.006)  ,  ForwardTime: 0.259  ,  TotalTime: 0.284  ,  Loss/total: 2.10155  ,  Loss/giou: 0.51909  ,  Loss/l1: 0.06132  ,  Loss/location: 0.73807  ,  pro_loss: 0.09354  ,  IoU: 0.55667
[train: Epoch 36, 100 / 625] FPS: 115.7 (117.2)  ,  DataTime: 0.012 (0.006)  ,  ForwardTime: 0.259  ,  TotalTime: 0.277  ,  Loss/total: 2.07678  ,  Loss/giou: 0.51001  ,  Loss/l1: 0.06133  ,  Loss/location: 0.73103  ,  pro_loss: 0.09531  ,  IoU: 0.56444
[train: Epoch 36, 150 / 625] FPS: 116.6 (118.4)  ,  DataTime: 0.009 (0.006)  ,  ForwardTime: 0.259  ,  TotalTime: 0.274  ,  Loss/total: 2.09426  ,  Loss/giou: 0.51468  ,  Loss/l1: 0.06204  ,  Loss/location: 0.73550  ,  pro_loss: 0.09597  ,  IoU: 0.56154
[train: Epoch 36, 200 / 625] FPS: 117.0 (118.3)  ,  DataTime: 0.008 (0.006)  ,  ForwardTime: 0.259  ,  TotalTime: 0.273  ,  Loss/total: 2.10775  ,  Loss/giou: 0.51756  ,  Loss/l1: 0.06215  ,  Loss/location: 0.74269  ,  pro_loss: 0.09581  ,  IoU: 0.55846
[train: Epoch 36, 250 / 625] FPS: 117.3 (118.8)  ,  DataTime: 0.008 (0.006)  ,  ForwardTime: 0.259  ,  TotalTime: 0.273  ,  Loss/total: 2.10453  ,  Loss/giou: 0.51554  ,  Loss/l1: 0.06182  ,  Loss/location: 0.74548  ,  pro_loss: 0.09423  ,  IoU: 0.56053
[train: Epoch 36, 300 / 625] FPS: 117.5 (119.0)  ,  DataTime: 0.007 (0.006)  ,  ForwardTime: 0.259  ,  TotalTime: 0.272  ,  Loss/total: 2.11836  ,  Loss/giou: 0.51908  ,  Loss/l1: 0.06233  ,  Loss/location: 0.74959  ,  pro_loss: 0.09492  ,  IoU: 0.55746
[train: Epoch 36, 350 / 625] FPS: 117.7 (118.3)  ,  DataTime: 0.007 (0.006)  ,  ForwardTime: 0.259  ,  TotalTime: 0.272  ,  Loss/total: 2.11718  ,  Loss/giou: 0.51784  ,  Loss/l1: 0.06221  ,  Loss/location: 0.75134  ,  pro_loss: 0.09558  ,  IoU: 0.55822
[train: Epoch 36, 400 / 625] FPS: 117.8 (118.1)  ,  DataTime: 0.007 (0.006)  ,  ForwardTime: 0.259  ,  TotalTime: 0.272  ,  Loss/total: 2.11822  ,  Loss/giou: 0.51764  ,  Loss/l1: 0.06216  ,  Loss/location: 0.75298  ,  pro_loss: 0.09569  ,  IoU: 0.55856
[train: Epoch 36, 450 / 625] FPS: 117.8 (118.3)  ,  DataTime: 0.006 (0.006)  ,  ForwardTime: 0.259  ,  TotalTime: 0.272  ,  Loss/total: 2.11287  ,  Loss/giou: 0.51659  ,  Loss/l1: 0.06193  ,  Loss/location: 0.75108  ,  pro_loss: 0.09485  ,  IoU: 0.55954
[train: Epoch 36, 500 / 625] FPS: 117.9 (118.5)  ,  DataTime: 0.006 (0.006)  ,  ForwardTime: 0.259  ,  TotalTime: 0.271  ,  Loss/total: 2.11301  ,  Loss/giou: 0.51692  ,  Loss/l1: 0.06204  ,  Loss/location: 0.74997  ,  pro_loss: 0.09485  ,  IoU: 0.55936
[train: Epoch 36, 550 / 625] FPS: 117.9 (117.3)  ,  DataTime: 0.006 (0.006)  ,  ForwardTime: 0.259  ,  TotalTime: 0.271  ,  Loss/total: 2.11632  ,  Loss/giou: 0.51773  ,  Loss/l1: 0.06215  ,  Loss/location: 0.75114  ,  pro_loss: 0.09480  ,  IoU: 0.55852
[train: Epoch 36, 600 / 625] FPS: 118.0 (118.9)  ,  DataTime: 0.006 (0.006)  ,  ForwardTime: 0.259  ,  TotalTime: 0.271  ,  Loss/total: 2.11390  ,  Loss/giou: 0.51697  ,  Loss/l1: 0.06201  ,  Loss/location: 0.75105  ,  pro_loss: 0.09447  ,  IoU: 0.55894
[train: Epoch 36, 625 / 625] FPS: 118.0 (119.5)  ,  DataTime: 0.006 (0.006)  ,  ForwardTime: 0.259  ,  TotalTime: 0.271  ,  Loss/total: 2.11492  ,  Loss/giou: 0.51730  ,  Loss/l1: 0.06204  ,  Loss/location: 0.75126  ,  pro_loss: 0.09430  ,  IoU: 0.55869
[train: Epoch 37, 50 / 625] FPS: 113.3 (118.9)  ,  DataTime: 0.017 (0.006)  ,  ForwardTime: 0.259  ,  TotalTime: 0.283  ,  Loss/total: 2.08296  ,  Loss/giou: 0.50696  ,  Loss/l1: 0.06026  ,  Loss/location: 0.74886  ,  pro_loss: 0.09438  ,  IoU: 0.56964
[train: Epoch 37, 100 / 625] FPS: 115.8 (118.3)  ,  DataTime: 0.011 (0.006)  ,  ForwardTime: 0.259  ,  TotalTime: 0.276  ,  Loss/total: 2.07420  ,  Loss/giou: 0.50607  ,  Loss/l1: 0.06026  ,  Loss/location: 0.74195  ,  pro_loss: 0.09406  ,  IoU: 0.57219
[train: Epoch 37, 150 / 625] FPS: 116.8 (118.2)  ,  DataTime: 0.009 (0.006)  ,  ForwardTime: 0.259  ,  TotalTime: 0.274  ,  Loss/total: 2.10587  ,  Loss/giou: 0.51519  ,  Loss/l1: 0.06119  ,  Loss/location: 0.75076  ,  pro_loss: 0.09389  ,  IoU: 0.56474
[train: Epoch 37, 200 / 625] FPS: 117.2 (117.7)  ,  DataTime: 0.008 (0.006)  ,  ForwardTime: 0.259  ,  TotalTime: 0.273  ,  Loss/total: 2.10103  ,  Loss/giou: 0.51463  ,  Loss/l1: 0.06140  ,  Loss/location: 0.74572  ,  pro_loss: 0.09511  ,  IoU: 0.56430
[train: Epoch 37, 250 / 625] FPS: 117.5 (118.7)  ,  DataTime: 0.007 (0.006)  ,  ForwardTime: 0.259  ,  TotalTime: 0.272  ,  Loss/total: 2.08632  ,  Loss/giou: 0.51144  ,  Loss/l1: 0.06100  ,  Loss/location: 0.73932  ,  pro_loss: 0.09567  ,  IoU: 0.56710
[train: Epoch 37, 300 / 625] FPS: 117.7 (119.0)  ,  DataTime: 0.007 (0.006)  ,  ForwardTime: 0.259  ,  TotalTime: 0.272  ,  Loss/total: 2.08193  ,  Loss/giou: 0.51036  ,  Loss/l1: 0.06107  ,  Loss/location: 0.73666  ,  pro_loss: 0.09606  ,  IoU: 0.56778
[train: Epoch 37, 350 / 625] FPS: 117.8 (118.7)  ,  DataTime: 0.007 (0.006)  ,  ForwardTime: 0.259  ,  TotalTime: 0.272  ,  Loss/total: 2.09021  ,  Loss/giou: 0.51208  ,  Loss/l1: 0.06139  ,  Loss/location: 0.73991  ,  pro_loss: 0.09600  ,  IoU: 0.56592
[train: Epoch 37, 400 / 625] FPS: 117.9 (118.6)  ,  DataTime: 0.006 (0.006)  ,  ForwardTime: 0.259  ,  TotalTime: 0.271  ,  Loss/total: 2.08498  ,  Loss/giou: 0.51060  ,  Loss/l1: 0.06111  ,  Loss/location: 0.73906  ,  pro_loss: 0.09575  ,  IoU: 0.56651
[train: Epoch 37, 450 / 625] FPS: 118.0 (117.9)  ,  DataTime: 0.006 (0.006)  ,  ForwardTime: 0.259  ,  TotalTime: 0.271  ,  Loss/total: 2.08551  ,  Loss/giou: 0.51077  ,  Loss/l1: 0.06118  ,  Loss/location: 0.73889  ,  pro_loss: 0.09594  ,  IoU: 0.56595
[train: Epoch 37, 500 / 625] FPS: 118.0 (118.1)  ,  DataTime: 0.006 (0.006)  ,  ForwardTime: 0.259  ,  TotalTime: 0.271  ,  Loss/total: 2.08194  ,  Loss/giou: 0.50988  ,  Loss/l1: 0.06110  ,  Loss/location: 0.73758  ,  pro_loss: 0.09545  ,  IoU: 0.56627
[train: Epoch 37, 550 / 625] FPS: 118.1 (119.3)  ,  DataTime: 0.006 (0.006)  ,  ForwardTime: 0.259  ,  TotalTime: 0.271  ,  Loss/total: 2.07617  ,  Loss/giou: 0.50856  ,  Loss/l1: 0.06073  ,  Loss/location: 0.73622  ,  pro_loss: 0.09583  ,  IoU: 0.56704
[train: Epoch 37, 600 / 625] FPS: 118.1 (118.9)  ,  DataTime: 0.006 (0.006)  ,  ForwardTime: 0.259  ,  TotalTime: 0.271  ,  Loss/total: 2.06602  ,  Loss/giou: 0.50635  ,  Loss/l1: 0.06026  ,  Loss/location: 0.73282  ,  pro_loss: 0.09586  ,  IoU: 0.56848
[train: Epoch 37, 625 / 625] FPS: 118.1 (118.8)  ,  DataTime: 0.006 (0.006)  ,  ForwardTime: 0.259  ,  TotalTime: 0.271  ,  Loss/total: 2.06837  ,  Loss/giou: 0.50725  ,  Loss/l1: 0.06036  ,  Loss/location: 0.73293  ,  pro_loss: 0.09571  ,  IoU: 0.56811
[train: Epoch 38, 50 / 625] FPS: 113.3 (118.4)  ,  DataTime: 0.018 (0.006)  ,  ForwardTime: 0.259  ,  TotalTime: 0.283  ,  Loss/total: 2.04321  ,  Loss/giou: 0.50358  ,  Loss/l1: 0.05950  ,  Loss/location: 0.72013  ,  pro_loss: 0.09208  ,  IoU: 0.57148
[train: Epoch 38, 100 / 625] FPS: 115.9 (118.9)  ,  DataTime: 0.011 (0.006)  ,  ForwardTime: 0.259  ,  TotalTime: 0.276  ,  Loss/total: 2.03836  ,  Loss/giou: 0.50019  ,  Loss/l1: 0.05874  ,  Loss/location: 0.72546  ,  pro_loss: 0.09417  ,  IoU: 0.57251
[train: Epoch 38, 150 / 625] FPS: 116.8 (119.0)  ,  DataTime: 0.009 (0.006)  ,  ForwardTime: 0.259  ,  TotalTime: 0.274  ,  Loss/total: 2.03295  ,  Loss/giou: 0.49946  ,  Loss/l1: 0.05821  ,  Loss/location: 0.72366  ,  pro_loss: 0.09667  ,  IoU: 0.57351
[train: Epoch 38, 200 / 625] FPS: 117.3 (118.0)  ,  DataTime: 0.008 (0.006)  ,  ForwardTime: 0.259  ,  TotalTime: 0.273  ,  Loss/total: 2.04670  ,  Loss/giou: 0.50232  ,  Loss/l1: 0.05875  ,  Loss/location: 0.72923  ,  pro_loss: 0.09542  ,  IoU: 0.57088
[train: Epoch 38, 250 / 625] FPS: 117.6 (118.9)  ,  DataTime: 0.007 (0.006)  ,  ForwardTime: 0.259  ,  TotalTime: 0.272  ,  Loss/total: 2.04990  ,  Loss/giou: 0.50236  ,  Loss/l1: 0.05850  ,  Loss/location: 0.73344  ,  pro_loss: 0.09614  ,  IoU: 0.57073
[train: Epoch 38, 300 / 625] FPS: 117.7 (118.4)  ,  DataTime: 0.007 (0.006)  ,  ForwardTime: 0.259  ,  TotalTime: 0.272  ,  Loss/total: 2.04421  ,  Loss/giou: 0.50123  ,  Loss/l1: 0.05818  ,  Loss/location: 0.73129  ,  pro_loss: 0.09773  ,  IoU: 0.57196
[train: Epoch 38, 350 / 625] FPS: 117.8 (119.0)  ,  DataTime: 0.007 (0.006)  ,  ForwardTime: 0.259  ,  TotalTime: 0.272  ,  Loss/total: 2.04881  ,  Loss/giou: 0.50280  ,  Loss/l1: 0.05843  ,  Loss/location: 0.73151  ,  pro_loss: 0.09763  ,  IoU: 0.57113
[train: Epoch 38, 400 / 625] FPS: 117.9 (118.6)  ,  DataTime: 0.006 (0.006)  ,  ForwardTime: 0.259  ,  TotalTime: 0.271  ,  Loss/total: 2.04517  ,  Loss/giou: 0.50203  ,  Loss/l1: 0.05863  ,  Loss/location: 0.72868  ,  pro_loss: 0.09634  ,  IoU: 0.57217
[train: Epoch 38, 450 / 625] FPS: 118.0 (118.3)  ,  DataTime: 0.006 (0.006)  ,  ForwardTime: 0.259  ,  TotalTime: 0.271  ,  Loss/total: 2.04701  ,  Loss/giou: 0.50256  ,  Loss/l1: 0.05901  ,  Loss/location: 0.72748  ,  pro_loss: 0.09691  ,  IoU: 0.57160
[train: Epoch 38, 500 / 625] FPS: 118.0 (118.6)  ,  DataTime: 0.006 (0.006)  ,  ForwardTime: 0.259  ,  TotalTime: 0.271  ,  Loss/total: 2.04873  ,  Loss/giou: 0.50236  ,  Loss/l1: 0.05894  ,  Loss/location: 0.73004  ,  pro_loss: 0.09630  ,  IoU: 0.57165
[train: Epoch 38, 550 / 625] FPS: 118.1 (118.7)  ,  DataTime: 0.006 (0.006)  ,  ForwardTime: 0.259  ,  TotalTime: 0.271  ,  Loss/total: 2.05004  ,  Loss/giou: 0.50264  ,  Loss/l1: 0.05894  ,  Loss/location: 0.73081  ,  pro_loss: 0.09624  ,  IoU: 0.57154
[train: Epoch 38, 600 / 625] FPS: 118.1 (119.1)  ,  DataTime: 0.006 (0.006)  ,  ForwardTime: 0.259  ,  TotalTime: 0.271  ,  Loss/total: 2.04504  ,  Loss/giou: 0.50157  ,  Loss/l1: 0.05882  ,  Loss/location: 0.72856  ,  pro_loss: 0.09628  ,  IoU: 0.57233
[train: Epoch 38, 625 / 625] FPS: 118.1 (119.2)  ,  DataTime: 0.006 (0.006)  ,  ForwardTime: 0.259  ,  TotalTime: 0.271  ,  Loss/total: 2.04304  ,  Loss/giou: 0.50123  ,  Loss/l1: 0.05864  ,  Loss/location: 0.72815  ,  pro_loss: 0.09618  ,  IoU: 0.57253
[train: Epoch 39, 50 / 625] FPS: 112.9 (118.1)  ,  DataTime: 0.018 (0.006)  ,  ForwardTime: 0.259  ,  TotalTime: 0.283  ,  Loss/total: 2.03121  ,  Loss/giou: 0.50393  ,  Loss/l1: 0.05929  ,  Loss/location: 0.70836  ,  pro_loss: 0.09271  ,  IoU: 0.56828
[train: Epoch 39, 100 / 625] FPS: 115.7 (118.0)  ,  DataTime: 0.011 (0.006)  ,  ForwardTime: 0.259  ,  TotalTime: 0.277  ,  Loss/total: 2.00226  ,  Loss/giou: 0.49413  ,  Loss/l1: 0.05712  ,  Loss/location: 0.70988  ,  pro_loss: 0.09253  ,  IoU: 0.57565
[train: Epoch 39, 150 / 625] FPS: 116.5 (118.5)  ,  DataTime: 0.009 (0.006)  ,  ForwardTime: 0.259  ,  TotalTime: 0.275  ,  Loss/total: 2.00912  ,  Loss/giou: 0.49544  ,  Loss/l1: 0.05727  ,  Loss/location: 0.71297  ,  pro_loss: 0.09455  ,  IoU: 0.57572
[train: Epoch 39, 200 / 625] FPS: 117.0 (118.0)  ,  DataTime: 0.008 (0.006)  ,  ForwardTime: 0.259  ,  TotalTime: 0.273  ,  Loss/total: 2.01851  ,  Loss/giou: 0.49764  ,  Loss/l1: 0.05775  ,  Loss/location: 0.71549  ,  pro_loss: 0.09487  ,  IoU: 0.57436
[train: Epoch 39, 250 / 625] FPS: 117.3 (119.0)  ,  DataTime: 0.008 (0.006)  ,  ForwardTime: 0.259  ,  TotalTime: 0.273  ,  Loss/total: 2.00755  ,  Loss/giou: 0.49630  ,  Loss/l1: 0.05683  ,  Loss/location: 0.71193  ,  pro_loss: 0.09427  ,  IoU: 0.57550
[train: Epoch 39, 300 / 625] FPS: 117.5 (118.3)  ,  DataTime: 0.007 (0.006)  ,  ForwardTime: 0.259  ,  TotalTime: 0.272  ,  Loss/total: 2.00531  ,  Loss/giou: 0.49567  ,  Loss/l1: 0.05651  ,  Loss/location: 0.71266  ,  pro_loss: 0.09384  ,  IoU: 0.57636
[train: Epoch 39, 350 / 625] FPS: 117.7 (119.2)  ,  DataTime: 0.007 (0.006)  ,  ForwardTime: 0.259  ,  TotalTime: 0.272  ,  Loss/total: 2.00228  ,  Loss/giou: 0.49495  ,  Loss/l1: 0.05645  ,  Loss/location: 0.71131  ,  pro_loss: 0.09415  ,  IoU: 0.57666
[train: Epoch 39, 400 / 625] FPS: 117.8 (118.8)  ,  DataTime: 0.007 (0.006)  ,  ForwardTime: 0.259  ,  TotalTime: 0.272  ,  Loss/total: 2.00058  ,  Loss/giou: 0.49450  ,  Loss/l1: 0.05644  ,  Loss/location: 0.71047  ,  pro_loss: 0.09444  ,  IoU: 0.57750
[train: Epoch 39, 450 / 625] FPS: 117.9 (118.9)  ,  DataTime: 0.006 (0.006)  ,  ForwardTime: 0.259  ,  TotalTime: 0.271  ,  Loss/total: 1.99943  ,  Loss/giou: 0.49417  ,  Loss/l1: 0.05641  ,  Loss/location: 0.71005  ,  pro_loss: 0.09487  ,  IoU: 0.57810
[train: Epoch 39, 500 / 625] FPS: 117.9 (118.5)  ,  DataTime: 0.006 (0.006)  ,  ForwardTime: 0.259  ,  TotalTime: 0.271  ,  Loss/total: 1.99577  ,  Loss/giou: 0.49342  ,  Loss/l1: 0.05610  ,  Loss/location: 0.70941  ,  pro_loss: 0.09516  ,  IoU: 0.57849
[train: Epoch 39, 550 / 625] FPS: 118.0 (117.5)  ,  DataTime: 0.006 (0.006)  ,  ForwardTime: 0.259  ,  TotalTime: 0.271  ,  Loss/total: 1.98866  ,  Loss/giou: 0.49174  ,  Loss/l1: 0.05584  ,  Loss/location: 0.70687  ,  pro_loss: 0.09560  ,  IoU: 0.58030
[train: Epoch 39, 600 / 625] FPS: 118.0 (118.5)  ,  DataTime: 0.006 (0.006)  ,  ForwardTime: 0.259  ,  TotalTime: 0.271  ,  Loss/total: 1.99103  ,  Loss/giou: 0.49215  ,  Loss/l1: 0.05617  ,  Loss/location: 0.70673  ,  pro_loss: 0.09564  ,  IoU: 0.58023
[train: Epoch 39, 625 / 625] FPS: 118.1 (119.0)  ,  DataTime: 0.006 (0.006)  ,  ForwardTime: 0.259  ,  TotalTime: 0.271  ,  Loss/total: 1.98885  ,  Loss/giou: 0.49148  ,  Loss/l1: 0.05604  ,  Loss/location: 0.70654  ,  pro_loss: 0.09573  ,  IoU: 0.58067
[train: Epoch 40, 50 / 625] FPS: 113.3 (118.4)  ,  DataTime: 0.018 (0.006)  ,  ForwardTime: 0.259  ,  TotalTime: 0.283  ,  Loss/total: 1.94490  ,  Loss/giou: 0.47948  ,  Loss/l1: 0.05425  ,  Loss/location: 0.69585  ,  pro_loss: 0.09417  ,  IoU: 0.59182
[train: Epoch 40, 100 / 625] FPS: 116.0 (119.0)  ,  DataTime: 0.011 (0.006)  ,  ForwardTime: 0.259  ,  TotalTime: 0.276  ,  Loss/total: 1.92786  ,  Loss/giou: 0.47530  ,  Loss/l1: 0.05324  ,  Loss/location: 0.69261  ,  pro_loss: 0.09229  ,  IoU: 0.59448
[train: Epoch 40, 150 / 625] FPS: 116.9 (118.9)  ,  DataTime: 0.009 (0.006)  ,  ForwardTime: 0.259  ,  TotalTime: 0.274  ,  Loss/total: 1.91621  ,  Loss/giou: 0.47405  ,  Loss/l1: 0.05251  ,  Loss/location: 0.68710  ,  pro_loss: 0.09229  ,  IoU: 0.59442
[train: Epoch 40, 200 / 625] FPS: 117.4 (118.5)  ,  DataTime: 0.008 (0.006)  ,  ForwardTime: 0.259  ,  TotalTime: 0.273  ,  Loss/total: 1.92805  ,  Loss/giou: 0.47660  ,  Loss/l1: 0.05353  ,  Loss/location: 0.68850  ,  pro_loss: 0.09354  ,  IoU: 0.59316
[train: Epoch 40, 250 / 625] FPS: 117.7 (119.3)  ,  DataTime: 0.007 (0.006)  ,  ForwardTime: 0.259  ,  TotalTime: 0.272  ,  Loss/total: 1.94650  ,  Loss/giou: 0.48017  ,  Loss/l1: 0.05420  ,  Loss/location: 0.69624  ,  pro_loss: 0.09475  ,  IoU: 0.59050
[train: Epoch 40, 300 / 625] FPS: 117.9 (118.8)  ,  DataTime: 0.007 (0.006)  ,  ForwardTime: 0.259  ,  TotalTime: 0.272  ,  Loss/total: 1.96254  ,  Loss/giou: 0.48400  ,  Loss/l1: 0.05504  ,  Loss/location: 0.70026  ,  pro_loss: 0.09528  ,  IoU: 0.58733
[train: Epoch 40, 350 / 625] FPS: 118.0 (119.2)  ,  DataTime: 0.007 (0.006)  ,  ForwardTime: 0.259  ,  TotalTime: 0.271  ,  Loss/total: 1.95252  ,  Loss/giou: 0.48126  ,  Loss/l1: 0.05451  ,  Loss/location: 0.69841  ,  pro_loss: 0.09524  ,  IoU: 0.58845
[train: Epoch 40, 400 / 625] FPS: 118.1 (120.2)  ,  DataTime: 0.006 (0.006)  ,  ForwardTime: 0.259  ,  TotalTime: 0.271  ,  Loss/total: 1.94309  ,  Loss/giou: 0.47961  ,  Loss/l1: 0.05410  ,  Loss/location: 0.69435  ,  pro_loss: 0.09511  ,  IoU: 0.58930
[train: Epoch 40, 450 / 625] FPS: 118.2 (118.1)  ,  DataTime: 0.006 (0.006)  ,  ForwardTime: 0.259  ,  TotalTime: 0.271  ,  Loss/total: 1.94177  ,  Loss/giou: 0.47956  ,  Loss/l1: 0.05392  ,  Loss/location: 0.69398  ,  pro_loss: 0.09535  ,  IoU: 0.58907
[train: Epoch 40, 500 / 625] FPS: 118.2 (118.5)  ,  DataTime: 0.006 (0.006)  ,  ForwardTime: 0.259  ,  TotalTime: 0.271  ,  Loss/total: 1.94248  ,  Loss/giou: 0.47983  ,  Loss/l1: 0.05396  ,  Loss/location: 0.69399  ,  pro_loss: 0.09525  ,  IoU: 0.58890
[train: Epoch 40, 550 / 625] FPS: 118.2 (118.5)  ,  DataTime: 0.006 (0.006)  ,  ForwardTime: 0.259  ,  TotalTime: 0.271  ,  Loss/total: 1.93592  ,  Loss/giou: 0.47820  ,  Loss/l1: 0.05360  ,  Loss/location: 0.69260  ,  pro_loss: 0.09464  ,  IoU: 0.58989
[train: Epoch 40, 600 / 625] FPS: 118.3 (118.3)  ,  DataTime: 0.006 (0.006)  ,  ForwardTime: 0.259  ,  TotalTime: 0.271  ,  Loss/total: 1.93066  ,  Loss/giou: 0.47718  ,  Loss/l1: 0.05328  ,  Loss/location: 0.69099  ,  pro_loss: 0.09464  ,  IoU: 0.59059
[train: Epoch 40, 625 / 625] FPS: 118.3 (119.8)  ,  DataTime: 0.006 (0.006)  ,  ForwardTime: 0.259  ,  TotalTime: 0.271  ,  Loss/total: 1.93461  ,  Loss/giou: 0.47795  ,  Loss/l1: 0.05347  ,  Loss/location: 0.69245  ,  pro_loss: 0.09460  ,  IoU: 0.59023
[val: Epoch 40, 50 / 156] FPS: 217.9 (242.7)  ,  DataTime: 0.021 (0.008)  ,  ForwardTime: 0.118  ,  TotalTime: 0.147  ,  Loss/total: 0.85651  ,  Loss/giou: 0.22191  ,  Loss/l1: 0.01725  ,  Loss/location: 0.32643  ,  pro_loss: 0.00021  ,  IoU: 0.79492
[val: Epoch 40, 100 / 156] FPS: 231.0 (244.6)  ,  DataTime: 0.013 (0.008)  ,  ForwardTime: 0.118  ,  TotalTime: 0.139  ,  Loss/total: 0.87049  ,  Loss/giou: 0.22513  ,  Loss/l1: 0.01712  ,  Loss/location: 0.33460  ,  pro_loss: 0.00021  ,  IoU: 0.79126
[val: Epoch 40, 150 / 156] FPS: 235.6 (247.2)  ,  DataTime: 0.010 (0.008)  ,  ForwardTime: 0.118  ,  TotalTime: 0.136  ,  Loss/total: 0.87377  ,  Loss/giou: 0.22535  ,  Loss/l1: 0.01732  ,  Loss/location: 0.33644  ,  pro_loss: 0.00021  ,  IoU: 0.79105
[val: Epoch 40, 156 / 156] FPS: 236.0 (250.0)  ,  DataTime: 0.010 (0.007)  ,  ForwardTime: 0.118  ,  TotalTime: 0.136  ,  Loss/total: 0.87710  ,  Loss/giou: 0.22611  ,  Loss/l1: 0.01740  ,  Loss/location: 0.33785  ,  pro_loss: 0.00020  ,  IoU: 0.79045
[train: Epoch 41, 50 / 625] FPS: 112.9 (118.3)  ,  DataTime: 0.018 (0.006)  ,  ForwardTime: 0.260  ,  TotalTime: 0.283  ,  Loss/total: 1.78992  ,  Loss/giou: 0.44513  ,  Loss/l1: 0.04664  ,  Loss/location: 0.64727  ,  pro_loss: 0.09583  ,  IoU: 0.61457
[train: Epoch 41, 100 / 625] FPS: 115.8 (118.8)  ,  DataTime: 0.011 (0.006)  ,  ForwardTime: 0.259  ,  TotalTime: 0.276  ,  Loss/total: 1.80253  ,  Loss/giou: 0.44963  ,  Loss/l1: 0.04760  ,  Loss/location: 0.64628  ,  pro_loss: 0.09490  ,  IoU: 0.61265
[train: Epoch 41, 150 / 625] FPS: 116.8 (118.9)  ,  DataTime: 0.009 (0.006)  ,  ForwardTime: 0.259  ,  TotalTime: 0.274  ,  Loss/total: 1.83359  ,  Loss/giou: 0.45662  ,  Loss/l1: 0.04885  ,  Loss/location: 0.65726  ,  pro_loss: 0.09431  ,  IoU: 0.60791
[train: Epoch 41, 200 / 625] FPS: 117.2 (119.4)  ,  DataTime: 0.008 (0.006)  ,  ForwardTime: 0.259  ,  TotalTime: 0.273  ,  Loss/total: 1.83279  ,  Loss/giou: 0.45450  ,  Loss/l1: 0.04835  ,  Loss/location: 0.66325  ,  pro_loss: 0.09396  ,  IoU: 0.60839
[train: Epoch 41, 250 / 625] FPS: 117.4 (118.4)  ,  DataTime: 0.007 (0.006)  ,  ForwardTime: 0.259  ,  TotalTime: 0.272  ,  Loss/total: 1.81953  ,  Loss/giou: 0.45196  ,  Loss/l1: 0.04795  ,  Loss/location: 0.65696  ,  pro_loss: 0.09446  ,  IoU: 0.61012
[train: Epoch 41, 300 / 625] FPS: 117.6 (118.7)  ,  DataTime: 0.007 (0.006)  ,  ForwardTime: 0.259  ,  TotalTime: 0.272  ,  Loss/total: 1.81837  ,  Loss/giou: 0.45181  ,  Loss/l1: 0.04790  ,  Loss/location: 0.65644  ,  pro_loss: 0.09393  ,  IoU: 0.61029
[train: Epoch 41, 350 / 625] FPS: 117.8 (118.7)  ,  DataTime: 0.007 (0.006)  ,  ForwardTime: 0.259  ,  TotalTime: 0.272  ,  Loss/total: 1.81955  ,  Loss/giou: 0.45194  ,  Loss/l1: 0.04789  ,  Loss/location: 0.65752  ,  pro_loss: 0.09363  ,  IoU: 0.61009
[train: Epoch 41, 400 / 625] FPS: 117.9 (118.6)  ,  DataTime: 0.006 (0.006)  ,  ForwardTime: 0.259  ,  TotalTime: 0.271  ,  Loss/total: 1.81838  ,  Loss/giou: 0.45165  ,  Loss/l1: 0.04783  ,  Loss/location: 0.65725  ,  pro_loss: 0.09336  ,  IoU: 0.61040
[train: Epoch 41, 450 / 625] FPS: 118.0 (119.2)  ,  DataTime: 0.006 (0.006)  ,  ForwardTime: 0.259  ,  TotalTime: 0.271  ,  Loss/total: 1.81915  ,  Loss/giou: 0.45120  ,  Loss/l1: 0.04789  ,  Loss/location: 0.65861  ,  pro_loss: 0.09341  ,  IoU: 0.61081
[train: Epoch 41, 500 / 625] FPS: 118.1 (119.9)  ,  DataTime: 0.006 (0.006)  ,  ForwardTime: 0.259  ,  TotalTime: 0.271  ,  Loss/total: 1.82299  ,  Loss/giou: 0.45209  ,  Loss/l1: 0.04819  ,  Loss/location: 0.65922  ,  pro_loss: 0.09325  ,  IoU: 0.61028
[train: Epoch 41, 550 / 625] FPS: 118.1 (119.4)  ,  DataTime: 0.006 (0.006)  ,  ForwardTime: 0.259  ,  TotalTime: 0.271  ,  Loss/total: 1.81854  ,  Loss/giou: 0.45142  ,  Loss/l1: 0.04807  ,  Loss/location: 0.65662  ,  pro_loss: 0.09360  ,  IoU: 0.61097
[train: Epoch 41, 600 / 625] FPS: 118.2 (119.7)  ,  DataTime: 0.006 (0.006)  ,  ForwardTime: 0.259  ,  TotalTime: 0.271  ,  Loss/total: 1.81970  ,  Loss/giou: 0.45145  ,  Loss/l1: 0.04816  ,  Loss/location: 0.65723  ,  pro_loss: 0.09382  ,  IoU: 0.61111
[train: Epoch 41, 625 / 625] FPS: 118.2 (119.5)  ,  DataTime: 0.006 (0.006)  ,  ForwardTime: 0.259  ,  TotalTime: 0.271  ,  Loss/total: 1.82020  ,  Loss/giou: 0.45160  ,  Loss/l1: 0.04820  ,  Loss/location: 0.65726  ,  pro_loss: 0.09384  ,  IoU: 0.61100
[train: Epoch 42, 50 / 625] FPS: 113.6 (119.3)  ,  DataTime: 0.017 (0.006)  ,  ForwardTime: 0.259  ,  TotalTime: 0.282  ,  Loss/total: 1.84733  ,  Loss/giou: 0.45975  ,  Loss/l1: 0.05072  ,  Loss/location: 0.65455  ,  pro_loss: 0.09834  ,  IoU: 0.60751
[train: Epoch 42, 100 / 625] FPS: 116.2 (118.7)  ,  DataTime: 0.011 (0.006)  ,  ForwardTime: 0.259  ,  TotalTime: 0.275  ,  Loss/total: 1.84607  ,  Loss/giou: 0.45832  ,  Loss/l1: 0.04909  ,  Loss/location: 0.66513  ,  pro_loss: 0.09427  ,  IoU: 0.60571
[train: Epoch 42, 150 / 625] FPS: 116.9 (119.0)  ,  DataTime: 0.009 (0.006)  ,  ForwardTime: 0.259  ,  TotalTime: 0.274  ,  Loss/total: 1.85964  ,  Loss/giou: 0.46043  ,  Loss/l1: 0.04949  ,  Loss/location: 0.67226  ,  pro_loss: 0.09532  ,  IoU: 0.60463
[train: Epoch 42, 200 / 625] FPS: 117.4 (119.1)  ,  DataTime: 0.008 (0.006)  ,  ForwardTime: 0.259  ,  TotalTime: 0.273  ,  Loss/total: 1.84729  ,  Loss/giou: 0.45730  ,  Loss/l1: 0.04899  ,  Loss/location: 0.66861  ,  pro_loss: 0.09560  ,  IoU: 0.60732
[train: Epoch 42, 250 / 625] FPS: 117.6 (118.8)  ,  DataTime: 0.007 (0.006)  ,  ForwardTime: 0.259  ,  TotalTime: 0.272  ,  Loss/total: 1.84712  ,  Loss/giou: 0.45774  ,  Loss/l1: 0.04918  ,  Loss/location: 0.66646  ,  pro_loss: 0.09645  ,  IoU: 0.60749
[train: Epoch 42, 300 / 625] FPS: 117.8 (118.9)  ,  DataTime: 0.007 (0.006)  ,  ForwardTime: 0.259  ,  TotalTime: 0.272  ,  Loss/total: 1.84983  ,  Loss/giou: 0.45831  ,  Loss/l1: 0.04932  ,  Loss/location: 0.66728  ,  pro_loss: 0.09673  ,  IoU: 0.60712
[train: Epoch 42, 350 / 625] FPS: 117.9 (118.8)  ,  DataTime: 0.006 (0.006)  ,  ForwardTime: 0.259  ,  TotalTime: 0.271  ,  Loss/total: 1.84468  ,  Loss/giou: 0.45714  ,  Loss/l1: 0.04927  ,  Loss/location: 0.66474  ,  pro_loss: 0.09663  ,  IoU: 0.60811
[train: Epoch 42, 400 / 625] FPS: 118.1 (119.0)  ,  DataTime: 0.006 (0.006)  ,  ForwardTime: 0.259  ,  TotalTime: 0.271  ,  Loss/total: 1.83900  ,  Loss/giou: 0.45597  ,  Loss/l1: 0.04915  ,  Loss/location: 0.66209  ,  pro_loss: 0.09606  ,  IoU: 0.60916
[train: Epoch 42, 450 / 625] FPS: 118.1 (119.4)  ,  DataTime: 0.006 (0.006)  ,  ForwardTime: 0.259  ,  TotalTime: 0.271  ,  Loss/total: 1.83879  ,  Loss/giou: 0.45625  ,  Loss/l1: 0.04924  ,  Loss/location: 0.66102  ,  pro_loss: 0.09546  ,  IoU: 0.60905
[train: Epoch 42, 500 / 625] FPS: 118.2 (118.6)  ,  DataTime: 0.006 (0.006)  ,  ForwardTime: 0.259  ,  TotalTime: 0.271  ,  Loss/total: 1.84108  ,  Loss/giou: 0.45663  ,  Loss/l1: 0.04922  ,  Loss/location: 0.66267  ,  pro_loss: 0.09523  ,  IoU: 0.60877
[train: Epoch 42, 550 / 625] FPS: 118.3 (119.2)  ,  DataTime: 0.006 (0.006)  ,  ForwardTime: 0.259  ,  TotalTime: 0.271  ,  Loss/total: 1.83660  ,  Loss/giou: 0.45571  ,  Loss/l1: 0.04901  ,  Loss/location: 0.66110  ,  pro_loss: 0.09524  ,  IoU: 0.60950
[train: Epoch 42, 600 / 625] FPS: 118.3 (118.4)  ,  DataTime: 0.006 (0.006)  ,  ForwardTime: 0.259  ,  TotalTime: 0.271  ,  Loss/total: 1.83018  ,  Loss/giou: 0.45416  ,  Loss/l1: 0.04873  ,  Loss/location: 0.65922  ,  pro_loss: 0.09496  ,  IoU: 0.61043
[train: Epoch 42, 625 / 625] FPS: 118.3 (120.0)  ,  DataTime: 0.006 (0.006)  ,  ForwardTime: 0.259  ,  TotalTime: 0.270  ,  Loss/total: 1.82582  ,  Loss/giou: 0.45302  ,  Loss/l1: 0.04853  ,  Loss/location: 0.65811  ,  pro_loss: 0.09518  ,  IoU: 0.61130
[train: Epoch 43, 50 / 625] FPS: 113.0 (118.6)  ,  DataTime: 0.018 (0.006)  ,  ForwardTime: 0.259  ,  TotalTime: 0.283  ,  Loss/total: 1.74959  ,  Loss/giou: 0.43974  ,  Loss/l1: 0.04345  ,  Loss/location: 0.63277  ,  pro_loss: 0.10042  ,  IoU: 0.61747
[train: Epoch 43, 100 / 625] FPS: 115.9 (118.8)  ,  DataTime: 0.012 (0.006)  ,  ForwardTime: 0.259  ,  TotalTime: 0.276  ,  Loss/total: 1.83767  ,  Loss/giou: 0.45657  ,  Loss/l1: 0.04790  ,  Loss/location: 0.66529  ,  pro_loss: 0.09875  ,  IoU: 0.60715
[train: Epoch 43, 150 / 625] FPS: 116.9 (119.1)  ,  DataTime: 0.009 (0.006)  ,  ForwardTime: 0.259  ,  TotalTime: 0.274  ,  Loss/total: 1.81612  ,  Loss/giou: 0.45029  ,  Loss/l1: 0.04680  ,  Loss/location: 0.66227  ,  pro_loss: 0.09625  ,  IoU: 0.61110
[train: Epoch 43, 200 / 625] FPS: 117.4 (119.5)  ,  DataTime: 0.008 (0.006)  ,  ForwardTime: 0.259  ,  TotalTime: 0.273  ,  Loss/total: 1.80753  ,  Loss/giou: 0.44959  ,  Loss/l1: 0.04666  ,  Loss/location: 0.65568  ,  pro_loss: 0.09688  ,  IoU: 0.61194
[train: Epoch 43, 250 / 625] FPS: 117.6 (119.3)  ,  DataTime: 0.007 (0.006)  ,  ForwardTime: 0.259  ,  TotalTime: 0.272  ,  Loss/total: 1.82336  ,  Loss/giou: 0.45333  ,  Loss/l1: 0.04769  ,  Loss/location: 0.65877  ,  pro_loss: 0.09734  ,  IoU: 0.61005
[train: Epoch 43, 300 / 625] FPS: 117.8 (114.9)  ,  DataTime: 0.007 (0.006)  ,  ForwardTime: 0.259  ,  TotalTime: 0.272  ,  Loss/total: 1.81864  ,  Loss/giou: 0.45060  ,  Loss/l1: 0.04757  ,  Loss/location: 0.65993  ,  pro_loss: 0.09830  ,  IoU: 0.61237
[train: Epoch 43, 350 / 625] FPS: 117.9 (118.5)  ,  DataTime: 0.007 (0.006)  ,  ForwardTime: 0.259  ,  TotalTime: 0.271  ,  Loss/total: 1.81326  ,  Loss/giou: 0.44949  ,  Loss/l1: 0.04763  ,  Loss/location: 0.65656  ,  pro_loss: 0.09792  ,  IoU: 0.61313
[train: Epoch 43, 400 / 625] FPS: 117.9 (119.1)  ,  DataTime: 0.006 (0.006)  ,  ForwardTime: 0.259  ,  TotalTime: 0.271  ,  Loss/total: 1.81983  ,  Loss/giou: 0.45178  ,  Loss/l1: 0.04801  ,  Loss/location: 0.65674  ,  pro_loss: 0.09738  ,  IoU: 0.61150
[train: Epoch 43, 450 / 625] FPS: 118.0 (118.7)  ,  DataTime: 0.006 (0.006)  ,  ForwardTime: 0.259  ,  TotalTime: 0.271  ,  Loss/total: 1.81578  ,  Loss/giou: 0.45091  ,  Loss/l1: 0.04790  ,  Loss/location: 0.65512  ,  pro_loss: 0.09668  ,  IoU: 0.61217
[train: Epoch 43, 500 / 625] FPS: 118.1 (118.8)  ,  DataTime: 0.006 (0.006)  ,  ForwardTime: 0.259  ,  TotalTime: 0.271  ,  Loss/total: 1.80969  ,  Loss/giou: 0.44961  ,  Loss/l1: 0.04758  ,  Loss/location: 0.65308  ,  pro_loss: 0.09736  ,  IoU: 0.61322
[train: Epoch 43, 550 / 625] FPS: 118.1 (118.7)  ,  DataTime: 0.006 (0.006)  ,  ForwardTime: 0.259  ,  TotalTime: 0.271  ,  Loss/total: 1.81486  ,  Loss/giou: 0.45075  ,  Loss/l1: 0.04766  ,  Loss/location: 0.65552  ,  pro_loss: 0.09762  ,  IoU: 0.61217
[train: Epoch 43, 600 / 625] FPS: 118.1 (118.4)  ,  DataTime: 0.006 (0.006)  ,  ForwardTime: 0.259  ,  TotalTime: 0.271  ,  Loss/total: 1.81521  ,  Loss/giou: 0.45067  ,  Loss/l1: 0.04761  ,  Loss/location: 0.65629  ,  pro_loss: 0.09767  ,  IoU: 0.61217
[train: Epoch 43, 625 / 625] FPS: 118.2 (118.6)  ,  DataTime: 0.006 (0.006)  ,  ForwardTime: 0.259  ,  TotalTime: 0.271  ,  Loss/total: 1.81802  ,  Loss/giou: 0.45158  ,  Loss/l1: 0.04779  ,  Loss/location: 0.65630  ,  pro_loss: 0.09801  ,  IoU: 0.61163
[train: Epoch 44, 50 / 625] FPS: 112.8 (118.1)  ,  DataTime: 0.019 (0.006)  ,  ForwardTime: 0.259  ,  TotalTime: 0.284  ,  Loss/total: 1.77570  ,  Loss/giou: 0.44273  ,  Loss/l1: 0.04584  ,  Loss/location: 0.64187  ,  pro_loss: 0.09583  ,  IoU: 0.61768
[train: Epoch 44, 100 / 625] FPS: 115.7 (118.9)  ,  DataTime: 0.012 (0.006)  ,  ForwardTime: 0.259  ,  TotalTime: 0.277  ,  Loss/total: 1.74116  ,  Loss/giou: 0.43330  ,  Loss/l1: 0.04471  ,  Loss/location: 0.63199  ,  pro_loss: 0.09521  ,  IoU: 0.62594
[train: Epoch 44, 150 / 625] FPS: 116.7 (118.6)  ,  DataTime: 0.010 (0.006)  ,  ForwardTime: 0.259  ,  TotalTime: 0.274  ,  Loss/total: 1.74098  ,  Loss/giou: 0.43221  ,  Loss/l1: 0.04475  ,  Loss/location: 0.63332  ,  pro_loss: 0.09736  ,  IoU: 0.62661
[train: Epoch 44, 200 / 625] FPS: 117.2 (119.1)  ,  DataTime: 0.008 (0.006)  ,  ForwardTime: 0.259  ,  TotalTime: 0.273  ,  Loss/total: 1.75294  ,  Loss/giou: 0.43550  ,  Loss/l1: 0.04515  ,  Loss/location: 0.63695  ,  pro_loss: 0.09620  ,  IoU: 0.62376
[train: Epoch 44, 250 / 625] FPS: 117.5 (118.6)  ,  DataTime: 0.008 (0.006)  ,  ForwardTime: 0.259  ,  TotalTime: 0.272  ,  Loss/total: 1.75566  ,  Loss/giou: 0.43634  ,  Loss/l1: 0.04512  ,  Loss/location: 0.63796  ,  pro_loss: 0.09729  ,  IoU: 0.62288
[train: Epoch 44, 300 / 625] FPS: 117.7 (119.6)  ,  DataTime: 0.007 (0.006)  ,  ForwardTime: 0.259  ,  TotalTime: 0.272  ,  Loss/total: 1.77087  ,  Loss/giou: 0.44043  ,  Loss/l1: 0.04587  ,  Loss/location: 0.64114  ,  pro_loss: 0.09747  ,  IoU: 0.62061
[train: Epoch 44, 350 / 625] FPS: 117.9 (118.4)  ,  DataTime: 0.007 (0.006)  ,  ForwardTime: 0.259  ,  TotalTime: 0.271  ,  Loss/total: 1.78060  ,  Loss/giou: 0.44288  ,  Loss/l1: 0.04640  ,  Loss/location: 0.64338  ,  pro_loss: 0.09724  ,  IoU: 0.61909
[train: Epoch 44, 400 / 625] FPS: 118.0 (119.0)  ,  DataTime: 0.006 (0.006)  ,  ForwardTime: 0.259  ,  TotalTime: 0.271  ,  Loss/total: 1.78967  ,  Loss/giou: 0.44499  ,  Loss/l1: 0.04685  ,  Loss/location: 0.64605  ,  pro_loss: 0.09698  ,  IoU: 0.61753
[train: Epoch 44, 450 / 625] FPS: 118.1 (119.4)  ,  DataTime: 0.006 (0.006)  ,  ForwardTime: 0.259  ,  TotalTime: 0.271  ,  Loss/total: 1.79362  ,  Loss/giou: 0.44602  ,  Loss/l1: 0.04712  ,  Loss/location: 0.64650  ,  pro_loss: 0.09739  ,  IoU: 0.61692
[train: Epoch 44, 500 / 625] FPS: 118.2 (118.7)  ,  DataTime: 0.006 (0.006)  ,  ForwardTime: 0.259  ,  TotalTime: 0.271  ,  Loss/total: 1.79340  ,  Loss/giou: 0.44614  ,  Loss/l1: 0.04709  ,  Loss/location: 0.64630  ,  pro_loss: 0.09692  ,  IoU: 0.61679
[train: Epoch 44, 550 / 625] FPS: 118.2 (115.4)  ,  DataTime: 0.006 (0.006)  ,  ForwardTime: 0.259  ,  TotalTime: 0.271  ,  Loss/total: 1.79159  ,  Loss/giou: 0.44583  ,  Loss/l1: 0.04715  ,  Loss/location: 0.64476  ,  pro_loss: 0.09715  ,  IoU: 0.61736
[train: Epoch 44, 600 / 625] FPS: 118.3 (118.8)  ,  DataTime: 0.006 (0.006)  ,  ForwardTime: 0.259  ,  TotalTime: 0.271  ,  Loss/total: 1.79222  ,  Loss/giou: 0.44583  ,  Loss/l1: 0.04711  ,  Loss/location: 0.64566  ,  pro_loss: 0.09681  ,  IoU: 0.61737
[train: Epoch 44, 625 / 625] FPS: 118.3 (119.8)  ,  DataTime: 0.006 (0.006)  ,  ForwardTime: 0.259  ,  TotalTime: 0.271  ,  Loss/total: 1.79046  ,  Loss/giou: 0.44537  ,  Loss/l1: 0.04704  ,  Loss/location: 0.64515  ,  pro_loss: 0.09678  ,  IoU: 0.61776
[train: Epoch 45, 50 / 625] FPS: 113.2 (118.9)  ,  DataTime: 0.017 (0.006)  ,  ForwardTime: 0.259  ,  TotalTime: 0.283  ,  Loss/total: 1.77222  ,  Loss/giou: 0.44185  ,  Loss/l1: 0.04671  ,  Loss/location: 0.63558  ,  pro_loss: 0.09688  ,  IoU: 0.61999
[train: Epoch 45, 100 / 625] FPS: 116.0 (119.3)  ,  DataTime: 0.011 (0.006)  ,  ForwardTime: 0.259  ,  TotalTime: 0.276  ,  Loss/total: 1.79333  ,  Loss/giou: 0.44503  ,  Loss/l1: 0.04776  ,  Loss/location: 0.64564  ,  pro_loss: 0.09410  ,  IoU: 0.61873
[train: Epoch 45, 150 / 625] FPS: 116.9 (119.5)  ,  DataTime: 0.009 (0.006)  ,  ForwardTime: 0.259  ,  TotalTime: 0.274  ,  Loss/total: 1.77238  ,  Loss/giou: 0.44066  ,  Loss/l1: 0.04665  ,  Loss/location: 0.63931  ,  pro_loss: 0.09240  ,  IoU: 0.62132
[train: Epoch 45, 200 / 625] FPS: 117.4 (119.3)  ,  DataTime: 0.008 (0.006)  ,  ForwardTime: 0.259  ,  TotalTime: 0.273  ,  Loss/total: 1.76441  ,  Loss/giou: 0.43791  ,  Loss/l1: 0.04633  ,  Loss/location: 0.63860  ,  pro_loss: 0.09159  ,  IoU: 0.62373
[train: Epoch 45, 250 / 625] FPS: 117.7 (119.2)  ,  DataTime: 0.007 (0.006)  ,  ForwardTime: 0.259  ,  TotalTime: 0.272  ,  Loss/total: 1.77676  ,  Loss/giou: 0.44078  ,  Loss/l1: 0.04667  ,  Loss/location: 0.64359  ,  pro_loss: 0.09123  ,  IoU: 0.62166
[train: Epoch 45, 300 / 625] FPS: 117.9 (118.4)  ,  DataTime: 0.007 (0.006)  ,  ForwardTime: 0.259  ,  TotalTime: 0.271  ,  Loss/total: 1.77417  ,  Loss/giou: 0.44003  ,  Loss/l1: 0.04674  ,  Loss/location: 0.64213  ,  pro_loss: 0.09134  ,  IoU: 0.62257
[train: Epoch 45, 350 / 625] FPS: 118.0 (119.2)  ,  DataTime: 0.006 (0.006)  ,  ForwardTime: 0.259  ,  TotalTime: 0.271  ,  Loss/total: 1.76942  ,  Loss/giou: 0.43866  ,  Loss/l1: 0.04657  ,  Loss/location: 0.64065  ,  pro_loss: 0.09290  ,  IoU: 0.62367
[train: Epoch 45, 400 / 625] FPS: 118.1 (118.8)  ,  DataTime: 0.006 (0.006)  ,  ForwardTime: 0.259  ,  TotalTime: 0.271  ,  Loss/total: 1.77196  ,  Loss/giou: 0.43943  ,  Loss/l1: 0.04656  ,  Loss/location: 0.64160  ,  pro_loss: 0.09343  ,  IoU: 0.62278
[train: Epoch 45, 450 / 625] FPS: 118.2 (119.0)  ,  DataTime: 0.006 (0.006)  ,  ForwardTime: 0.259  ,  TotalTime: 0.271  ,  Loss/total: 1.77229  ,  Loss/giou: 0.43983  ,  Loss/l1: 0.04642  ,  Loss/location: 0.64190  ,  pro_loss: 0.09323  ,  IoU: 0.62199
[train: Epoch 45, 500 / 625] FPS: 118.2 (118.9)  ,  DataTime: 0.006 (0.006)  ,  ForwardTime: 0.259  ,  TotalTime: 0.271  ,  Loss/total: 1.77680  ,  Loss/giou: 0.44075  ,  Loss/l1: 0.04658  ,  Loss/location: 0.64359  ,  pro_loss: 0.09399  ,  IoU: 0.62116
[train: Epoch 45, 550 / 625] FPS: 118.3 (118.9)  ,  DataTime: 0.006 (0.006)  ,  ForwardTime: 0.259  ,  TotalTime: 0.271  ,  Loss/total: 1.77528  ,  Loss/giou: 0.44013  ,  Loss/l1: 0.04646  ,  Loss/location: 0.64393  ,  pro_loss: 0.09395  ,  IoU: 0.62151
[train: Epoch 45, 600 / 625] FPS: 118.3 (118.7)  ,  DataTime: 0.006 (0.006)  ,  ForwardTime: 0.259  ,  TotalTime: 0.270  ,  Loss/total: 1.77258  ,  Loss/giou: 0.43949  ,  Loss/l1: 0.04631  ,  Loss/location: 0.64319  ,  pro_loss: 0.09446  ,  IoU: 0.62190
[train: Epoch 45, 625 / 625] FPS: 118.3 (119.4)  ,  DataTime: 0.006 (0.006)  ,  ForwardTime: 0.259  ,  TotalTime: 0.270  ,  Loss/total: 1.77134  ,  Loss/giou: 0.43942  ,  Loss/l1: 0.04630  ,  Loss/location: 0.64206  ,  pro_loss: 0.09479  ,  IoU: 0.62203
[val: Epoch 45, 50 / 156] FPS: 217.9 (245.7)  ,  DataTime: 0.022 (0.007)  ,  ForwardTime: 0.118  ,  TotalTime: 0.147  ,  Loss/total: 0.83424  ,  Loss/giou: 0.21261  ,  Loss/l1: 0.01513  ,  Loss/location: 0.33331  ,  pro_loss: 0.00021  ,  IoU: 0.79925
[val: Epoch 45, 100 / 156] FPS: 230.9 (233.7)  ,  DataTime: 0.013 (0.007)  ,  ForwardTime: 0.118  ,  TotalTime: 0.139  ,  Loss/total: 0.83170  ,  Loss/giou: 0.21342  ,  Loss/l1: 0.01575  ,  Loss/location: 0.32609  ,  pro_loss: 0.00010  ,  IoU: 0.79941
[val: Epoch 45, 150 / 156] FPS: 235.4 (249.4)  ,  DataTime: 0.011 (0.007)  ,  ForwardTime: 0.118  ,  TotalTime: 0.136  ,  Loss/total: 0.84201  ,  Loss/giou: 0.21659  ,  Loss/l1: 0.01639  ,  Loss/location: 0.32685  ,  pro_loss: 0.00007  ,  IoU: 0.79760
[val: Epoch 45, 156 / 156] FPS: 235.9 (252.8)  ,  DataTime: 0.010 (0.007)  ,  ForwardTime: 0.118  ,  TotalTime: 0.136  ,  Loss/total: 0.84019  ,  Loss/giou: 0.21587  ,  Loss/l1: 0.01622  ,  Loss/location: 0.32733  ,  pro_loss: 0.00007  ,  IoU: 0.79802
[train: Epoch 46, 50 / 625] FPS: 113.2 (118.5)  ,  DataTime: 0.018 (0.006)  ,  ForwardTime: 0.259  ,  TotalTime: 0.283  ,  Loss/total: 1.80200  ,  Loss/giou: 0.44941  ,  Loss/l1: 0.04732  ,  Loss/location: 0.64844  ,  pro_loss: 0.09063  ,  IoU: 0.61320
[train: Epoch 46, 100 / 625] FPS: 115.9 (118.5)  ,  DataTime: 0.011 (0.006)  ,  ForwardTime: 0.259  ,  TotalTime: 0.276  ,  Loss/total: 1.75539  ,  Loss/giou: 0.43782  ,  Loss/l1: 0.04495  ,  Loss/location: 0.63665  ,  pro_loss: 0.09177  ,  IoU: 0.62062
[train: Epoch 46, 150 / 625] FPS: 116.9 (119.1)  ,  DataTime: 0.009 (0.006)  ,  ForwardTime: 0.259  ,  TotalTime: 0.274  ,  Loss/total: 1.75985  ,  Loss/giou: 0.43845  ,  Loss/l1: 0.04557  ,  Loss/location: 0.63679  ,  pro_loss: 0.09146  ,  IoU: 0.62140
[train: Epoch 46, 200 / 625] FPS: 117.3 (118.0)  ,  DataTime: 0.008 (0.006)  ,  ForwardTime: 0.259  ,  TotalTime: 0.273  ,  Loss/total: 1.76244  ,  Loss/giou: 0.43721  ,  Loss/l1: 0.04529  ,  Loss/location: 0.64297  ,  pro_loss: 0.09307  ,  IoU: 0.62192
[train: Epoch 46, 250 / 625] FPS: 117.6 (118.6)  ,  DataTime: 0.007 (0.006)  ,  ForwardTime: 0.259  ,  TotalTime: 0.272  ,  Loss/total: 1.76622  ,  Loss/giou: 0.43841  ,  Loss/l1: 0.04564  ,  Loss/location: 0.64263  ,  pro_loss: 0.09284  ,  IoU: 0.62153
[train: Epoch 46, 300 / 625] FPS: 117.8 (118.5)  ,  DataTime: 0.007 (0.006)  ,  ForwardTime: 0.259  ,  TotalTime: 0.272  ,  Loss/total: 1.75895  ,  Loss/giou: 0.43676  ,  Loss/l1: 0.04545  ,  Loss/location: 0.63951  ,  pro_loss: 0.09327  ,  IoU: 0.62278
[train: Epoch 46, 350 / 625] FPS: 117.9 (118.7)  ,  DataTime: 0.007 (0.006)  ,  ForwardTime: 0.259  ,  TotalTime: 0.271  ,  Loss/total: 1.76130  ,  Loss/giou: 0.43690  ,  Loss/l1: 0.04568  ,  Loss/location: 0.64029  ,  pro_loss: 0.09390  ,  IoU: 0.62315
[train: Epoch 46, 400 / 625] FPS: 118.0 (119.2)  ,  DataTime: 0.006 (0.006)  ,  ForwardTime: 0.259  ,  TotalTime: 0.271  ,  Loss/total: 1.76823  ,  Loss/giou: 0.43868  ,  Loss/l1: 0.04619  ,  Loss/location: 0.64088  ,  pro_loss: 0.09506  ,  IoU: 0.62208
[train: Epoch 46, 450 / 625] FPS: 118.0 (118.8)  ,  DataTime: 0.006 (0.006)  ,  ForwardTime: 0.259  ,  TotalTime: 0.271  ,  Loss/total: 1.77398  ,  Loss/giou: 0.44000  ,  Loss/l1: 0.04646  ,  Loss/location: 0.64262  ,  pro_loss: 0.09531  ,  IoU: 0.62123
[train: Epoch 46, 500 / 625] FPS: 118.1 (119.0)  ,  DataTime: 0.006 (0.006)  ,  ForwardTime: 0.259  ,  TotalTime: 0.271  ,  Loss/total: 1.77799  ,  Loss/giou: 0.44071  ,  Loss/l1: 0.04657  ,  Loss/location: 0.64466  ,  pro_loss: 0.09534  ,  IoU: 0.62067
[train: Epoch 46, 550 / 625] FPS: 118.1 (119.0)  ,  DataTime: 0.006 (0.006)  ,  ForwardTime: 0.259  ,  TotalTime: 0.271  ,  Loss/total: 1.78413  ,  Loss/giou: 0.44274  ,  Loss/l1: 0.04685  ,  Loss/location: 0.64538  ,  pro_loss: 0.09519  ,  IoU: 0.61911
[train: Epoch 46, 600 / 625] FPS: 118.2 (118.0)  ,  DataTime: 0.006 (0.006)  ,  ForwardTime: 0.259  ,  TotalTime: 0.271  ,  Loss/total: 1.78774  ,  Loss/giou: 0.44366  ,  Loss/l1: 0.04691  ,  Loss/location: 0.64690  ,  pro_loss: 0.09488  ,  IoU: 0.61833
[train: Epoch 46, 625 / 625] FPS: 118.2 (120.0)  ,  DataTime: 0.006 (0.006)  ,  ForwardTime: 0.259  ,  TotalTime: 0.271  ,  Loss/total: 1.78976  ,  Loss/giou: 0.44423  ,  Loss/l1: 0.04700  ,  Loss/location: 0.64733  ,  pro_loss: 0.09490  ,  IoU: 0.61798
[train: Epoch 47, 50 / 625] FPS: 113.2 (118.5)  ,  DataTime: 0.018 (0.006)  ,  ForwardTime: 0.259  ,  TotalTime: 0.283  ,  Loss/total: 1.72480  ,  Loss/giou: 0.42686  ,  Loss/l1: 0.04458  ,  Loss/location: 0.63034  ,  pro_loss: 0.08917  ,  IoU: 0.63232
[train: Epoch 47, 100 / 625] FPS: 115.6 (118.8)  ,  DataTime: 0.011 (0.006)  ,  ForwardTime: 0.259  ,  TotalTime: 0.277  ,  Loss/total: 1.74695  ,  Loss/giou: 0.43250  ,  Loss/l1: 0.04558  ,  Loss/location: 0.63535  ,  pro_loss: 0.09354  ,  IoU: 0.62714
[train: Epoch 47, 150 / 625] FPS: 116.6 (118.8)  ,  DataTime: 0.009 (0.006)  ,  ForwardTime: 0.259  ,  TotalTime: 0.274  ,  Loss/total: 1.76288  ,  Loss/giou: 0.43737  ,  Loss/l1: 0.04593  ,  Loss/location: 0.63944  ,  pro_loss: 0.09535  ,  IoU: 0.62344
[train: Epoch 47, 200 / 625] FPS: 117.1 (118.8)  ,  DataTime: 0.008 (0.006)  ,  ForwardTime: 0.259  ,  TotalTime: 0.273  ,  Loss/total: 1.74820  ,  Loss/giou: 0.43397  ,  Loss/l1: 0.04539  ,  Loss/location: 0.63431  ,  pro_loss: 0.09500  ,  IoU: 0.62515
[train: Epoch 47, 250 / 625] FPS: 117.4 (119.0)  ,  DataTime: 0.007 (0.006)  ,  ForwardTime: 0.259  ,  TotalTime: 0.273  ,  Loss/total: 1.73406  ,  Loss/giou: 0.43042  ,  Loss/l1: 0.04473  ,  Loss/location: 0.63078  ,  pro_loss: 0.09383  ,  IoU: 0.62719
[train: Epoch 47, 300 / 625] FPS: 117.6 (118.9)  ,  DataTime: 0.007 (0.006)  ,  ForwardTime: 0.259  ,  TotalTime: 0.272  ,  Loss/total: 1.73169  ,  Loss/giou: 0.43052  ,  Loss/l1: 0.04463  ,  Loss/location: 0.62869  ,  pro_loss: 0.09413  ,  IoU: 0.62697
[train: Epoch 47, 350 / 625] FPS: 117.7 (118.6)  ,  DataTime: 0.007 (0.006)  ,  ForwardTime: 0.259  ,  TotalTime: 0.272  ,  Loss/total: 1.73934  ,  Loss/giou: 0.43229  ,  Loss/l1: 0.04499  ,  Loss/location: 0.63103  ,  pro_loss: 0.09379  ,  IoU: 0.62588
[train: Epoch 47, 400 / 625] FPS: 117.8 (118.8)  ,  DataTime: 0.007 (0.006)  ,  ForwardTime: 0.259  ,  TotalTime: 0.272  ,  Loss/total: 1.75259  ,  Loss/giou: 0.43588  ,  Loss/l1: 0.04556  ,  Loss/location: 0.63407  ,  pro_loss: 0.09475  ,  IoU: 0.62337
[train: Epoch 47, 450 / 625] FPS: 117.9 (118.5)  ,  DataTime: 0.006 (0.006)  ,  ForwardTime: 0.259  ,  TotalTime: 0.271  ,  Loss/total: 1.75584  ,  Loss/giou: 0.43611  ,  Loss/l1: 0.04559  ,  Loss/location: 0.63666  ,  pro_loss: 0.09487  ,  IoU: 0.62313
[train: Epoch 47, 500 / 625] FPS: 118.0 (119.4)  ,  DataTime: 0.006 (0.006)  ,  ForwardTime: 0.259  ,  TotalTime: 0.271  ,  Loss/total: 1.75532  ,  Loss/giou: 0.43619  ,  Loss/l1: 0.04553  ,  Loss/location: 0.63629  ,  pro_loss: 0.09509  ,  IoU: 0.62303
[train: Epoch 47, 550 / 625] FPS: 118.0 (119.1)  ,  DataTime: 0.006 (0.006)  ,  ForwardTime: 0.259  ,  TotalTime: 0.271  ,  Loss/total: 1.75776  ,  Loss/giou: 0.43711  ,  Loss/l1: 0.04565  ,  Loss/location: 0.63626  ,  pro_loss: 0.09529  ,  IoU: 0.62231
[train: Epoch 47, 600 / 625] FPS: 118.1 (118.6)  ,  DataTime: 0.006 (0.006)  ,  ForwardTime: 0.259  ,  TotalTime: 0.271  ,  Loss/total: 1.76045  ,  Loss/giou: 0.43801  ,  Loss/l1: 0.04581  ,  Loss/location: 0.63635  ,  pro_loss: 0.09525  ,  IoU: 0.62178
[train: Epoch 47, 625 / 625] FPS: 118.1 (119.6)  ,  DataTime: 0.006 (0.006)  ,  ForwardTime: 0.259  ,  TotalTime: 0.271  ,  Loss/total: 1.76265  ,  Loss/giou: 0.43879  ,  Loss/l1: 0.04587  ,  Loss/location: 0.63668  ,  pro_loss: 0.09506  ,  IoU: 0.62121
[train: Epoch 48, 50 / 625] FPS: 113.2 (118.3)  ,  DataTime: 0.018 (0.006)  ,  ForwardTime: 0.259  ,  TotalTime: 0.283  ,  Loss/total: 1.66976  ,  Loss/giou: 0.41548  ,  Loss/l1: 0.04110  ,  Loss/location: 0.61348  ,  pro_loss: 0.09917  ,  IoU: 0.63562
[train: Epoch 48, 100 / 625] FPS: 115.8 (118.4)  ,  DataTime: 0.011 (0.006)  ,  ForwardTime: 0.259  ,  TotalTime: 0.276  ,  Loss/total: 1.74927  ,  Loss/giou: 0.43276  ,  Loss/l1: 0.04548  ,  Loss/location: 0.63700  ,  pro_loss: 0.09667  ,  IoU: 0.62548
[train: Epoch 48, 150 / 625] FPS: 116.7 (119.3)  ,  DataTime: 0.009 (0.006)  ,  ForwardTime: 0.259  ,  TotalTime: 0.274  ,  Loss/total: 1.74487  ,  Loss/giou: 0.43138  ,  Loss/l1: 0.04496  ,  Loss/location: 0.63814  ,  pro_loss: 0.09576  ,  IoU: 0.62590
[train: Epoch 48, 200 / 625] FPS: 117.2 (119.2)  ,  DataTime: 0.008 (0.006)  ,  ForwardTime: 0.259  ,  TotalTime: 0.273  ,  Loss/total: 1.72984  ,  Loss/giou: 0.42793  ,  Loss/l1: 0.04444  ,  Loss/location: 0.63245  ,  pro_loss: 0.09667  ,  IoU: 0.62836
[train: Epoch 48, 250 / 625] FPS: 117.5 (118.9)  ,  DataTime: 0.007 (0.006)  ,  ForwardTime: 0.259  ,  TotalTime: 0.272  ,  Loss/total: 1.73280  ,  Loss/giou: 0.43028  ,  Loss/l1: 0.04489  ,  Loss/location: 0.62841  ,  pro_loss: 0.09679  ,  IoU: 0.62659
[train: Epoch 48, 300 / 625] FPS: 117.7 (118.2)  ,  DataTime: 0.007 (0.006)  ,  ForwardTime: 0.259  ,  TotalTime: 0.272  ,  Loss/total: 1.72753  ,  Loss/giou: 0.43022  ,  Loss/l1: 0.04478  ,  Loss/location: 0.62387  ,  pro_loss: 0.09670  ,  IoU: 0.62722
[train: Epoch 48, 350 / 625] FPS: 117.8 (118.8)  ,  DataTime: 0.007 (0.006)  ,  ForwardTime: 0.259  ,  TotalTime: 0.272  ,  Loss/total: 1.72532  ,  Loss/giou: 0.42950  ,  Loss/l1: 0.04461  ,  Loss/location: 0.62393  ,  pro_loss: 0.09682  ,  IoU: 0.62790
[train: Epoch 48, 400 / 625] FPS: 117.9 (118.9)  ,  DataTime: 0.006 (0.006)  ,  ForwardTime: 0.259  ,  TotalTime: 0.271  ,  Loss/total: 1.72425  ,  Loss/giou: 0.42871  ,  Loss/l1: 0.04456  ,  Loss/location: 0.62462  ,  pro_loss: 0.09716  ,  IoU: 0.62832
[train: Epoch 48, 450 / 625] FPS: 118.0 (118.4)  ,  DataTime: 0.006 (0.006)  ,  ForwardTime: 0.259  ,  TotalTime: 0.271  ,  Loss/total: 1.73422  ,  Loss/giou: 0.43087  ,  Loss/l1: 0.04500  ,  Loss/location: 0.62813  ,  pro_loss: 0.09683  ,  IoU: 0.62676
[train: Epoch 48, 500 / 625] FPS: 118.0 (118.8)  ,  DataTime: 0.006 (0.006)  ,  ForwardTime: 0.259  ,  TotalTime: 0.271  ,  Loss/total: 1.73983  ,  Loss/giou: 0.43230  ,  Loss/l1: 0.04524  ,  Loss/location: 0.62973  ,  pro_loss: 0.09644  ,  IoU: 0.62608
[train: Epoch 48, 550 / 625] FPS: 118.1 (118.4)  ,  DataTime: 0.006 (0.006)  ,  ForwardTime: 0.259  ,  TotalTime: 0.271  ,  Loss/total: 1.74792  ,  Loss/giou: 0.43440  ,  Loss/l1: 0.04553  ,  Loss/location: 0.63214  ,  pro_loss: 0.09661  ,  IoU: 0.62452
[train: Epoch 48, 600 / 625] FPS: 118.1 (118.9)  ,  DataTime: 0.006 (0.006)  ,  ForwardTime: 0.259  ,  TotalTime: 0.271  ,  Loss/total: 1.74237  ,  Loss/giou: 0.43297  ,  Loss/l1: 0.04524  ,  Loss/location: 0.63092  ,  pro_loss: 0.09649  ,  IoU: 0.62549
[train: Epoch 48, 625 / 625] FPS: 118.1 (118.9)  ,  DataTime: 0.006 (0.006)  ,  ForwardTime: 0.259  ,  TotalTime: 0.271  ,  Loss/total: 1.73722  ,  Loss/giou: 0.43154  ,  Loss/l1: 0.04499  ,  Loss/location: 0.62991  ,  pro_loss: 0.09652  ,  IoU: 0.62648
[train: Epoch 49, 50 / 625] FPS: 113.1 (118.3)  ,  DataTime: 0.017 (0.006)  ,  ForwardTime: 0.260  ,  TotalTime: 0.283  ,  Loss/total: 1.74504  ,  Loss/giou: 0.43088  ,  Loss/l1: 0.04380  ,  Loss/location: 0.64456  ,  pro_loss: 0.09855  ,  IoU: 0.62642
[train: Epoch 49, 100 / 625] FPS: 116.0 (118.6)  ,  DataTime: 0.011 (0.006)  ,  ForwardTime: 0.259  ,  TotalTime: 0.276  ,  Loss/total: 1.73426  ,  Loss/giou: 0.43302  ,  Loss/l1: 0.04383  ,  Loss/location: 0.62941  ,  pro_loss: 0.09834  ,  IoU: 0.62433
[train: Epoch 49, 150 / 625] FPS: 116.8 (118.4)  ,  DataTime: 0.009 (0.006)  ,  ForwardTime: 0.259  ,  TotalTime: 0.274  ,  Loss/total: 1.75057  ,  Loss/giou: 0.43634  ,  Loss/l1: 0.04468  ,  Loss/location: 0.63488  ,  pro_loss: 0.09799  ,  IoU: 0.62262
[train: Epoch 49, 200 / 625] FPS: 117.2 (119.1)  ,  DataTime: 0.008 (0.006)  ,  ForwardTime: 0.259  ,  TotalTime: 0.273  ,  Loss/total: 1.73936  ,  Loss/giou: 0.43438  ,  Loss/l1: 0.04472  ,  Loss/location: 0.62752  ,  pro_loss: 0.09729  ,  IoU: 0.62476
[train: Epoch 49, 250 / 625] FPS: 117.5 (119.9)  ,  DataTime: 0.007 (0.006)  ,  ForwardTime: 0.259  ,  TotalTime: 0.272  ,  Loss/total: 1.74239  ,  Loss/giou: 0.43620  ,  Loss/l1: 0.04524  ,  Loss/location: 0.62431  ,  pro_loss: 0.09742  ,  IoU: 0.62338
[train: Epoch 49, 300 / 625] FPS: 117.7 (118.3)  ,  DataTime: 0.007 (0.006)  ,  ForwardTime: 0.259  ,  TotalTime: 0.272  ,  Loss/total: 1.74843  ,  Loss/giou: 0.43732  ,  Loss/l1: 0.04548  ,  Loss/location: 0.62699  ,  pro_loss: 0.09705  ,  IoU: 0.62249
[train: Epoch 49, 350 / 625] FPS: 117.8 (118.2)  ,  DataTime: 0.007 (0.006)  ,  ForwardTime: 0.259  ,  TotalTime: 0.272  ,  Loss/total: 1.74346  ,  Loss/giou: 0.43683  ,  Loss/l1: 0.04520  ,  Loss/location: 0.62426  ,  pro_loss: 0.09771  ,  IoU: 0.62317
[train: Epoch 49, 400 / 625] FPS: 118.0 (119.0)  ,  DataTime: 0.006 (0.006)  ,  ForwardTime: 0.259  ,  TotalTime: 0.271  ,  Loss/total: 1.74453  ,  Loss/giou: 0.43611  ,  Loss/l1: 0.04497  ,  Loss/location: 0.62797  ,  pro_loss: 0.09755  ,  IoU: 0.62318
[train: Epoch 49, 450 / 625] FPS: 118.1 (118.6)  ,  DataTime: 0.006 (0.006)  ,  ForwardTime: 0.259  ,  TotalTime: 0.271  ,  Loss/total: 1.74380  ,  Loss/giou: 0.43591  ,  Loss/l1: 0.04494  ,  Loss/location: 0.62781  ,  pro_loss: 0.09748  ,  IoU: 0.62333
[train: Epoch 49, 500 / 625] FPS: 118.1 (115.2)  ,  DataTime: 0.006 (0.006)  ,  ForwardTime: 0.259  ,  TotalTime: 0.271  ,  Loss/total: 1.74096  ,  Loss/giou: 0.43490  ,  Loss/l1: 0.04467  ,  Loss/location: 0.62818  ,  pro_loss: 0.09805  ,  IoU: 0.62416
[train: Epoch 49, 550 / 625] FPS: 118.2 (118.6)  ,  DataTime: 0.006 (0.006)  ,  ForwardTime: 0.259  ,  TotalTime: 0.271  ,  Loss/total: 1.74537  ,  Loss/giou: 0.43581  ,  Loss/l1: 0.04493  ,  Loss/location: 0.62956  ,  pro_loss: 0.09781  ,  IoU: 0.62375
[train: Epoch 49, 600 / 625] FPS: 118.2 (117.9)  ,  DataTime: 0.006 (0.006)  ,  ForwardTime: 0.259  ,  TotalTime: 0.271  ,  Loss/total: 1.73985  ,  Loss/giou: 0.43465  ,  Loss/l1: 0.04473  ,  Loss/location: 0.62738  ,  pro_loss: 0.09749  ,  IoU: 0.62442
[train: Epoch 49, 625 / 625] FPS: 118.2 (119.0)  ,  DataTime: 0.006 (0.006)  ,  ForwardTime: 0.259  ,  TotalTime: 0.271  ,  Loss/total: 1.74183  ,  Loss/giou: 0.43494  ,  Loss/l1: 0.04484  ,  Loss/location: 0.62827  ,  pro_loss: 0.09737  ,  IoU: 0.62427
[train: Epoch 50, 50 / 625] FPS: 112.9 (118.5)  ,  DataTime: 0.018 (0.006)  ,  ForwardTime: 0.259  ,  TotalTime: 0.284  ,  Loss/total: 1.70187  ,  Loss/giou: 0.42372  ,  Loss/l1: 0.04254  ,  Loss/location: 0.62247  ,  pro_loss: 0.09626  ,  IoU: 0.63069
[train: Epoch 50, 100 / 625] FPS: 115.7 (118.9)  ,  DataTime: 0.011 (0.006)  ,  ForwardTime: 0.259  ,  TotalTime: 0.277  ,  Loss/total: 1.72434  ,  Loss/giou: 0.43135  ,  Loss/l1: 0.04395  ,  Loss/location: 0.62275  ,  pro_loss: 0.09563  ,  IoU: 0.62702
[train: Epoch 50, 150 / 625] FPS: 116.7 (118.7)  ,  DataTime: 0.009 (0.006)  ,  ForwardTime: 0.259  ,  TotalTime: 0.274  ,  Loss/total: 1.71681  ,  Loss/giou: 0.42973  ,  Loss/l1: 0.04353  ,  Loss/location: 0.62049  ,  pro_loss: 0.09598  ,  IoU: 0.62777
[train: Epoch 50, 200 / 625] FPS: 117.1 (118.4)  ,  DataTime: 0.008 (0.006)  ,  ForwardTime: 0.259  ,  TotalTime: 0.273  ,  Loss/total: 1.73289  ,  Loss/giou: 0.43416  ,  Loss/l1: 0.04433  ,  Loss/location: 0.62357  ,  pro_loss: 0.09672  ,  IoU: 0.62487
[train: Epoch 50, 250 / 625] FPS: 117.4 (118.7)  ,  DataTime: 0.008 (0.006)  ,  ForwardTime: 0.259  ,  TotalTime: 0.273  ,  Loss/total: 1.74178  ,  Loss/giou: 0.43634  ,  Loss/l1: 0.04467  ,  Loss/location: 0.62638  ,  pro_loss: 0.09679  ,  IoU: 0.62347
[train: Epoch 50, 300 / 625] FPS: 117.6 (119.1)  ,  DataTime: 0.007 (0.006)  ,  ForwardTime: 0.259  ,  TotalTime: 0.272  ,  Loss/total: 1.73887  ,  Loss/giou: 0.43507  ,  Loss/l1: 0.04434  ,  Loss/location: 0.62765  ,  pro_loss: 0.09688  ,  IoU: 0.62447
[train: Epoch 50, 350 / 625] FPS: 117.7 (119.0)  ,  DataTime: 0.007 (0.006)  ,  ForwardTime: 0.259  ,  TotalTime: 0.272  ,  Loss/total: 1.74281  ,  Loss/giou: 0.43580  ,  Loss/l1: 0.04462  ,  Loss/location: 0.62875  ,  pro_loss: 0.09670  ,  IoU: 0.62429
[train: Epoch 50, 400 / 625] FPS: 117.8 (119.0)  ,  DataTime: 0.007 (0.006)  ,  ForwardTime: 0.259  ,  TotalTime: 0.272  ,  Loss/total: 1.73655  ,  Loss/giou: 0.43409  ,  Loss/l1: 0.04430  ,  Loss/location: 0.62756  ,  pro_loss: 0.09663  ,  IoU: 0.62564
[train: Epoch 50, 450 / 625] FPS: 117.9 (118.7)  ,  DataTime: 0.006 (0.006)  ,  ForwardTime: 0.259  ,  TotalTime: 0.271  ,  Loss/total: 1.72994  ,  Loss/giou: 0.43189  ,  Loss/l1: 0.04406  ,  Loss/location: 0.62659  ,  pro_loss: 0.09640  ,  IoU: 0.62728
[train: Epoch 50, 500 / 625] FPS: 117.9 (118.2)  ,  DataTime: 0.006 (0.006)  ,  ForwardTime: 0.259  ,  TotalTime: 0.271  ,  Loss/total: 1.72364  ,  Loss/giou: 0.43011  ,  Loss/l1: 0.04369  ,  Loss/location: 0.62575  ,  pro_loss: 0.09616  ,  IoU: 0.62840
[train: Epoch 50, 550 / 625] FPS: 118.0 (119.2)  ,  DataTime: 0.006 (0.006)  ,  ForwardTime: 0.259  ,  TotalTime: 0.271  ,  Loss/total: 1.72656  ,  Loss/giou: 0.43104  ,  Loss/l1: 0.04377  ,  Loss/location: 0.62627  ,  pro_loss: 0.09672  ,  IoU: 0.62758
[train: Epoch 50, 600 / 625] FPS: 118.1 (117.3)  ,  DataTime: 0.006 (0.006)  ,  ForwardTime: 0.259  ,  TotalTime: 0.271  ,  Loss/total: 1.73481  ,  Loss/giou: 0.43283  ,  Loss/l1: 0.04416  ,  Loss/location: 0.62903  ,  pro_loss: 0.09652  ,  IoU: 0.62641
[train: Epoch 50, 625 / 625] FPS: 118.1 (119.9)  ,  DataTime: 0.006 (0.006)  ,  ForwardTime: 0.259  ,  TotalTime: 0.271  ,  Loss/total: 1.73400  ,  Loss/giou: 0.43263  ,  Loss/l1: 0.04410  ,  Loss/location: 0.62894  ,  pro_loss: 0.09659  ,  IoU: 0.62639
[val: Epoch 50, 50 / 156] FPS: 220.4 (243.9)  ,  DataTime: 0.020 (0.007)  ,  ForwardTime: 0.118  ,  TotalTime: 0.145  ,  Loss/total: 0.84764  ,  Loss/giou: 0.21973  ,  Loss/l1: 0.01667  ,  Loss/location: 0.32479  ,  pro_loss: 0.00021  ,  IoU: 0.79666
[val: Epoch 50, 100 / 156] FPS: 232.4 (250.6)  ,  DataTime: 0.012 (0.007)  ,  ForwardTime: 0.118  ,  TotalTime: 0.138  ,  Loss/total: 0.82252  ,  Loss/giou: 0.21230  ,  Loss/l1: 0.01549  ,  Loss/location: 0.32038  ,  pro_loss: 0.00052  ,  IoU: 0.80141
[val: Epoch 50, 150 / 156] FPS: 236.7 (241.8)  ,  DataTime: 0.010 (0.007)  ,  ForwardTime: 0.118  ,  TotalTime: 0.135  ,  Loss/total: 0.81733  ,  Loss/giou: 0.21056  ,  Loss/l1: 0.01550  ,  Loss/location: 0.31859  ,  pro_loss: 0.00056  ,  IoU: 0.80269
[val: Epoch 50, 156 / 156] FPS: 237.2 (253.7)  ,  DataTime: 0.010 (0.007)  ,  ForwardTime: 0.118  ,  TotalTime: 0.135  ,  Loss/total: 0.81507  ,  Loss/giou: 0.20987  ,  Loss/l1: 0.01535  ,  Loss/location: 0.31848  ,  pro_loss: 0.00053  ,  IoU: 0.80305
