[train: Epoch 1, 50 / 625] FPS: 103.1 (112.4)  ,  DataTime: 0.026 (0.006)  ,  ForwardTime: 0.279  ,  TotalTime: 0.311  ,  Loss/total: 30.90538  ,  Loss/giou: 1.25968  ,  Loss/l1: 0.27663  ,  Loss/location: 26.90831  ,  pro_loss: 0.47292  ,  IoU: 0.06359
[train: Epoch 1, 100 / 625] FPS: 109.7 (117.4)  ,  DataTime: 0.015 (0.006)  ,  ForwardTime: 0.270  ,  TotalTime: 0.292  ,  Loss/total: 23.68917  ,  Loss/giou: 1.22467  ,  Loss/l1: 0.27366  ,  Loss/location: 19.78307  ,  pro_loss: 0.44244  ,  IoU: 0.06737
[train: Epoch 1, 150 / 625] FPS: 112.1 (118.1)  ,  DataTime: 0.012 (0.006)  ,  ForwardTime: 0.267  ,  TotalTime: 0.285  ,  Loss/total: 19.77157  ,  Loss/giou: 1.19660  ,  Loss/l1: 0.26723  ,  Loss/location: 15.95946  ,  pro_loss: 0.41381  ,  IoU: 0.07192
[train: Epoch 1, 200 / 625] FPS: 113.4 (118.0)  ,  DataTime: 0.010 (0.006)  ,  ForwardTime: 0.266  ,  TotalTime: 0.282  ,  Loss/total: 17.24399  ,  Loss/giou: 1.17132  ,  Loss/l1: 0.26131  ,  Loss/location: 13.51762  ,  pro_loss: 0.38580  ,  IoU: 0.07701
[train: Epoch 1, 250 / 625] FPS: 114.2 (117.6)  ,  DataTime: 0.009 (0.006)  ,  ForwardTime: 0.265  ,  TotalTime: 0.280  ,  Loss/total: 15.49612  ,  Loss/giou: 1.15181  ,  Loss/l1: 0.25573  ,  Loss/location: 11.84136  ,  pro_loss: 0.36244  ,  IoU: 0.08092
[train: Epoch 1, 300 / 625] FPS: 114.7 (116.7)  ,  DataTime: 0.008 (0.006)  ,  ForwardTime: 0.265  ,  TotalTime: 0.279  ,  Loss/total: 14.15161  ,  Loss/giou: 1.13244  ,  Loss/l1: 0.24828  ,  Loss/location: 10.57602  ,  pro_loss: 0.34649  ,  IoU: 0.08780
[train: Epoch 1, 350 / 625] FPS: 115.1 (117.8)  ,  DataTime: 0.008 (0.006)  ,  ForwardTime: 0.264  ,  TotalTime: 0.278  ,  Loss/total: 13.14207  ,  Loss/giou: 1.11673  ,  Loss/l1: 0.24098  ,  Loss/location: 9.63776  ,  pro_loss: 0.32978  ,  IoU: 0.09520
[train: Epoch 1, 400 / 625] FPS: 115.4 (117.0)  ,  DataTime: 0.007 (0.006)  ,  ForwardTime: 0.264  ,  TotalTime: 0.277  ,  Loss/total: 12.29414  ,  Loss/giou: 1.10126  ,  Loss/l1: 0.23403  ,  Loss/location: 8.85863  ,  pro_loss: 0.31424  ,  IoU: 0.10326
[train: Epoch 1, 450 / 625] FPS: 115.6 (116.2)  ,  DataTime: 0.007 (0.006)  ,  ForwardTime: 0.264  ,  TotalTime: 0.277  ,  Loss/total: 11.63810  ,  Loss/giou: 1.09101  ,  Loss/l1: 0.22888  ,  Loss/location: 8.25138  ,  pro_loss: 0.30142  ,  IoU: 0.10982
[train: Epoch 1, 500 / 625] FPS: 115.7 (116.7)  ,  DataTime: 0.007 (0.006)  ,  ForwardTime: 0.264  ,  TotalTime: 0.276  ,  Loss/total: 11.03287  ,  Loss/giou: 1.07774  ,  Loss/l1: 0.22267  ,  Loss/location: 7.70650  ,  pro_loss: 0.28779  ,  IoU: 0.11905
[train: Epoch 1, 550 / 625] FPS: 115.9 (117.9)  ,  DataTime: 0.007 (0.006)  ,  ForwardTime: 0.263  ,  TotalTime: 0.276  ,  Loss/total: 10.51540  ,  Loss/giou: 1.06454  ,  Loss/l1: 0.21641  ,  Loss/location: 7.25032  ,  pro_loss: 0.26978  ,  IoU: 0.12888
[train: Epoch 1, 600 / 625] FPS: 116.1 (118.0)  ,  DataTime: 0.007 (0.006)  ,  ForwardTime: 0.263  ,  TotalTime: 0.276  ,  Loss/total: 10.04526  ,  Loss/giou: 1.05102  ,  Loss/l1: 0.21046  ,  Loss/location: 6.84007  ,  pro_loss: 0.25420  ,  IoU: 0.13926
[train: Epoch 1, 625 / 625] FPS: 116.1 (119.1)  ,  DataTime: 0.006 (0.006)  ,  ForwardTime: 0.263  ,  TotalTime: 0.276  ,  Loss/total: 9.82940  ,  Loss/giou: 1.04486  ,  Loss/l1: 0.20756  ,  Loss/location: 6.65254  ,  pro_loss: 0.24673  ,  IoU: 0.14423
[train: Epoch 2, 50 / 625] FPS: 112.2 (117.9)  ,  DataTime: 0.018 (0.006)  ,  ForwardTime: 0.261  ,  TotalTime: 0.285  ,  Loss/total: 4.47193  ,  Loss/giou: 0.86070  ,  Loss/l1: 0.12719  ,  Loss/location: 2.10091  ,  pro_loss: 0.06852  ,  IoU: 0.28869
[train: Epoch 2, 100 / 625] FPS: 114.9 (117.6)  ,  DataTime: 0.011 (0.006)  ,  ForwardTime: 0.261  ,  TotalTime: 0.278  ,  Loss/total: 4.43939  ,  Loss/giou: 0.85995  ,  Loss/l1: 0.12693  ,  Loss/location: 2.07050  ,  pro_loss: 0.07162  ,  IoU: 0.29277
[train: Epoch 2, 150 / 625] FPS: 115.9 (118.4)  ,  DataTime: 0.009 (0.006)  ,  ForwardTime: 0.261  ,  TotalTime: 0.276  ,  Loss/total: 4.38545  ,  Loss/giou: 0.85911  ,  Loss/l1: 0.12812  ,  Loss/location: 2.01263  ,  pro_loss: 0.06988  ,  IoU: 0.29322
[train: Epoch 2, 200 / 625] FPS: 116.4 (117.9)  ,  DataTime: 0.008 (0.006)  ,  ForwardTime: 0.261  ,  TotalTime: 0.275  ,  Loss/total: 4.31800  ,  Loss/giou: 0.84935  ,  Loss/l1: 0.12589  ,  Loss/location: 1.97559  ,  pro_loss: 0.07118  ,  IoU: 0.29848
[train: Epoch 2, 250 / 625] FPS: 116.7 (118.1)  ,  DataTime: 0.007 (0.006)  ,  ForwardTime: 0.261  ,  TotalTime: 0.274  ,  Loss/total: 4.25343  ,  Loss/giou: 0.84128  ,  Loss/l1: 0.12397  ,  Loss/location: 1.93672  ,  pro_loss: 0.07141  ,  IoU: 0.30404
[train: Epoch 2, 300 / 625] FPS: 116.9 (117.7)  ,  DataTime: 0.007 (0.006)  ,  ForwardTime: 0.261  ,  TotalTime: 0.274  ,  Loss/total: 4.20133  ,  Loss/giou: 0.83752  ,  Loss/l1: 0.12320  ,  Loss/location: 1.89619  ,  pro_loss: 0.07039  ,  IoU: 0.30713
[train: Epoch 2, 350 / 625] FPS: 117.0 (117.9)  ,  DataTime: 0.007 (0.006)  ,  ForwardTime: 0.261  ,  TotalTime: 0.273  ,  Loss/total: 4.15057  ,  Loss/giou: 0.83319  ,  Loss/l1: 0.12284  ,  Loss/location: 1.85595  ,  pro_loss: 0.07010  ,  IoU: 0.31057
[train: Epoch 2, 400 / 625] FPS: 117.1 (118.0)  ,  DataTime: 0.006 (0.006)  ,  ForwardTime: 0.261  ,  TotalTime: 0.273  ,  Loss/total: 4.09848  ,  Loss/giou: 0.82697  ,  Loss/l1: 0.12196  ,  Loss/location: 1.82061  ,  pro_loss: 0.07075  ,  IoU: 0.31517
[train: Epoch 2, 450 / 625] FPS: 117.1 (117.9)  ,  DataTime: 0.006 (0.006)  ,  ForwardTime: 0.261  ,  TotalTime: 0.273  ,  Loss/total: 4.06658  ,  Loss/giou: 0.82311  ,  Loss/l1: 0.12122  ,  Loss/location: 1.79992  ,  pro_loss: 0.07176  ,  IoU: 0.31785
[train: Epoch 2, 500 / 625] FPS: 117.2 (117.1)  ,  DataTime: 0.006 (0.006)  ,  ForwardTime: 0.261  ,  TotalTime: 0.273  ,  Loss/total: 4.03386  ,  Loss/giou: 0.81979  ,  Loss/l1: 0.12055  ,  Loss/location: 1.77714  ,  pro_loss: 0.07180  ,  IoU: 0.32008
[train: Epoch 2, 550 / 625] FPS: 117.2 (118.2)  ,  DataTime: 0.006 (0.006)  ,  ForwardTime: 0.261  ,  TotalTime: 0.273  ,  Loss/total: 4.00120  ,  Loss/giou: 0.81683  ,  Loss/l1: 0.12023  ,  Loss/location: 1.75202  ,  pro_loss: 0.07170  ,  IoU: 0.32262
[train: Epoch 2, 600 / 625] FPS: 117.3 (113.3)  ,  DataTime: 0.006 (0.006)  ,  ForwardTime: 0.261  ,  TotalTime: 0.273  ,  Loss/total: 3.96430  ,  Loss/giou: 0.81212  ,  Loss/l1: 0.11939  ,  Loss/location: 1.72879  ,  pro_loss: 0.07173  ,  IoU: 0.32564
[train: Epoch 2, 625 / 625] FPS: 117.3 (119.1)  ,  DataTime: 0.006 (0.006)  ,  ForwardTime: 0.261  ,  TotalTime: 0.273  ,  Loss/total: 3.94529  ,  Loss/giou: 0.80974  ,  Loss/l1: 0.11898  ,  Loss/location: 1.71654  ,  pro_loss: 0.07183  ,  IoU: 0.32739
[train: Epoch 3, 50 / 625] FPS: 112.3 (117.6)  ,  DataTime: 0.018 (0.006)  ,  ForwardTime: 0.261  ,  TotalTime: 0.285  ,  Loss/total: 3.55342  ,  Loss/giou: 0.76010  ,  Loss/l1: 0.11015  ,  Loss/location: 1.46732  ,  pro_loss: 0.07580  ,  IoU: 0.36428
[train: Epoch 3, 100 / 625] FPS: 115.0 (118.3)  ,  DataTime: 0.011 (0.006)  ,  ForwardTime: 0.261  ,  TotalTime: 0.278  ,  Loss/total: 3.53507  ,  Loss/giou: 0.76722  ,  Loss/l1: 0.10967  ,  Loss/location: 1.43758  ,  pro_loss: 0.07342  ,  IoU: 0.35777
[train: Epoch 3, 150 / 625] FPS: 116.0 (117.7)  ,  DataTime: 0.009 (0.006)  ,  ForwardTime: 0.261  ,  TotalTime: 0.276  ,  Loss/total: 3.53541  ,  Loss/giou: 0.76940  ,  Loss/l1: 0.11199  ,  Loss/location: 1.42218  ,  pro_loss: 0.07233  ,  IoU: 0.35645
[train: Epoch 3, 200 / 625] FPS: 116.5 (118.2)  ,  DataTime: 0.008 (0.006)  ,  ForwardTime: 0.261  ,  TotalTime: 0.275  ,  Loss/total: 3.51585  ,  Loss/giou: 0.76685  ,  Loss/l1: 0.11178  ,  Loss/location: 1.40896  ,  pro_loss: 0.07154  ,  IoU: 0.35881
[train: Epoch 3, 250 / 625] FPS: 116.7 (117.4)  ,  DataTime: 0.007 (0.006)  ,  ForwardTime: 0.261  ,  TotalTime: 0.274  ,  Loss/total: 3.49449  ,  Loss/giou: 0.76436  ,  Loss/l1: 0.11112  ,  Loss/location: 1.39609  ,  pro_loss: 0.07037  ,  IoU: 0.36015
[train: Epoch 3, 300 / 625] FPS: 116.9 (117.3)  ,  DataTime: 0.007 (0.006)  ,  ForwardTime: 0.261  ,  TotalTime: 0.274  ,  Loss/total: 3.48101  ,  Loss/giou: 0.76168  ,  Loss/l1: 0.11053  ,  Loss/location: 1.39085  ,  pro_loss: 0.07082  ,  IoU: 0.36169
[train: Epoch 3, 350 / 625] FPS: 117.0 (118.4)  ,  DataTime: 0.006 (0.006)  ,  ForwardTime: 0.261  ,  TotalTime: 0.273  ,  Loss/total: 3.46231  ,  Loss/giou: 0.75902  ,  Loss/l1: 0.11007  ,  Loss/location: 1.37948  ,  pro_loss: 0.07211  ,  IoU: 0.36401
[train: Epoch 3, 400 / 625] FPS: 117.1 (117.8)  ,  DataTime: 0.006 (0.006)  ,  ForwardTime: 0.261  ,  TotalTime: 0.273  ,  Loss/total: 3.45569  ,  Loss/giou: 0.75826  ,  Loss/l1: 0.10979  ,  Loss/location: 1.37578  ,  pro_loss: 0.07214  ,  IoU: 0.36459
[train: Epoch 3, 450 / 625] FPS: 117.2 (116.0)  ,  DataTime: 0.006 (0.006)  ,  ForwardTime: 0.261  ,  TotalTime: 0.273  ,  Loss/total: 3.44218  ,  Loss/giou: 0.75646  ,  Loss/l1: 0.10943  ,  Loss/location: 1.36769  ,  pro_loss: 0.07214  ,  IoU: 0.36581
[train: Epoch 3, 500 / 625] FPS: 117.2 (118.3)  ,  DataTime: 0.006 (0.006)  ,  ForwardTime: 0.261  ,  TotalTime: 0.273  ,  Loss/total: 3.42556  ,  Loss/giou: 0.75429  ,  Loss/l1: 0.10900  ,  Loss/location: 1.35751  ,  pro_loss: 0.07237  ,  IoU: 0.36731
[train: Epoch 3, 550 / 625] FPS: 117.3 (118.1)  ,  DataTime: 0.006 (0.006)  ,  ForwardTime: 0.261  ,  TotalTime: 0.273  ,  Loss/total: 3.41401  ,  Loss/giou: 0.75281  ,  Loss/l1: 0.10890  ,  Loss/location: 1.34936  ,  pro_loss: 0.07263  ,  IoU: 0.36811
[train: Epoch 3, 600 / 625] FPS: 117.4 (117.3)  ,  DataTime: 0.006 (0.006)  ,  ForwardTime: 0.261  ,  TotalTime: 0.273  ,  Loss/total: 3.39943  ,  Loss/giou: 0.75077  ,  Loss/l1: 0.10869  ,  Loss/location: 1.33993  ,  pro_loss: 0.07271  ,  IoU: 0.36980
[train: Epoch 3, 625 / 625] FPS: 117.4 (119.2)  ,  DataTime: 0.006 (0.006)  ,  ForwardTime: 0.261  ,  TotalTime: 0.273  ,  Loss/total: 3.39778  ,  Loss/giou: 0.75122  ,  Loss/l1: 0.10882  ,  Loss/location: 1.33664  ,  pro_loss: 0.07302  ,  IoU: 0.36956
[train: Epoch 4, 50 / 625] FPS: 112.2 (118.4)  ,  DataTime: 0.018 (0.006)  ,  ForwardTime: 0.261  ,  TotalTime: 0.285  ,  Loss/total: 3.18145  ,  Loss/giou: 0.70985  ,  Loss/l1: 0.10504  ,  Loss/location: 1.22174  ,  pro_loss: 0.07415  ,  IoU: 0.40003
[train: Epoch 4, 100 / 625] FPS: 115.0 (118.6)  ,  DataTime: 0.011 (0.006)  ,  ForwardTime: 0.261  ,  TotalTime: 0.278  ,  Loss/total: 3.16181  ,  Loss/giou: 0.70898  ,  Loss/l1: 0.10311  ,  Loss/location: 1.21328  ,  pro_loss: 0.07519  ,  IoU: 0.39768
[train: Epoch 4, 150 / 625] FPS: 115.9 (118.0)  ,  DataTime: 0.009 (0.006)  ,  ForwardTime: 0.261  ,  TotalTime: 0.276  ,  Loss/total: 3.18062  ,  Loss/giou: 0.71418  ,  Loss/l1: 0.10433  ,  Loss/location: 1.21560  ,  pro_loss: 0.07507  ,  IoU: 0.39463
[train: Epoch 4, 200 / 625] FPS: 116.4 (117.2)  ,  DataTime: 0.008 (0.006)  ,  ForwardTime: 0.261  ,  TotalTime: 0.275  ,  Loss/total: 3.17700  ,  Loss/giou: 0.71478  ,  Loss/l1: 0.10369  ,  Loss/location: 1.21423  ,  pro_loss: 0.07376  ,  IoU: 0.39341
[train: Epoch 4, 250 / 625] FPS: 116.6 (117.9)  ,  DataTime: 0.007 (0.006)  ,  ForwardTime: 0.261  ,  TotalTime: 0.274  ,  Loss/total: 3.16325  ,  Loss/giou: 0.71195  ,  Loss/l1: 0.10279  ,  Loss/location: 1.21059  ,  pro_loss: 0.07411  ,  IoU: 0.39534
[train: Epoch 4, 300 / 625] FPS: 116.8 (117.8)  ,  DataTime: 0.007 (0.006)  ,  ForwardTime: 0.261  ,  TotalTime: 0.274  ,  Loss/total: 3.17200  ,  Loss/giou: 0.71472  ,  Loss/l1: 0.10330  ,  Loss/location: 1.21149  ,  pro_loss: 0.07291  ,  IoU: 0.39308
[train: Epoch 4, 350 / 625] FPS: 116.9 (118.2)  ,  DataTime: 0.007 (0.006)  ,  ForwardTime: 0.261  ,  TotalTime: 0.274  ,  Loss/total: 3.17007  ,  Loss/giou: 0.71530  ,  Loss/l1: 0.10318  ,  Loss/location: 1.20907  ,  pro_loss: 0.07247  ,  IoU: 0.39237
[train: Epoch 4, 400 / 625] FPS: 117.0 (117.5)  ,  DataTime: 0.006 (0.006)  ,  ForwardTime: 0.261  ,  TotalTime: 0.273  ,  Loss/total: 3.16004  ,  Loss/giou: 0.71393  ,  Loss/l1: 0.10279  ,  Loss/location: 1.20372  ,  pro_loss: 0.07259  ,  IoU: 0.39382
[train: Epoch 4, 450 / 625] FPS: 117.1 (117.6)  ,  DataTime: 0.006 (0.006)  ,  ForwardTime: 0.261  ,  TotalTime: 0.273  ,  Loss/total: 3.16024  ,  Loss/giou: 0.71479  ,  Loss/l1: 0.10303  ,  Loss/location: 1.20109  ,  pro_loss: 0.07219  ,  IoU: 0.39369
[train: Epoch 4, 500 / 625] FPS: 117.2 (117.4)  ,  DataTime: 0.006 (0.006)  ,  ForwardTime: 0.261  ,  TotalTime: 0.273  ,  Loss/total: 3.16126  ,  Loss/giou: 0.71552  ,  Loss/l1: 0.10314  ,  Loss/location: 1.20001  ,  pro_loss: 0.07255  ,  IoU: 0.39343
[train: Epoch 4, 550 / 625] FPS: 117.2 (117.7)  ,  DataTime: 0.006 (0.006)  ,  ForwardTime: 0.261  ,  TotalTime: 0.273  ,  Loss/total: 3.15594  ,  Loss/giou: 0.71473  ,  Loss/l1: 0.10319  ,  Loss/location: 1.19593  ,  pro_loss: 0.07290  ,  IoU: 0.39418
[train: Epoch 4, 600 / 625] FPS: 117.3 (117.9)  ,  DataTime: 0.006 (0.006)  ,  ForwardTime: 0.261  ,  TotalTime: 0.273  ,  Loss/total: 3.14572  ,  Loss/giou: 0.71314  ,  Loss/l1: 0.10275  ,  Loss/location: 1.19099  ,  pro_loss: 0.07338  ,  IoU: 0.39540
[train: Epoch 4, 625 / 625] FPS: 117.3 (119.1)  ,  DataTime: 0.006 (0.006)  ,  ForwardTime: 0.261  ,  TotalTime: 0.273  ,  Loss/total: 3.14283  ,  Loss/giou: 0.71263  ,  Loss/l1: 0.10266  ,  Loss/location: 1.18956  ,  pro_loss: 0.07351  ,  IoU: 0.39583
[train: Epoch 5, 50 / 625] FPS: 112.5 (117.8)  ,  DataTime: 0.017 (0.006)  ,  ForwardTime: 0.261  ,  TotalTime: 0.284  ,  Loss/total: 3.09410  ,  Loss/giou: 0.70847  ,  Loss/l1: 0.10395  ,  Loss/location: 1.14144  ,  pro_loss: 0.07995  ,  IoU: 0.40121
[train: Epoch 5, 100 / 625] FPS: 115.2 (117.7)  ,  DataTime: 0.011 (0.006)  ,  ForwardTime: 0.261  ,  TotalTime: 0.278  ,  Loss/total: 3.03484  ,  Loss/giou: 0.69245  ,  Loss/l1: 0.10032  ,  Loss/location: 1.13230  ,  pro_loss: 0.08027  ,  IoU: 0.41304
[train: Epoch 5, 150 / 625] FPS: 116.1 (117.8)  ,  DataTime: 0.009 (0.006)  ,  ForwardTime: 0.261  ,  TotalTime: 0.276  ,  Loss/total: 3.04978  ,  Loss/giou: 0.69840  ,  Loss/l1: 0.10080  ,  Loss/location: 1.13317  ,  pro_loss: 0.07906  ,  IoU: 0.40977
[train: Epoch 5, 200 / 625] FPS: 116.6 (118.3)  ,  DataTime: 0.008 (0.006)  ,  ForwardTime: 0.261  ,  TotalTime: 0.275  ,  Loss/total: 3.04930  ,  Loss/giou: 0.69971  ,  Loss/l1: 0.10088  ,  Loss/location: 1.13001  ,  pro_loss: 0.07735  ,  IoU: 0.40897
[train: Epoch 5, 250 / 625] FPS: 116.8 (118.2)  ,  DataTime: 0.007 (0.006)  ,  ForwardTime: 0.261  ,  TotalTime: 0.274  ,  Loss/total: 3.05980  ,  Loss/giou: 0.70227  ,  Loss/l1: 0.10152  ,  Loss/location: 1.13241  ,  pro_loss: 0.07630  ,  IoU: 0.40604
[train: Epoch 5, 300 / 625] FPS: 117.0 (117.7)  ,  DataTime: 0.007 (0.006)  ,  ForwardTime: 0.261  ,  TotalTime: 0.273  ,  Loss/total: 3.05533  ,  Loss/giou: 0.70170  ,  Loss/l1: 0.10114  ,  Loss/location: 1.13094  ,  pro_loss: 0.07643  ,  IoU: 0.40667
[train: Epoch 5, 350 / 625] FPS: 117.1 (118.0)  ,  DataTime: 0.006 (0.006)  ,  ForwardTime: 0.261  ,  TotalTime: 0.273  ,  Loss/total: 3.04451  ,  Loss/giou: 0.69889  ,  Loss/l1: 0.10073  ,  Loss/location: 1.12756  ,  pro_loss: 0.07753  ,  IoU: 0.40883
[train: Epoch 5, 400 / 625] FPS: 117.1 (118.3)  ,  DataTime: 0.006 (0.006)  ,  ForwardTime: 0.262  ,  TotalTime: 0.273  ,  Loss/total: 3.04957  ,  Loss/giou: 0.70026  ,  Loss/l1: 0.10076  ,  Loss/location: 1.12973  ,  pro_loss: 0.07766  ,  IoU: 0.40794
[train: Epoch 5, 450 / 625] FPS: 117.1 (117.7)  ,  DataTime: 0.006 (0.006)  ,  ForwardTime: 0.262  ,  TotalTime: 0.273  ,  Loss/total: 3.04747  ,  Loss/giou: 0.69980  ,  Loss/l1: 0.10060  ,  Loss/location: 1.12929  ,  pro_loss: 0.07799  ,  IoU: 0.40824
[train: Epoch 5, 500 / 625] FPS: 117.2 (117.8)  ,  DataTime: 0.006 (0.006)  ,  ForwardTime: 0.262  ,  TotalTime: 0.273  ,  Loss/total: 3.04279  ,  Loss/giou: 0.69880  ,  Loss/l1: 0.10024  ,  Loss/location: 1.12844  ,  pro_loss: 0.07770  ,  IoU: 0.40898
[train: Epoch 5, 550 / 625] FPS: 117.2 (118.2)  ,  DataTime: 0.006 (0.006)  ,  ForwardTime: 0.262  ,  TotalTime: 0.273  ,  Loss/total: 3.03491  ,  Loss/giou: 0.69751  ,  Loss/l1: 0.10009  ,  Loss/location: 1.12395  ,  pro_loss: 0.07735  ,  IoU: 0.41019
[train: Epoch 5, 600 / 625] FPS: 117.3 (118.2)  ,  DataTime: 0.006 (0.006)  ,  ForwardTime: 0.262  ,  TotalTime: 0.273  ,  Loss/total: 3.02297  ,  Loss/giou: 0.69547  ,  Loss/l1: 0.09940  ,  Loss/location: 1.11965  ,  pro_loss: 0.07683  ,  IoU: 0.41141
[train: Epoch 5, 625 / 625] FPS: 117.3 (119.1)  ,  DataTime: 0.006 (0.006)  ,  ForwardTime: 0.261  ,  TotalTime: 0.273  ,  Loss/total: 3.02017  ,  Loss/giou: 0.69505  ,  Loss/l1: 0.09931  ,  Loss/location: 1.11819  ,  pro_loss: 0.07675  ,  IoU: 0.41170
[val: Epoch 5, 50 / 156] FPS: 220.1 (245.5)  ,  DataTime: 0.019 (0.007)  ,  ForwardTime: 0.119  ,  TotalTime: 0.145  ,  Loss/total: 1.69087  ,  Loss/giou: 0.40368  ,  Loss/l1: 0.04182  ,  Loss/location: 0.67442  ,  pro_loss: 0.00008  ,  IoU: 0.64437
[val: Epoch 5, 100 / 156] FPS: 231.2 (248.5)  ,  DataTime: 0.012 (0.007)  ,  ForwardTime: 0.119  ,  TotalTime: 0.138  ,  Loss/total: 1.66459  ,  Loss/giou: 0.39906  ,  Loss/l1: 0.04034  ,  Loss/location: 0.66477  ,  pro_loss: 0.00007  ,  IoU: 0.64683
[val: Epoch 5, 150 / 156] FPS: 235.5 (246.6)  ,  DataTime: 0.010 (0.007)  ,  ForwardTime: 0.119  ,  TotalTime: 0.136  ,  Loss/total: 1.69485  ,  Loss/giou: 0.40701  ,  Loss/l1: 0.04181  ,  Loss/location: 0.67176  ,  pro_loss: 0.00007  ,  IoU: 0.64135
[val: Epoch 5, 156 / 156] FPS: 236.0 (248.0)  ,  DataTime: 0.009 (0.007)  ,  ForwardTime: 0.119  ,  TotalTime: 0.136  ,  Loss/total: 1.69639  ,  Loss/giou: 0.40774  ,  Loss/l1: 0.04200  ,  Loss/location: 0.67088  ,  pro_loss: 0.00007  ,  IoU: 0.64103
[train: Epoch 6, 50 / 625] FPS: 112.5 (117.1)  ,  DataTime: 0.017 (0.006)  ,  ForwardTime: 0.261  ,  TotalTime: 0.284  ,  Loss/total: 3.05517  ,  Loss/giou: 0.70188  ,  Loss/l1: 0.10030  ,  Loss/location: 1.13391  ,  pro_loss: 0.08010  ,  IoU: 0.40749
[train: Epoch 6, 100 / 625] FPS: 115.2 (117.8)  ,  DataTime: 0.011 (0.006)  ,  ForwardTime: 0.261  ,  TotalTime: 0.278  ,  Loss/total: 3.02504  ,  Loss/giou: 0.69568  ,  Loss/l1: 0.09917  ,  Loss/location: 1.12202  ,  pro_loss: 0.07916  ,  IoU: 0.40859
[train: Epoch 6, 150 / 625] FPS: 116.0 (118.1)  ,  DataTime: 0.009 (0.006)  ,  ForwardTime: 0.262  ,  TotalTime: 0.276  ,  Loss/total: 3.00114  ,  Loss/giou: 0.69213  ,  Loss/l1: 0.09797  ,  Loss/location: 1.11148  ,  pro_loss: 0.07761  ,  IoU: 0.41248
[train: Epoch 6, 200 / 625] FPS: 116.4 (117.3)  ,  DataTime: 0.008 (0.006)  ,  ForwardTime: 0.262  ,  TotalTime: 0.275  ,  Loss/total: 2.99845  ,  Loss/giou: 0.69123  ,  Loss/l1: 0.09816  ,  Loss/location: 1.11003  ,  pro_loss: 0.07580  ,  IoU: 0.41353
[train: Epoch 6, 250 / 625] FPS: 116.7 (118.1)  ,  DataTime: 0.007 (0.006)  ,  ForwardTime: 0.262  ,  TotalTime: 0.274  ,  Loss/total: 2.97974  ,  Loss/giou: 0.68692  ,  Loss/l1: 0.09785  ,  Loss/location: 1.10151  ,  pro_loss: 0.07563  ,  IoU: 0.41625
[train: Epoch 6, 300 / 625] FPS: 116.9 (117.8)  ,  DataTime: 0.007 (0.006)  ,  ForwardTime: 0.262  ,  TotalTime: 0.274  ,  Loss/total: 2.96194  ,  Loss/giou: 0.68309  ,  Loss/l1: 0.09748  ,  Loss/location: 1.09316  ,  pro_loss: 0.07616  ,  IoU: 0.41938
[train: Epoch 6, 350 / 625] FPS: 117.0 (117.5)  ,  DataTime: 0.006 (0.006)  ,  ForwardTime: 0.262  ,  TotalTime: 0.273  ,  Loss/total: 2.95445  ,  Loss/giou: 0.68192  ,  Loss/l1: 0.09730  ,  Loss/location: 1.08890  ,  pro_loss: 0.07612  ,  IoU: 0.42033
[train: Epoch 6, 400 / 625] FPS: 117.1 (117.3)  ,  DataTime: 0.006 (0.006)  ,  ForwardTime: 0.262  ,  TotalTime: 0.273  ,  Loss/total: 2.94814  ,  Loss/giou: 0.68047  ,  Loss/l1: 0.09702  ,  Loss/location: 1.08674  ,  pro_loss: 0.07678  ,  IoU: 0.42164
[train: Epoch 6, 450 / 625] FPS: 117.1 (118.0)  ,  DataTime: 0.006 (0.006)  ,  ForwardTime: 0.262  ,  TotalTime: 0.273  ,  Loss/total: 2.94000  ,  Loss/giou: 0.67902  ,  Loss/l1: 0.09672  ,  Loss/location: 1.08297  ,  pro_loss: 0.07707  ,  IoU: 0.42289
[train: Epoch 6, 500 / 625] FPS: 117.2 (118.0)  ,  DataTime: 0.006 (0.006)  ,  ForwardTime: 0.262  ,  TotalTime: 0.273  ,  Loss/total: 2.93988  ,  Loss/giou: 0.67927  ,  Loss/l1: 0.09689  ,  Loss/location: 1.08142  ,  pro_loss: 0.07728  ,  IoU: 0.42290
[train: Epoch 6, 550 / 625] FPS: 117.2 (117.2)  ,  DataTime: 0.006 (0.006)  ,  ForwardTime: 0.262  ,  TotalTime: 0.273  ,  Loss/total: 2.93509  ,  Loss/giou: 0.67863  ,  Loss/l1: 0.09698  ,  Loss/location: 1.07734  ,  pro_loss: 0.07791  ,  IoU: 0.42331
[train: Epoch 6, 600 / 625] FPS: 117.3 (117.8)  ,  DataTime: 0.006 (0.006)  ,  ForwardTime: 0.262  ,  TotalTime: 0.273  ,  Loss/total: 2.92835  ,  Loss/giou: 0.67737  ,  Loss/l1: 0.09678  ,  Loss/location: 1.07410  ,  pro_loss: 0.07813  ,  IoU: 0.42386
[train: Epoch 6, 625 / 625] FPS: 117.3 (118.8)  ,  DataTime: 0.006 (0.006)  ,  ForwardTime: 0.262  ,  TotalTime: 0.273  ,  Loss/total: 2.92570  ,  Loss/giou: 0.67699  ,  Loss/l1: 0.09663  ,  Loss/location: 1.07289  ,  pro_loss: 0.07828  ,  IoU: 0.42412
[train: Epoch 7, 50 / 625] FPS: 112.7 (117.4)  ,  DataTime: 0.017 (0.006)  ,  ForwardTime: 0.261  ,  TotalTime: 0.284  ,  Loss/total: 2.82177  ,  Loss/giou: 0.66055  ,  Loss/l1: 0.09171  ,  Loss/location: 1.02652  ,  pro_loss: 0.07804  ,  IoU: 0.43341
[train: Epoch 7, 100 / 625] FPS: 115.0 (116.7)  ,  DataTime: 0.011 (0.006)  ,  ForwardTime: 0.262  ,  TotalTime: 0.278  ,  Loss/total: 2.85733  ,  Loss/giou: 0.66782  ,  Loss/l1: 0.09439  ,  Loss/location: 1.03333  ,  pro_loss: 0.08218  ,  IoU: 0.43115
[train: Epoch 7, 150 / 625] FPS: 115.9 (117.7)  ,  DataTime: 0.009 (0.006)  ,  ForwardTime: 0.262  ,  TotalTime: 0.276  ,  Loss/total: 2.87629  ,  Loss/giou: 0.67058  ,  Loss/l1: 0.09556  ,  Loss/location: 1.04077  ,  pro_loss: 0.08287  ,  IoU: 0.42977
[train: Epoch 7, 200 / 625] FPS: 116.3 (117.9)  ,  DataTime: 0.008 (0.006)  ,  ForwardTime: 0.262  ,  TotalTime: 0.275  ,  Loss/total: 2.87300  ,  Loss/giou: 0.66966  ,  Loss/l1: 0.09559  ,  Loss/location: 1.03952  ,  pro_loss: 0.08107  ,  IoU: 0.42973
[train: Epoch 7, 250 / 625] FPS: 116.6 (118.1)  ,  DataTime: 0.007 (0.006)  ,  ForwardTime: 0.261  ,  TotalTime: 0.274  ,  Loss/total: 2.86531  ,  Loss/giou: 0.66729  ,  Loss/l1: 0.09502  ,  Loss/location: 1.03972  ,  pro_loss: 0.07946  ,  IoU: 0.43111
[train: Epoch 7, 300 / 625] FPS: 116.8 (117.9)  ,  DataTime: 0.007 (0.006)  ,  ForwardTime: 0.261  ,  TotalTime: 0.274  ,  Loss/total: 2.86730  ,  Loss/giou: 0.66738  ,  Loss/l1: 0.09502  ,  Loss/location: 1.04167  ,  pro_loss: 0.07883  ,  IoU: 0.43007
[train: Epoch 7, 350 / 625] FPS: 116.9 (117.5)  ,  DataTime: 0.006 (0.006)  ,  ForwardTime: 0.261  ,  TotalTime: 0.274  ,  Loss/total: 2.85490  ,  Loss/giou: 0.66466  ,  Loss/l1: 0.09442  ,  Loss/location: 1.03782  ,  pro_loss: 0.07841  ,  IoU: 0.43187
[train: Epoch 7, 400 / 625] FPS: 117.1 (118.8)  ,  DataTime: 0.006 (0.006)  ,  ForwardTime: 0.261  ,  TotalTime: 0.273  ,  Loss/total: 2.86102  ,  Loss/giou: 0.66634  ,  Loss/l1: 0.09469  ,  Loss/location: 1.03920  ,  pro_loss: 0.07844  ,  IoU: 0.43104
[train: Epoch 7, 450 / 625] FPS: 117.1 (118.1)  ,  DataTime: 0.006 (0.006)  ,  ForwardTime: 0.261  ,  TotalTime: 0.273  ,  Loss/total: 2.86091  ,  Loss/giou: 0.66616  ,  Loss/l1: 0.09466  ,  Loss/location: 1.03935  ,  pro_loss: 0.07982  ,  IoU: 0.43118
[train: Epoch 7, 500 / 625] FPS: 117.2 (118.3)  ,  DataTime: 0.006 (0.006)  ,  ForwardTime: 0.261  ,  TotalTime: 0.273  ,  Loss/total: 2.85896  ,  Loss/giou: 0.66586  ,  Loss/l1: 0.09436  ,  Loss/location: 1.03933  ,  pro_loss: 0.08062  ,  IoU: 0.43126
[train: Epoch 7, 550 / 625] FPS: 117.2 (117.2)  ,  DataTime: 0.006 (0.006)  ,  ForwardTime: 0.261  ,  TotalTime: 0.273  ,  Loss/total: 2.85371  ,  Loss/giou: 0.66490  ,  Loss/l1: 0.09413  ,  Loss/location: 1.03708  ,  pro_loss: 0.08089  ,  IoU: 0.43212
[train: Epoch 7, 600 / 625] FPS: 117.3 (118.2)  ,  DataTime: 0.006 (0.006)  ,  ForwardTime: 0.262  ,  TotalTime: 0.273  ,  Loss/total: 2.84935  ,  Loss/giou: 0.66407  ,  Loss/l1: 0.09401  ,  Loss/location: 1.03502  ,  pro_loss: 0.08072  ,  IoU: 0.43245
[train: Epoch 7, 625 / 625] FPS: 117.3 (119.2)  ,  DataTime: 0.006 (0.006)  ,  ForwardTime: 0.261  ,  TotalTime: 0.273  ,  Loss/total: 2.84971  ,  Loss/giou: 0.66383  ,  Loss/l1: 0.09395  ,  Loss/location: 1.03613  ,  pro_loss: 0.08093  ,  IoU: 0.43270
[train: Epoch 8, 50 / 625] FPS: 112.6 (118.3)  ,  DataTime: 0.017 (0.006)  ,  ForwardTime: 0.261  ,  TotalTime: 0.284  ,  Loss/total: 2.87773  ,  Loss/giou: 0.67219  ,  Loss/l1: 0.09762  ,  Loss/location: 1.03077  ,  pro_loss: 0.07234  ,  IoU: 0.43003
[train: Epoch 8, 100 / 625] FPS: 115.1 (116.8)  ,  DataTime: 0.011 (0.006)  ,  ForwardTime: 0.261  ,  TotalTime: 0.278  ,  Loss/total: 2.86397  ,  Loss/giou: 0.66786  ,  Loss/l1: 0.09638  ,  Loss/location: 1.03158  ,  pro_loss: 0.07372  ,  IoU: 0.43236
[train: Epoch 8, 150 / 625] FPS: 116.0 (118.2)  ,  DataTime: 0.009 (0.006)  ,  ForwardTime: 0.261  ,  TotalTime: 0.276  ,  Loss/total: 2.84638  ,  Loss/giou: 0.66445  ,  Loss/l1: 0.09473  ,  Loss/location: 1.02867  ,  pro_loss: 0.07570  ,  IoU: 0.43709
[train: Epoch 8, 200 / 625] FPS: 116.4 (118.0)  ,  DataTime: 0.008 (0.006)  ,  ForwardTime: 0.261  ,  TotalTime: 0.275  ,  Loss/total: 2.83301  ,  Loss/giou: 0.66204  ,  Loss/l1: 0.09412  ,  Loss/location: 1.02308  ,  pro_loss: 0.07642  ,  IoU: 0.43950
[train: Epoch 8, 250 / 625] FPS: 116.7 (117.5)  ,  DataTime: 0.007 (0.006)  ,  ForwardTime: 0.261  ,  TotalTime: 0.274  ,  Loss/total: 2.82703  ,  Loss/giou: 0.66056  ,  Loss/l1: 0.09388  ,  Loss/location: 1.02106  ,  pro_loss: 0.07724  ,  IoU: 0.44024
[train: Epoch 8, 300 / 625] FPS: 116.9 (117.8)  ,  DataTime: 0.007 (0.006)  ,  ForwardTime: 0.261  ,  TotalTime: 0.274  ,  Loss/total: 2.83079  ,  Loss/giou: 0.66233  ,  Loss/l1: 0.09447  ,  Loss/location: 1.01819  ,  pro_loss: 0.07785  ,  IoU: 0.43849
[train: Epoch 8, 350 / 625] FPS: 117.0 (117.6)  ,  DataTime: 0.006 (0.006)  ,  ForwardTime: 0.261  ,  TotalTime: 0.273  ,  Loss/total: 2.83719  ,  Loss/giou: 0.66351  ,  Loss/l1: 0.09475  ,  Loss/location: 1.02079  ,  pro_loss: 0.07826  ,  IoU: 0.43735
[train: Epoch 8, 400 / 625] FPS: 117.1 (118.4)  ,  DataTime: 0.006 (0.006)  ,  ForwardTime: 0.261  ,  TotalTime: 0.273  ,  Loss/total: 2.82635  ,  Loss/giou: 0.66093  ,  Loss/l1: 0.09415  ,  Loss/location: 1.01800  ,  pro_loss: 0.07862  ,  IoU: 0.43859
[train: Epoch 8, 450 / 625] FPS: 117.2 (118.2)  ,  DataTime: 0.006 (0.006)  ,  ForwardTime: 0.261  ,  TotalTime: 0.273  ,  Loss/total: 2.82447  ,  Loss/giou: 0.66052  ,  Loss/l1: 0.09408  ,  Loss/location: 1.01718  ,  pro_loss: 0.07920  ,  IoU: 0.43833
[train: Epoch 8, 500 / 625] FPS: 117.2 (117.5)  ,  DataTime: 0.006 (0.006)  ,  ForwardTime: 0.261  ,  TotalTime: 0.273  ,  Loss/total: 2.82153  ,  Loss/giou: 0.65963  ,  Loss/l1: 0.09402  ,  Loss/location: 1.01618  ,  pro_loss: 0.08000  ,  IoU: 0.43884
[train: Epoch 8, 550 / 625] FPS: 117.3 (117.9)  ,  DataTime: 0.006 (0.006)  ,  ForwardTime: 0.261  ,  TotalTime: 0.273  ,  Loss/total: 2.81332  ,  Loss/giou: 0.65755  ,  Loss/l1: 0.09367  ,  Loss/location: 1.01368  ,  pro_loss: 0.08080  ,  IoU: 0.44037
[train: Epoch 8, 600 / 625] FPS: 117.3 (117.7)  ,  DataTime: 0.006 (0.006)  ,  ForwardTime: 0.261  ,  TotalTime: 0.273  ,  Loss/total: 2.81143  ,  Loss/giou: 0.65718  ,  Loss/l1: 0.09359  ,  Loss/location: 1.01293  ,  pro_loss: 0.08087  ,  IoU: 0.44087
[train: Epoch 8, 625 / 625] FPS: 117.3 (119.1)  ,  DataTime: 0.006 (0.006)  ,  ForwardTime: 0.261  ,  TotalTime: 0.273  ,  Loss/total: 2.80680  ,  Loss/giou: 0.65600  ,  Loss/l1: 0.09334  ,  Loss/location: 1.01196  ,  pro_loss: 0.08077  ,  IoU: 0.44155
[train: Epoch 9, 50 / 625] FPS: 112.3 (118.0)  ,  DataTime: 0.018 (0.006)  ,  ForwardTime: 0.261  ,  TotalTime: 0.285  ,  Loss/total: 2.75398  ,  Loss/giou: 0.64134  ,  Loss/l1: 0.08969  ,  Loss/location: 1.00540  ,  pro_loss: 0.08733  ,  IoU: 0.44539
[train: Epoch 9, 100 / 625] FPS: 115.0 (118.0)  ,  DataTime: 0.011 (0.006)  ,  ForwardTime: 0.261  ,  TotalTime: 0.278  ,  Loss/total: 2.77990  ,  Loss/giou: 0.65244  ,  Loss/l1: 0.09177  ,  Loss/location: 0.99862  ,  pro_loss: 0.08778  ,  IoU: 0.44004
[train: Epoch 9, 150 / 625] FPS: 115.9 (117.0)  ,  DataTime: 0.009 (0.006)  ,  ForwardTime: 0.261  ,  TotalTime: 0.276  ,  Loss/total: 2.78244  ,  Loss/giou: 0.65083  ,  Loss/l1: 0.09246  ,  Loss/location: 1.00097  ,  pro_loss: 0.08766  ,  IoU: 0.44195
[train: Epoch 9, 200 / 625] FPS: 116.3 (117.3)  ,  DataTime: 0.008 (0.006)  ,  ForwardTime: 0.261  ,  TotalTime: 0.275  ,  Loss/total: 2.77078  ,  Loss/giou: 0.64796  ,  Loss/l1: 0.09222  ,  Loss/location: 0.99619  ,  pro_loss: 0.08780  ,  IoU: 0.44531
[train: Epoch 9, 250 / 625] FPS: 116.5 (117.6)  ,  DataTime: 0.007 (0.006)  ,  ForwardTime: 0.262  ,  TotalTime: 0.275  ,  Loss/total: 2.74761  ,  Loss/giou: 0.64279  ,  Loss/l1: 0.09125  ,  Loss/location: 0.98852  ,  pro_loss: 0.08637  ,  IoU: 0.44888
[train: Epoch 9, 300 / 625] FPS: 116.7 (117.7)  ,  DataTime: 0.007 (0.006)  ,  ForwardTime: 0.262  ,  TotalTime: 0.274  ,  Loss/total: 2.74690  ,  Loss/giou: 0.64266  ,  Loss/l1: 0.09085  ,  Loss/location: 0.99006  ,  pro_loss: 0.08637  ,  IoU: 0.44935
[train: Epoch 9, 350 / 625] FPS: 116.9 (118.2)  ,  DataTime: 0.006 (0.006)  ,  ForwardTime: 0.262  ,  TotalTime: 0.274  ,  Loss/total: 2.75436  ,  Loss/giou: 0.64403  ,  Loss/l1: 0.09129  ,  Loss/location: 0.99258  ,  pro_loss: 0.08636  ,  IoU: 0.44841
[train: Epoch 9, 400 / 625] FPS: 117.0 (118.0)  ,  DataTime: 0.006 (0.006)  ,  ForwardTime: 0.262  ,  TotalTime: 0.274  ,  Loss/total: 2.75486  ,  Loss/giou: 0.64407  ,  Loss/l1: 0.09136  ,  Loss/location: 0.99277  ,  pro_loss: 0.08592  ,  IoU: 0.44857
[train: Epoch 9, 450 / 625] FPS: 117.1 (118.0)  ,  DataTime: 0.006 (0.006)  ,  ForwardTime: 0.261  ,  TotalTime: 0.273  ,  Loss/total: 2.75304  ,  Loss/giou: 0.64398  ,  Loss/l1: 0.09124  ,  Loss/location: 0.99174  ,  pro_loss: 0.08568  ,  IoU: 0.44867
[train: Epoch 9, 500 / 625] FPS: 117.1 (117.9)  ,  DataTime: 0.006 (0.006)  ,  ForwardTime: 0.262  ,  TotalTime: 0.273  ,  Loss/total: 2.75350  ,  Loss/giou: 0.64418  ,  Loss/l1: 0.09129  ,  Loss/location: 0.99158  ,  pro_loss: 0.08543  ,  IoU: 0.44861
[train: Epoch 9, 550 / 625] FPS: 117.2 (118.1)  ,  DataTime: 0.006 (0.006)  ,  ForwardTime: 0.261  ,  TotalTime: 0.273  ,  Loss/total: 2.75017  ,  Loss/giou: 0.64291  ,  Loss/l1: 0.09128  ,  Loss/location: 0.99090  ,  pro_loss: 0.08520  ,  IoU: 0.44953
[train: Epoch 9, 600 / 625] FPS: 117.3 (116.7)  ,  DataTime: 0.006 (0.006)  ,  ForwardTime: 0.261  ,  TotalTime: 0.273  ,  Loss/total: 2.75278  ,  Loss/giou: 0.64374  ,  Loss/l1: 0.09139  ,  Loss/location: 0.99127  ,  pro_loss: 0.08540  ,  IoU: 0.44859
[train: Epoch 9, 625 / 625] FPS: 117.3 (119.0)  ,  DataTime: 0.006 (0.006)  ,  ForwardTime: 0.261  ,  TotalTime: 0.273  ,  Loss/total: 2.75099  ,  Loss/giou: 0.64343  ,  Loss/l1: 0.09132  ,  Loss/location: 0.99035  ,  pro_loss: 0.08597  ,  IoU: 0.44894
[train: Epoch 10, 50 / 625] FPS: 112.8 (117.6)  ,  DataTime: 0.016 (0.006)  ,  ForwardTime: 0.261  ,  TotalTime: 0.284  ,  Loss/total: 2.74014  ,  Loss/giou: 0.64005  ,  Loss/l1: 0.09337  ,  Loss/location: 0.97630  ,  pro_loss: 0.08444  ,  IoU: 0.45281
[train: Epoch 10, 100 / 625] FPS: 115.3 (117.3)  ,  DataTime: 0.010 (0.006)  ,  ForwardTime: 0.261  ,  TotalTime: 0.278  ,  Loss/total: 2.79350  ,  Loss/giou: 0.65283  ,  Loss/l1: 0.09509  ,  Loss/location: 0.99430  ,  pro_loss: 0.09037  ,  IoU: 0.44273
[train: Epoch 10, 150 / 625] FPS: 116.2 (116.6)  ,  DataTime: 0.008 (0.006)  ,  ForwardTime: 0.261  ,  TotalTime: 0.275  ,  Loss/total: 2.79841  ,  Loss/giou: 0.65468  ,  Loss/l1: 0.09518  ,  Loss/location: 0.99534  ,  pro_loss: 0.08901  ,  IoU: 0.44047
[train: Epoch 10, 200 / 625] FPS: 116.6 (117.7)  ,  DataTime: 0.007 (0.006)  ,  ForwardTime: 0.261  ,  TotalTime: 0.274  ,  Loss/total: 2.76364  ,  Loss/giou: 0.64686  ,  Loss/l1: 0.09318  ,  Loss/location: 0.98622  ,  pro_loss: 0.08902  ,  IoU: 0.44577
[train: Epoch 10, 250 / 625] FPS: 116.9 (117.7)  ,  DataTime: 0.007 (0.006)  ,  ForwardTime: 0.261  ,  TotalTime: 0.274  ,  Loss/total: 2.76118  ,  Loss/giou: 0.64554  ,  Loss/l1: 0.09295  ,  Loss/location: 0.98773  ,  pro_loss: 0.08818  ,  IoU: 0.44697
[train: Epoch 10, 300 / 625] FPS: 117.0 (117.6)  ,  DataTime: 0.006 (0.006)  ,  ForwardTime: 0.261  ,  TotalTime: 0.273  ,  Loss/total: 2.75684  ,  Loss/giou: 0.64511  ,  Loss/l1: 0.09245  ,  Loss/location: 0.98701  ,  pro_loss: 0.08678  ,  IoU: 0.44746
[train: Epoch 10, 350 / 625] FPS: 117.2 (117.2)  ,  DataTime: 0.006 (0.006)  ,  ForwardTime: 0.261  ,  TotalTime: 0.273  ,  Loss/total: 2.75176  ,  Loss/giou: 0.64458  ,  Loss/l1: 0.09215  ,  Loss/location: 0.98455  ,  pro_loss: 0.08646  ,  IoU: 0.44837
[train: Epoch 10, 400 / 625] FPS: 117.2 (118.0)  ,  DataTime: 0.006 (0.006)  ,  ForwardTime: 0.261  ,  TotalTime: 0.273  ,  Loss/total: 2.75621  ,  Loss/giou: 0.64546  ,  Loss/l1: 0.09220  ,  Loss/location: 0.98713  ,  pro_loss: 0.08573  ,  IoU: 0.44748
[train: Epoch 10, 450 / 625] FPS: 117.3 (117.7)  ,  DataTime: 0.006 (0.006)  ,  ForwardTime: 0.261  ,  TotalTime: 0.273  ,  Loss/total: 2.74630  ,  Loss/giou: 0.64295  ,  Loss/l1: 0.09181  ,  Loss/location: 0.98435  ,  pro_loss: 0.08496  ,  IoU: 0.44899
[train: Epoch 10, 500 / 625] FPS: 117.3 (117.8)  ,  DataTime: 0.006 (0.006)  ,  ForwardTime: 0.261  ,  TotalTime: 0.273  ,  Loss/total: 2.74670  ,  Loss/giou: 0.64291  ,  Loss/l1: 0.09186  ,  Loss/location: 0.98458  ,  pro_loss: 0.08499  ,  IoU: 0.44940
[train: Epoch 10, 550 / 625] FPS: 117.4 (118.0)  ,  DataTime: 0.006 (0.006)  ,  ForwardTime: 0.261  ,  TotalTime: 0.273  ,  Loss/total: 2.74584  ,  Loss/giou: 0.64262  ,  Loss/l1: 0.09168  ,  Loss/location: 0.98512  ,  pro_loss: 0.08530  ,  IoU: 0.44932
[train: Epoch 10, 600 / 625] FPS: 117.4 (118.7)  ,  DataTime: 0.006 (0.006)  ,  ForwardTime: 0.261  ,  TotalTime: 0.273  ,  Loss/total: 2.73900  ,  Loss/giou: 0.64108  ,  Loss/l1: 0.09110  ,  Loss/location: 0.98415  ,  pro_loss: 0.08590  ,  IoU: 0.45062
[train: Epoch 10, 625 / 625] FPS: 117.4 (118.6)  ,  DataTime: 0.005 (0.006)  ,  ForwardTime: 0.261  ,  TotalTime: 0.273  ,  Loss/total: 2.74192  ,  Loss/giou: 0.64183  ,  Loss/l1: 0.09121  ,  Loss/location: 0.98499  ,  pro_loss: 0.08605  ,  IoU: 0.45046
[val: Epoch 10, 50 / 156] FPS: 216.0 (242.7)  ,  DataTime: 0.022 (0.007)  ,  ForwardTime: 0.119  ,  TotalTime: 0.148  ,  Loss/total: 1.37051  ,  Loss/giou: 0.34615  ,  Loss/l1: 0.03202  ,  Loss/location: 0.51812  ,  pro_loss: 0.00001  ,  IoU: 0.68899
[val: Epoch 10, 100 / 156] FPS: 229.6 (245.5)  ,  DataTime: 0.013 (0.007)  ,  ForwardTime: 0.119  ,  TotalTime: 0.139  ,  Loss/total: 1.37217  ,  Loss/giou: 0.34062  ,  Loss/l1: 0.03182  ,  Loss/location: 0.53183  ,  pro_loss: 0.00001  ,  IoU: 0.69379
[val: Epoch 10, 150 / 156] FPS: 234.2 (244.6)  ,  DataTime: 0.010 (0.007)  ,  ForwardTime: 0.119  ,  TotalTime: 0.137  ,  Loss/total: 1.38307  ,  Loss/giou: 0.34528  ,  Loss/l1: 0.03227  ,  Loss/location: 0.53115  ,  pro_loss: 0.00001  ,  IoU: 0.69080
[val: Epoch 10, 156 / 156] FPS: 234.8 (249.3)  ,  DataTime: 0.010 (0.007)  ,  ForwardTime: 0.119  ,  TotalTime: 0.136  ,  Loss/total: 1.38661  ,  Loss/giou: 0.34594  ,  Loss/l1: 0.03239  ,  Loss/location: 0.53281  ,  pro_loss: 0.00001  ,  IoU: 0.69025
[train: Epoch 11, 50 / 625] FPS: 112.5 (118.2)  ,  DataTime: 0.017 (0.006)  ,  ForwardTime: 0.261  ,  TotalTime: 0.284  ,  Loss/total: 2.71870  ,  Loss/giou: 0.63946  ,  Loss/l1: 0.09081  ,  Loss/location: 0.96821  ,  pro_loss: 0.08773  ,  IoU: 0.45040
[train: Epoch 11, 100 / 625] FPS: 115.2 (118.3)  ,  DataTime: 0.011 (0.006)  ,  ForwardTime: 0.261  ,  TotalTime: 0.278  ,  Loss/total: 2.72281  ,  Loss/giou: 0.64467  ,  Loss/l1: 0.09001  ,  Loss/location: 0.96582  ,  pro_loss: 0.08804  ,  IoU: 0.44897
[train: Epoch 11, 150 / 625] FPS: 116.0 (113.8)  ,  DataTime: 0.009 (0.006)  ,  ForwardTime: 0.261  ,  TotalTime: 0.276  ,  Loss/total: 2.68559  ,  Loss/giou: 0.63520  ,  Loss/l1: 0.08853  ,  Loss/location: 0.95547  ,  pro_loss: 0.08537  ,  IoU: 0.45607
[train: Epoch 11, 200 / 625] FPS: 116.4 (118.1)  ,  DataTime: 0.008 (0.006)  ,  ForwardTime: 0.261  ,  TotalTime: 0.275  ,  Loss/total: 2.70308  ,  Loss/giou: 0.63729  ,  Loss/l1: 0.08941  ,  Loss/location: 0.96424  ,  pro_loss: 0.08601  ,  IoU: 0.45541
[train: Epoch 11, 250 / 625] FPS: 116.6 (118.0)  ,  DataTime: 0.007 (0.006)  ,  ForwardTime: 0.261  ,  TotalTime: 0.274  ,  Loss/total: 2.68885  ,  Loss/giou: 0.63340  ,  Loss/l1: 0.08888  ,  Loss/location: 0.96021  ,  pro_loss: 0.08723  ,  IoU: 0.45829
[train: Epoch 11, 300 / 625] FPS: 116.8 (118.0)  ,  DataTime: 0.007 (0.006)  ,  ForwardTime: 0.261  ,  TotalTime: 0.274  ,  Loss/total: 2.68723  ,  Loss/giou: 0.63378  ,  Loss/l1: 0.08864  ,  Loss/location: 0.95915  ,  pro_loss: 0.08669  ,  IoU: 0.45795
[train: Epoch 11, 350 / 625] FPS: 116.9 (117.7)  ,  DataTime: 0.006 (0.006)  ,  ForwardTime: 0.261  ,  TotalTime: 0.274  ,  Loss/total: 2.66406  ,  Loss/giou: 0.62854  ,  Loss/l1: 0.08728  ,  Loss/location: 0.95311  ,  pro_loss: 0.08735  ,  IoU: 0.46210
[train: Epoch 11, 400 / 625] FPS: 117.0 (118.3)  ,  DataTime: 0.006 (0.006)  ,  ForwardTime: 0.261  ,  TotalTime: 0.273  ,  Loss/total: 2.66640  ,  Loss/giou: 0.62934  ,  Loss/l1: 0.08741  ,  Loss/location: 0.95331  ,  pro_loss: 0.08686  ,  IoU: 0.46218
[train: Epoch 11, 450 / 625] FPS: 117.1 (116.6)  ,  DataTime: 0.006 (0.006)  ,  ForwardTime: 0.261  ,  TotalTime: 0.273  ,  Loss/total: 2.66554  ,  Loss/giou: 0.62883  ,  Loss/l1: 0.08764  ,  Loss/location: 0.95240  ,  pro_loss: 0.08643  ,  IoU: 0.46195
[train: Epoch 11, 500 / 625] FPS: 117.2 (118.0)  ,  DataTime: 0.006 (0.006)  ,  ForwardTime: 0.261  ,  TotalTime: 0.273  ,  Loss/total: 2.66850  ,  Loss/giou: 0.62932  ,  Loss/l1: 0.08801  ,  Loss/location: 0.95256  ,  pro_loss: 0.08629  ,  IoU: 0.46088
[train: Epoch 11, 550 / 625] FPS: 117.2 (118.1)  ,  DataTime: 0.006 (0.006)  ,  ForwardTime: 0.261  ,  TotalTime: 0.273  ,  Loss/total: 2.65929  ,  Loss/giou: 0.62665  ,  Loss/l1: 0.08765  ,  Loss/location: 0.95043  ,  pro_loss: 0.08651  ,  IoU: 0.46234
[train: Epoch 11, 600 / 625] FPS: 117.3 (118.0)  ,  DataTime: 0.006 (0.006)  ,  ForwardTime: 0.261  ,  TotalTime: 0.273  ,  Loss/total: 2.66132  ,  Loss/giou: 0.62717  ,  Loss/l1: 0.08774  ,  Loss/location: 0.95097  ,  pro_loss: 0.08651  ,  IoU: 0.46176
[train: Epoch 11, 625 / 625] FPS: 117.3 (118.8)  ,  DataTime: 0.006 (0.006)  ,  ForwardTime: 0.261  ,  TotalTime: 0.273  ,  Loss/total: 2.66135  ,  Loss/giou: 0.62675  ,  Loss/l1: 0.08776  ,  Loss/location: 0.95169  ,  pro_loss: 0.08672  ,  IoU: 0.46175
[train: Epoch 12, 50 / 625] FPS: 112.5 (118.4)  ,  DataTime: 0.017 (0.006)  ,  ForwardTime: 0.261  ,  TotalTime: 0.285  ,  Loss/total: 2.63589  ,  Loss/giou: 0.62278  ,  Loss/l1: 0.08672  ,  Loss/location: 0.93973  ,  pro_loss: 0.08502  ,  IoU: 0.46214
[train: Epoch 12, 100 / 625] FPS: 115.1 (118.1)  ,  DataTime: 0.011 (0.006)  ,  ForwardTime: 0.261  ,  TotalTime: 0.278  ,  Loss/total: 2.66826  ,  Loss/giou: 0.62746  ,  Loss/l1: 0.08767  ,  Loss/location: 0.95782  ,  pro_loss: 0.08586  ,  IoU: 0.45908
[train: Epoch 12, 150 / 625] FPS: 116.0 (118.1)  ,  DataTime: 0.009 (0.006)  ,  ForwardTime: 0.261  ,  TotalTime: 0.276  ,  Loss/total: 2.63899  ,  Loss/giou: 0.62022  ,  Loss/l1: 0.08645  ,  Loss/location: 0.94944  ,  pro_loss: 0.08440  ,  IoU: 0.46549
[train: Epoch 12, 200 / 625] FPS: 116.4 (117.7)  ,  DataTime: 0.008 (0.006)  ,  ForwardTime: 0.261  ,  TotalTime: 0.275  ,  Loss/total: 2.63858  ,  Loss/giou: 0.62064  ,  Loss/l1: 0.08696  ,  Loss/location: 0.94543  ,  pro_loss: 0.08539  ,  IoU: 0.46566
[train: Epoch 12, 250 / 625] FPS: 116.7 (117.6)  ,  DataTime: 0.007 (0.006)  ,  ForwardTime: 0.261  ,  TotalTime: 0.274  ,  Loss/total: 2.65280  ,  Loss/giou: 0.62414  ,  Loss/l1: 0.08729  ,  Loss/location: 0.95095  ,  pro_loss: 0.08557  ,  IoU: 0.46300
[train: Epoch 12, 300 / 625] FPS: 116.9 (117.9)  ,  DataTime: 0.007 (0.006)  ,  ForwardTime: 0.261  ,  TotalTime: 0.274  ,  Loss/total: 2.66983  ,  Loss/giou: 0.62815  ,  Loss/l1: 0.08809  ,  Loss/location: 0.95582  ,  pro_loss: 0.08627  ,  IoU: 0.45997
[train: Epoch 12, 350 / 625] FPS: 117.0 (117.7)  ,  DataTime: 0.006 (0.006)  ,  ForwardTime: 0.261  ,  TotalTime: 0.274  ,  Loss/total: 2.66948  ,  Loss/giou: 0.62784  ,  Loss/l1: 0.08812  ,  Loss/location: 0.95602  ,  pro_loss: 0.08583  ,  IoU: 0.46082
[train: Epoch 12, 400 / 625] FPS: 117.1 (117.9)  ,  DataTime: 0.006 (0.006)  ,  ForwardTime: 0.261  ,  TotalTime: 0.273  ,  Loss/total: 2.66456  ,  Loss/giou: 0.62713  ,  Loss/l1: 0.08795  ,  Loss/location: 0.95343  ,  pro_loss: 0.08555  ,  IoU: 0.46169
[train: Epoch 12, 450 / 625] FPS: 117.1 (117.8)  ,  DataTime: 0.006 (0.006)  ,  ForwardTime: 0.261  ,  TotalTime: 0.273  ,  Loss/total: 2.66379  ,  Loss/giou: 0.62727  ,  Loss/l1: 0.08804  ,  Loss/location: 0.95189  ,  pro_loss: 0.08597  ,  IoU: 0.46156
[train: Epoch 12, 500 / 625] FPS: 117.2 (118.1)  ,  DataTime: 0.006 (0.006)  ,  ForwardTime: 0.261  ,  TotalTime: 0.273  ,  Loss/total: 2.66379  ,  Loss/giou: 0.62746  ,  Loss/l1: 0.08802  ,  Loss/location: 0.95150  ,  pro_loss: 0.08636  ,  IoU: 0.46140
[train: Epoch 12, 550 / 625] FPS: 117.2 (117.4)  ,  DataTime: 0.006 (0.006)  ,  ForwardTime: 0.261  ,  TotalTime: 0.273  ,  Loss/total: 2.66541  ,  Loss/giou: 0.62809  ,  Loss/l1: 0.08797  ,  Loss/location: 0.95197  ,  pro_loss: 0.08694  ,  IoU: 0.46100
[train: Epoch 12, 600 / 625] FPS: 117.3 (117.6)  ,  DataTime: 0.006 (0.006)  ,  ForwardTime: 0.261  ,  TotalTime: 0.273  ,  Loss/total: 2.65751  ,  Loss/giou: 0.62632  ,  Loss/l1: 0.08749  ,  Loss/location: 0.95007  ,  pro_loss: 0.08679  ,  IoU: 0.46220
[train: Epoch 12, 625 / 625] FPS: 117.3 (118.8)  ,  DataTime: 0.006 (0.006)  ,  ForwardTime: 0.261  ,  TotalTime: 0.273  ,  Loss/total: 2.65812  ,  Loss/giou: 0.62648  ,  Loss/l1: 0.08760  ,  Loss/location: 0.94975  ,  pro_loss: 0.08707  ,  IoU: 0.46213
[train: Epoch 13, 50 / 625] FPS: 112.3 (117.4)  ,  DataTime: 0.017 (0.006)  ,  ForwardTime: 0.262  ,  TotalTime: 0.285  ,  Loss/total: 2.70223  ,  Loss/giou: 0.63843  ,  Loss/l1: 0.09087  ,  Loss/location: 0.95349  ,  pro_loss: 0.08754  ,  IoU: 0.45753
[train: Epoch 13, 100 / 625] FPS: 114.8 (117.3)  ,  DataTime: 0.011 (0.006)  ,  ForwardTime: 0.262  ,  TotalTime: 0.279  ,  Loss/total: 2.65476  ,  Loss/giou: 0.62366  ,  Loss/l1: 0.08905  ,  Loss/location: 0.94397  ,  pro_loss: 0.09107  ,  IoU: 0.46664
[train: Epoch 13, 150 / 625] FPS: 115.8 (118.0)  ,  DataTime: 0.009 (0.006)  ,  ForwardTime: 0.262  ,  TotalTime: 0.276  ,  Loss/total: 2.66892  ,  Loss/giou: 0.62694  ,  Loss/l1: 0.09022  ,  Loss/location: 0.94589  ,  pro_loss: 0.09038  ,  IoU: 0.46387
[train: Epoch 13, 200 / 625] FPS: 116.3 (118.0)  ,  DataTime: 0.008 (0.006)  ,  ForwardTime: 0.262  ,  TotalTime: 0.275  ,  Loss/total: 2.65848  ,  Loss/giou: 0.62534  ,  Loss/l1: 0.08918  ,  Loss/location: 0.94397  ,  pro_loss: 0.08967  ,  IoU: 0.46403
[train: Epoch 13, 250 / 625] FPS: 116.6 (117.6)  ,  DataTime: 0.007 (0.006)  ,  ForwardTime: 0.261  ,  TotalTime: 0.275  ,  Loss/total: 2.64858  ,  Loss/giou: 0.62340  ,  Loss/l1: 0.08854  ,  Loss/location: 0.94130  ,  pro_loss: 0.08899  ,  IoU: 0.46518
[train: Epoch 13, 300 / 625] FPS: 116.8 (117.2)  ,  DataTime: 0.007 (0.006)  ,  ForwardTime: 0.261  ,  TotalTime: 0.274  ,  Loss/total: 2.64991  ,  Loss/giou: 0.62466  ,  Loss/l1: 0.08830  ,  Loss/location: 0.94124  ,  pro_loss: 0.08916  ,  IoU: 0.46461
[train: Epoch 13, 350 / 625] FPS: 116.9 (118.5)  ,  DataTime: 0.006 (0.006)  ,  ForwardTime: 0.261  ,  TotalTime: 0.274  ,  Loss/total: 2.63560  ,  Loss/giou: 0.62171  ,  Loss/l1: 0.08762  ,  Loss/location: 0.93601  ,  pro_loss: 0.09024  ,  IoU: 0.46709
[train: Epoch 13, 400 / 625] FPS: 117.0 (117.8)  ,  DataTime: 0.006 (0.006)  ,  ForwardTime: 0.261  ,  TotalTime: 0.273  ,  Loss/total: 2.62343  ,  Loss/giou: 0.61835  ,  Loss/l1: 0.08677  ,  Loss/location: 0.93479  ,  pro_loss: 0.09045  ,  IoU: 0.46923
[train: Epoch 13, 450 / 625] FPS: 117.1 (118.1)  ,  DataTime: 0.006 (0.006)  ,  ForwardTime: 0.261  ,  TotalTime: 0.273  ,  Loss/total: 2.62101  ,  Loss/giou: 0.61783  ,  Loss/l1: 0.08660  ,  Loss/location: 0.93424  ,  pro_loss: 0.09071  ,  IoU: 0.46955
[train: Epoch 13, 500 / 625] FPS: 117.1 (115.9)  ,  DataTime: 0.006 (0.006)  ,  ForwardTime: 0.261  ,  TotalTime: 0.273  ,  Loss/total: 2.62293  ,  Loss/giou: 0.61872  ,  Loss/l1: 0.08671  ,  Loss/location: 0.93371  ,  pro_loss: 0.09118  ,  IoU: 0.46891
[train: Epoch 13, 550 / 625] FPS: 117.2 (116.6)  ,  DataTime: 0.006 (0.006)  ,  ForwardTime: 0.261  ,  TotalTime: 0.273  ,  Loss/total: 2.62816  ,  Loss/giou: 0.62000  ,  Loss/l1: 0.08692  ,  Loss/location: 0.93527  ,  pro_loss: 0.09147  ,  IoU: 0.46769
[train: Epoch 13, 600 / 625] FPS: 117.2 (117.8)  ,  DataTime: 0.006 (0.006)  ,  ForwardTime: 0.261  ,  TotalTime: 0.273  ,  Loss/total: 2.62849  ,  Loss/giou: 0.61975  ,  Loss/l1: 0.08692  ,  Loss/location: 0.93605  ,  pro_loss: 0.09168  ,  IoU: 0.46807
[train: Epoch 13, 625 / 625] FPS: 117.2 (118.2)  ,  DataTime: 0.006 (0.006)  ,  ForwardTime: 0.261  ,  TotalTime: 0.273  ,  Loss/total: 2.62572  ,  Loss/giou: 0.61906  ,  Loss/l1: 0.08678  ,  Loss/location: 0.93531  ,  pro_loss: 0.09188  ,  IoU: 0.46851
[train: Epoch 14, 50 / 625] FPS: 112.7 (118.5)  ,  DataTime: 0.017 (0.006)  ,  ForwardTime: 0.262  ,  TotalTime: 0.284  ,  Loss/total: 2.62664  ,  Loss/giou: 0.62237  ,  Loss/l1: 0.08681  ,  Loss/location: 0.93047  ,  pro_loss: 0.08688  ,  IoU: 0.46361
[train: Epoch 14, 100 / 625] FPS: 115.3 (118.1)  ,  DataTime: 0.010 (0.006)  ,  ForwardTime: 0.261  ,  TotalTime: 0.277  ,  Loss/total: 2.64477  ,  Loss/giou: 0.62563  ,  Loss/l1: 0.08867  ,  Loss/location: 0.93277  ,  pro_loss: 0.08692  ,  IoU: 0.46466
[train: Epoch 14, 150 / 625] FPS: 116.2 (118.4)  ,  DataTime: 0.008 (0.006)  ,  ForwardTime: 0.261  ,  TotalTime: 0.275  ,  Loss/total: 2.64361  ,  Loss/giou: 0.62506  ,  Loss/l1: 0.08881  ,  Loss/location: 0.93161  ,  pro_loss: 0.08915  ,  IoU: 0.46467
[train: Epoch 14, 200 / 625] FPS: 116.7 (118.1)  ,  DataTime: 0.007 (0.006)  ,  ForwardTime: 0.261  ,  TotalTime: 0.274  ,  Loss/total: 2.65091  ,  Loss/giou: 0.62663  ,  Loss/l1: 0.08862  ,  Loss/location: 0.93634  ,  pro_loss: 0.09094  ,  IoU: 0.46293
[train: Epoch 14, 250 / 625] FPS: 116.9 (114.0)  ,  DataTime: 0.007 (0.006)  ,  ForwardTime: 0.262  ,  TotalTime: 0.274  ,  Loss/total: 2.63660  ,  Loss/giou: 0.62198  ,  Loss/l1: 0.08794  ,  Loss/location: 0.93472  ,  pro_loss: 0.09113  ,  IoU: 0.46588
[train: Epoch 14, 300 / 625] FPS: 117.0 (118.4)  ,  DataTime: 0.006 (0.006)  ,  ForwardTime: 0.261  ,  TotalTime: 0.273  ,  Loss/total: 2.63529  ,  Loss/giou: 0.62181  ,  Loss/l1: 0.08770  ,  Loss/location: 0.93490  ,  pro_loss: 0.09136  ,  IoU: 0.46614
[train: Epoch 14, 350 / 625] FPS: 117.1 (118.2)  ,  DataTime: 0.006 (0.006)  ,  ForwardTime: 0.261  ,  TotalTime: 0.273  ,  Loss/total: 2.62873  ,  Loss/giou: 0.62009  ,  Loss/l1: 0.08709  ,  Loss/location: 0.93497  ,  pro_loss: 0.09064  ,  IoU: 0.46751
[train: Epoch 14, 400 / 625] FPS: 117.2 (118.3)  ,  DataTime: 0.006 (0.006)  ,  ForwardTime: 0.261  ,  TotalTime: 0.273  ,  Loss/total: 2.62479  ,  Loss/giou: 0.61870  ,  Loss/l1: 0.08685  ,  Loss/location: 0.93500  ,  pro_loss: 0.09072  ,  IoU: 0.46847
[train: Epoch 14, 450 / 625] FPS: 117.3 (118.2)  ,  DataTime: 0.006 (0.006)  ,  ForwardTime: 0.261  ,  TotalTime: 0.273  ,  Loss/total: 2.62507  ,  Loss/giou: 0.61900  ,  Loss/l1: 0.08703  ,  Loss/location: 0.93361  ,  pro_loss: 0.09152  ,  IoU: 0.46805
[train: Epoch 14, 500 / 625] FPS: 117.3 (117.9)  ,  DataTime: 0.006 (0.006)  ,  ForwardTime: 0.261  ,  TotalTime: 0.273  ,  Loss/total: 2.62386  ,  Loss/giou: 0.61836  ,  Loss/l1: 0.08700  ,  Loss/location: 0.93374  ,  pro_loss: 0.09197  ,  IoU: 0.46863
[train: Epoch 14, 550 / 625] FPS: 117.4 (117.8)  ,  DataTime: 0.006 (0.006)  ,  ForwardTime: 0.261  ,  TotalTime: 0.273  ,  Loss/total: 2.61589  ,  Loss/giou: 0.61670  ,  Loss/l1: 0.08673  ,  Loss/location: 0.93034  ,  pro_loss: 0.09250  ,  IoU: 0.46966
[train: Epoch 14, 600 / 625] FPS: 117.4 (117.9)  ,  DataTime: 0.005 (0.006)  ,  ForwardTime: 0.261  ,  TotalTime: 0.273  ,  Loss/total: 2.61123  ,  Loss/giou: 0.61524  ,  Loss/l1: 0.08649  ,  Loss/location: 0.92973  ,  pro_loss: 0.09295  ,  IoU: 0.47037
[train: Epoch 14, 625 / 625] FPS: 117.4 (118.8)  ,  DataTime: 0.005 (0.006)  ,  ForwardTime: 0.261  ,  TotalTime: 0.272  ,  Loss/total: 2.60498  ,  Loss/giou: 0.61397  ,  Loss/l1: 0.08620  ,  Loss/location: 0.92755  ,  pro_loss: 0.09253  ,  IoU: 0.47121
[train: Epoch 15, 50 / 625] FPS: 112.8 (117.7)  ,  DataTime: 0.017 (0.006)  ,  ForwardTime: 0.261  ,  TotalTime: 0.284  ,  Loss/total: 2.57939  ,  Loss/giou: 0.61143  ,  Loss/l1: 0.08408  ,  Loss/location: 0.91767  ,  pro_loss: 0.09231  ,  IoU: 0.47717
[train: Epoch 15, 100 / 625] FPS: 115.3 (117.6)  ,  DataTime: 0.011 (0.006)  ,  ForwardTime: 0.261  ,  TotalTime: 0.278  ,  Loss/total: 2.55923  ,  Loss/giou: 0.60358  ,  Loss/l1: 0.08344  ,  Loss/location: 0.91590  ,  pro_loss: 0.09491  ,  IoU: 0.48068
[train: Epoch 15, 150 / 625] FPS: 116.1 (118.0)  ,  DataTime: 0.009 (0.006)  ,  ForwardTime: 0.261  ,  TotalTime: 0.276  ,  Loss/total: 2.54545  ,  Loss/giou: 0.60179  ,  Loss/l1: 0.08314  ,  Loss/location: 0.90716  ,  pro_loss: 0.09515  ,  IoU: 0.48199
[train: Epoch 15, 200 / 625] FPS: 116.5 (117.9)  ,  DataTime: 0.008 (0.006)  ,  ForwardTime: 0.261  ,  TotalTime: 0.275  ,  Loss/total: 2.54956  ,  Loss/giou: 0.60175  ,  Loss/l1: 0.08362  ,  Loss/location: 0.90883  ,  pro_loss: 0.09564  ,  IoU: 0.48202
[train: Epoch 15, 250 / 625] FPS: 116.7 (117.5)  ,  DataTime: 0.007 (0.006)  ,  ForwardTime: 0.261  ,  TotalTime: 0.274  ,  Loss/total: 2.56682  ,  Loss/giou: 0.60675  ,  Loss/l1: 0.08455  ,  Loss/location: 0.91143  ,  pro_loss: 0.09585  ,  IoU: 0.47848
[train: Epoch 15, 300 / 625] FPS: 116.9 (117.3)  ,  DataTime: 0.007 (0.006)  ,  ForwardTime: 0.261  ,  TotalTime: 0.274  ,  Loss/total: 2.55598  ,  Loss/giou: 0.60472  ,  Loss/l1: 0.08363  ,  Loss/location: 0.90921  ,  pro_loss: 0.09596  ,  IoU: 0.47970
[train: Epoch 15, 350 / 625] FPS: 117.0 (117.5)  ,  DataTime: 0.006 (0.006)  ,  ForwardTime: 0.261  ,  TotalTime: 0.274  ,  Loss/total: 2.56349  ,  Loss/giou: 0.60618  ,  Loss/l1: 0.08394  ,  Loss/location: 0.91228  ,  pro_loss: 0.09568  ,  IoU: 0.47885
[train: Epoch 15, 400 / 625] FPS: 117.1 (117.7)  ,  DataTime: 0.006 (0.006)  ,  ForwardTime: 0.261  ,  TotalTime: 0.273  ,  Loss/total: 2.56070  ,  Loss/giou: 0.60607  ,  Loss/l1: 0.08418  ,  Loss/location: 0.90863  ,  pro_loss: 0.09518  ,  IoU: 0.47962
[train: Epoch 15, 450 / 625] FPS: 117.2 (117.7)  ,  DataTime: 0.006 (0.006)  ,  ForwardTime: 0.261  ,  TotalTime: 0.273  ,  Loss/total: 2.55998  ,  Loss/giou: 0.60578  ,  Loss/l1: 0.08410  ,  Loss/location: 0.90892  ,  pro_loss: 0.09493  ,  IoU: 0.47951
[train: Epoch 15, 500 / 625] FPS: 117.2 (117.2)  ,  DataTime: 0.006 (0.006)  ,  ForwardTime: 0.261  ,  TotalTime: 0.273  ,  Loss/total: 2.55505  ,  Loss/giou: 0.60491  ,  Loss/l1: 0.08380  ,  Loss/location: 0.90727  ,  pro_loss: 0.09465  ,  IoU: 0.48030
[train: Epoch 15, 550 / 625] FPS: 117.3 (117.9)  ,  DataTime: 0.006 (0.006)  ,  ForwardTime: 0.261  ,  TotalTime: 0.273  ,  Loss/total: 2.55352  ,  Loss/giou: 0.60416  ,  Loss/l1: 0.08385  ,  Loss/location: 0.90705  ,  pro_loss: 0.09461  ,  IoU: 0.48058
[train: Epoch 15, 600 / 625] FPS: 117.3 (117.2)  ,  DataTime: 0.006 (0.006)  ,  ForwardTime: 0.261  ,  TotalTime: 0.273  ,  Loss/total: 2.55073  ,  Loss/giou: 0.60387  ,  Loss/l1: 0.08365  ,  Loss/location: 0.90580  ,  pro_loss: 0.09473  ,  IoU: 0.48063
[train: Epoch 15, 625 / 625] FPS: 117.3 (118.6)  ,  DataTime: 0.006 (0.006)  ,  ForwardTime: 0.261  ,  TotalTime: 0.273  ,  Loss/total: 2.55306  ,  Loss/giou: 0.60425  ,  Loss/l1: 0.08370  ,  Loss/location: 0.90704  ,  pro_loss: 0.09510  ,  IoU: 0.48050
[val: Epoch 15, 50 / 156] FPS: 218.0 (241.6)  ,  DataTime: 0.020 (0.007)  ,  ForwardTime: 0.119  ,  TotalTime: 0.147  ,  Loss/total: 1.16083  ,  Loss/giou: 0.29467  ,  Loss/l1: 0.02619  ,  Loss/location: 0.44046  ,  pro_loss: 0.00042  ,  IoU: 0.73467
[val: Epoch 15, 100 / 156] FPS: 230.2 (243.6)  ,  DataTime: 0.012 (0.007)  ,  ForwardTime: 0.119  ,  TotalTime: 0.139  ,  Loss/total: 1.16413  ,  Loss/giou: 0.29366  ,  Loss/l1: 0.02646  ,  Loss/location: 0.44441  ,  pro_loss: 0.00042  ,  IoU: 0.73585
[val: Epoch 15, 150 / 156] FPS: 234.4 (241.9)  ,  DataTime: 0.010 (0.007)  ,  ForwardTime: 0.119  ,  TotalTime: 0.137  ,  Loss/total: 1.15951  ,  Loss/giou: 0.29245  ,  Loss/l1: 0.02612  ,  Loss/location: 0.44392  ,  pro_loss: 0.00042  ,  IoU: 0.73631
[val: Epoch 15, 156 / 156] FPS: 235.0 (245.7)  ,  DataTime: 0.010 (0.007)  ,  ForwardTime: 0.119  ,  TotalTime: 0.136  ,  Loss/total: 1.15525  ,  Loss/giou: 0.29163  ,  Loss/l1: 0.02605  ,  Loss/location: 0.44166  ,  pro_loss: 0.00047  ,  IoU: 0.73704
[train: Epoch 16, 50 / 625] FPS: 112.1 (118.3)  ,  DataTime: 0.018 (0.006)  ,  ForwardTime: 0.261  ,  TotalTime: 0.285  ,  Loss/total: 2.49849  ,  Loss/giou: 0.59092  ,  Loss/l1: 0.08026  ,  Loss/location: 0.89684  ,  pro_loss: 0.09261  ,  IoU: 0.48700
[train: Epoch 16, 100 / 625] FPS: 114.9 (117.6)  ,  DataTime: 0.011 (0.006)  ,  ForwardTime: 0.261  ,  TotalTime: 0.278  ,  Loss/total: 2.53628  ,  Loss/giou: 0.60156  ,  Loss/l1: 0.08166  ,  Loss/location: 0.90626  ,  pro_loss: 0.09298  ,  IoU: 0.48149
[train: Epoch 16, 150 / 625] FPS: 115.8 (117.7)  ,  DataTime: 0.009 (0.006)  ,  ForwardTime: 0.261  ,  TotalTime: 0.276  ,  Loss/total: 2.54950  ,  Loss/giou: 0.60337  ,  Loss/l1: 0.08235  ,  Loss/location: 0.91209  ,  pro_loss: 0.09456  ,  IoU: 0.48055
[train: Epoch 16, 200 / 625] FPS: 116.3 (118.0)  ,  DataTime: 0.008 (0.006)  ,  ForwardTime: 0.261  ,  TotalTime: 0.275  ,  Loss/total: 2.54610  ,  Loss/giou: 0.60376  ,  Loss/l1: 0.08247  ,  Loss/location: 0.90707  ,  pro_loss: 0.09592  ,  IoU: 0.48046
[train: Epoch 16, 250 / 625] FPS: 116.6 (118.1)  ,  DataTime: 0.007 (0.006)  ,  ForwardTime: 0.261  ,  TotalTime: 0.274  ,  Loss/total: 2.53892  ,  Loss/giou: 0.60142  ,  Loss/l1: 0.08192  ,  Loss/location: 0.90708  ,  pro_loss: 0.09711  ,  IoU: 0.48247
[train: Epoch 16, 300 / 625] FPS: 116.7 (117.7)  ,  DataTime: 0.007 (0.006)  ,  ForwardTime: 0.261  ,  TotalTime: 0.274  ,  Loss/total: 2.54360  ,  Loss/giou: 0.60162  ,  Loss/l1: 0.08204  ,  Loss/location: 0.91062  ,  pro_loss: 0.09777  ,  IoU: 0.48160
[train: Epoch 16, 350 / 625] FPS: 116.9 (118.1)  ,  DataTime: 0.007 (0.006)  ,  ForwardTime: 0.261  ,  TotalTime: 0.274  ,  Loss/total: 2.55360  ,  Loss/giou: 0.60441  ,  Loss/l1: 0.08282  ,  Loss/location: 0.91106  ,  pro_loss: 0.09809  ,  IoU: 0.47975
[train: Epoch 16, 400 / 625] FPS: 117.0 (117.4)  ,  DataTime: 0.006 (0.006)  ,  ForwardTime: 0.261  ,  TotalTime: 0.274  ,  Loss/total: 2.56170  ,  Loss/giou: 0.60617  ,  Loss/l1: 0.08319  ,  Loss/location: 0.91380  ,  pro_loss: 0.09822  ,  IoU: 0.47849
[train: Epoch 16, 450 / 625] FPS: 117.0 (117.6)  ,  DataTime: 0.006 (0.006)  ,  ForwardTime: 0.261  ,  TotalTime: 0.273  ,  Loss/total: 2.55600  ,  Loss/giou: 0.60525  ,  Loss/l1: 0.08287  ,  Loss/location: 0.91139  ,  pro_loss: 0.09879  ,  IoU: 0.47946
[train: Epoch 16, 500 / 625] FPS: 117.1 (112.4)  ,  DataTime: 0.006 (0.006)  ,  ForwardTime: 0.261  ,  TotalTime: 0.273  ,  Loss/total: 2.55570  ,  Loss/giou: 0.60485  ,  Loss/l1: 0.08305  ,  Loss/location: 0.91105  ,  pro_loss: 0.09835  ,  IoU: 0.47967
[train: Epoch 16, 550 / 625] FPS: 117.1 (118.0)  ,  DataTime: 0.006 (0.006)  ,  ForwardTime: 0.261  ,  TotalTime: 0.273  ,  Loss/total: 2.56114  ,  Loss/giou: 0.60579  ,  Loss/l1: 0.08340  ,  Loss/location: 0.91288  ,  pro_loss: 0.09848  ,  IoU: 0.47926
[train: Epoch 16, 600 / 625] FPS: 117.2 (117.6)  ,  DataTime: 0.006 (0.006)  ,  ForwardTime: 0.261  ,  TotalTime: 0.273  ,  Loss/total: 2.56342  ,  Loss/giou: 0.60630  ,  Loss/l1: 0.08356  ,  Loss/location: 0.91337  ,  pro_loss: 0.09828  ,  IoU: 0.47878
[train: Epoch 16, 625 / 625] FPS: 117.2 (118.6)  ,  DataTime: 0.006 (0.006)  ,  ForwardTime: 0.261  ,  TotalTime: 0.273  ,  Loss/total: 2.56117  ,  Loss/giou: 0.60582  ,  Loss/l1: 0.08349  ,  Loss/location: 0.91256  ,  pro_loss: 0.09772  ,  IoU: 0.47897
[train: Epoch 17, 50 / 625] FPS: 112.0 (118.3)  ,  DataTime: 0.018 (0.006)  ,  ForwardTime: 0.262  ,  TotalTime: 0.286  ,  Loss/total: 2.51407  ,  Loss/giou: 0.59770  ,  Loss/l1: 0.08123  ,  Loss/location: 0.89317  ,  pro_loss: 0.09688  ,  IoU: 0.48288
[train: Epoch 17, 100 / 625] FPS: 114.8 (117.9)  ,  DataTime: 0.011 (0.006)  ,  ForwardTime: 0.261  ,  TotalTime: 0.279  ,  Loss/total: 2.50422  ,  Loss/giou: 0.59613  ,  Loss/l1: 0.08089  ,  Loss/location: 0.88801  ,  pro_loss: 0.09753  ,  IoU: 0.48548
[train: Epoch 17, 150 / 625] FPS: 115.7 (117.4)  ,  DataTime: 0.009 (0.006)  ,  ForwardTime: 0.261  ,  TotalTime: 0.277  ,  Loss/total: 2.52241  ,  Loss/giou: 0.59914  ,  Loss/l1: 0.08184  ,  Loss/location: 0.89543  ,  pro_loss: 0.09738  ,  IoU: 0.48464
[train: Epoch 17, 200 / 625] FPS: 116.2 (117.6)  ,  DataTime: 0.008 (0.006)  ,  ForwardTime: 0.261  ,  TotalTime: 0.275  ,  Loss/total: 2.52292  ,  Loss/giou: 0.59902  ,  Loss/l1: 0.08182  ,  Loss/location: 0.89628  ,  pro_loss: 0.09742  ,  IoU: 0.48510
[train: Epoch 17, 250 / 625] FPS: 116.5 (117.9)  ,  DataTime: 0.007 (0.006)  ,  ForwardTime: 0.261  ,  TotalTime: 0.275  ,  Loss/total: 2.52301  ,  Loss/giou: 0.59757  ,  Loss/l1: 0.08192  ,  Loss/location: 0.89856  ,  pro_loss: 0.09844  ,  IoU: 0.48550
[train: Epoch 17, 300 / 625] FPS: 116.7 (117.5)  ,  DataTime: 0.007 (0.006)  ,  ForwardTime: 0.261  ,  TotalTime: 0.274  ,  Loss/total: 2.52777  ,  Loss/giou: 0.59921  ,  Loss/l1: 0.08240  ,  Loss/location: 0.89793  ,  pro_loss: 0.09721  ,  IoU: 0.48506
[train: Epoch 17, 350 / 625] FPS: 116.9 (118.1)  ,  DataTime: 0.007 (0.006)  ,  ForwardTime: 0.261  ,  TotalTime: 0.274  ,  Loss/total: 2.52155  ,  Loss/giou: 0.59747  ,  Loss/l1: 0.08188  ,  Loss/location: 0.89799  ,  pro_loss: 0.09615  ,  IoU: 0.48576
[train: Epoch 17, 400 / 625] FPS: 117.0 (117.7)  ,  DataTime: 0.006 (0.006)  ,  ForwardTime: 0.261  ,  TotalTime: 0.274  ,  Loss/total: 2.52353  ,  Loss/giou: 0.59804  ,  Loss/l1: 0.08206  ,  Loss/location: 0.89790  ,  pro_loss: 0.09619  ,  IoU: 0.48515
[train: Epoch 17, 450 / 625] FPS: 117.1 (118.0)  ,  DataTime: 0.006 (0.006)  ,  ForwardTime: 0.261  ,  TotalTime: 0.273  ,  Loss/total: 2.52501  ,  Loss/giou: 0.59789  ,  Loss/l1: 0.08214  ,  Loss/location: 0.89925  ,  pro_loss: 0.09629  ,  IoU: 0.48529
[train: Epoch 17, 500 / 625] FPS: 117.1 (117.3)  ,  DataTime: 0.006 (0.006)  ,  ForwardTime: 0.261  ,  TotalTime: 0.273  ,  Loss/total: 2.52852  ,  Loss/giou: 0.59888  ,  Loss/l1: 0.08239  ,  Loss/location: 0.89970  ,  pro_loss: 0.09552  ,  IoU: 0.48433
[train: Epoch 17, 550 / 625] FPS: 117.1 (117.8)  ,  DataTime: 0.006 (0.006)  ,  ForwardTime: 0.261  ,  TotalTime: 0.273  ,  Loss/total: 2.53699  ,  Loss/giou: 0.60037  ,  Loss/l1: 0.08287  ,  Loss/location: 0.90283  ,  pro_loss: 0.09538  ,  IoU: 0.48289
[train: Epoch 17, 600 / 625] FPS: 117.2 (118.4)  ,  DataTime: 0.006 (0.006)  ,  ForwardTime: 0.261  ,  TotalTime: 0.273  ,  Loss/total: 2.53067  ,  Loss/giou: 0.59884  ,  Loss/l1: 0.08247  ,  Loss/location: 0.90145  ,  pro_loss: 0.09592  ,  IoU: 0.48390
[train: Epoch 17, 625 / 625] FPS: 117.2 (119.0)  ,  DataTime: 0.006 (0.006)  ,  ForwardTime: 0.261  ,  TotalTime: 0.273  ,  Loss/total: 2.53205  ,  Loss/giou: 0.59943  ,  Loss/l1: 0.08252  ,  Loss/location: 0.90141  ,  pro_loss: 0.09577  ,  IoU: 0.48335
[train: Epoch 18, 50 / 625] FPS: 111.8 (118.0)  ,  DataTime: 0.019 (0.006)  ,  ForwardTime: 0.261  ,  TotalTime: 0.286  ,  Loss/total: 2.50802  ,  Loss/giou: 0.59465  ,  Loss/l1: 0.08318  ,  Loss/location: 0.88308  ,  pro_loss: 0.09875  ,  IoU: 0.48312
[train: Epoch 18, 100 / 625] FPS: 114.7 (117.7)  ,  DataTime: 0.012 (0.006)  ,  ForwardTime: 0.261  ,  TotalTime: 0.279  ,  Loss/total: 2.52190  ,  Loss/giou: 0.59631  ,  Loss/l1: 0.08332  ,  Loss/location: 0.89386  ,  pro_loss: 0.09399  ,  IoU: 0.48298
[train: Epoch 18, 150 / 625] FPS: 115.6 (116.0)  ,  DataTime: 0.010 (0.006)  ,  ForwardTime: 0.261  ,  TotalTime: 0.277  ,  Loss/total: 2.49722  ,  Loss/giou: 0.58954  ,  Loss/l1: 0.08198  ,  Loss/location: 0.88905  ,  pro_loss: 0.09594  ,  IoU: 0.48941
[train: Epoch 18, 200 / 625] FPS: 116.1 (117.6)  ,  DataTime: 0.008 (0.006)  ,  ForwardTime: 0.261  ,  TotalTime: 0.276  ,  Loss/total: 2.49452  ,  Loss/giou: 0.58746  ,  Loss/l1: 0.08206  ,  Loss/location: 0.89022  ,  pro_loss: 0.09530  ,  IoU: 0.49081
[train: Epoch 18, 250 / 625] FPS: 116.4 (118.1)  ,  DataTime: 0.008 (0.006)  ,  ForwardTime: 0.261  ,  TotalTime: 0.275  ,  Loss/total: 2.51439  ,  Loss/giou: 0.59235  ,  Loss/l1: 0.08266  ,  Loss/location: 0.89733  ,  pro_loss: 0.09524  ,  IoU: 0.48735
[train: Epoch 18, 300 / 625] FPS: 116.7 (117.7)  ,  DataTime: 0.007 (0.006)  ,  ForwardTime: 0.261  ,  TotalTime: 0.274  ,  Loss/total: 2.52250  ,  Loss/giou: 0.59411  ,  Loss/l1: 0.08288  ,  Loss/location: 0.90084  ,  pro_loss: 0.09527  ,  IoU: 0.48632
[train: Epoch 18, 350 / 625] FPS: 116.8 (117.8)  ,  DataTime: 0.007 (0.006)  ,  ForwardTime: 0.261  ,  TotalTime: 0.274  ,  Loss/total: 2.52173  ,  Loss/giou: 0.59455  ,  Loss/l1: 0.08288  ,  Loss/location: 0.89915  ,  pro_loss: 0.09544  ,  IoU: 0.48602
[train: Epoch 18, 400 / 625] FPS: 116.9 (117.7)  ,  DataTime: 0.007 (0.006)  ,  ForwardTime: 0.261  ,  TotalTime: 0.274  ,  Loss/total: 2.50613  ,  Loss/giou: 0.59155  ,  Loss/l1: 0.08195  ,  Loss/location: 0.89418  ,  pro_loss: 0.09552  ,  IoU: 0.48873
[train: Epoch 18, 450 / 625] FPS: 117.0 (116.9)  ,  DataTime: 0.006 (0.006)  ,  ForwardTime: 0.261  ,  TotalTime: 0.274  ,  Loss/total: 2.52220  ,  Loss/giou: 0.59562  ,  Loss/l1: 0.08266  ,  Loss/location: 0.89854  ,  pro_loss: 0.09562  ,  IoU: 0.48595
[train: Epoch 18, 500 / 625] FPS: 117.1 (117.9)  ,  DataTime: 0.006 (0.006)  ,  ForwardTime: 0.261  ,  TotalTime: 0.273  ,  Loss/total: 2.52191  ,  Loss/giou: 0.59600  ,  Loss/l1: 0.08261  ,  Loss/location: 0.89779  ,  pro_loss: 0.09554  ,  IoU: 0.48586
[train: Epoch 18, 550 / 625] FPS: 117.1 (117.6)  ,  DataTime: 0.006 (0.006)  ,  ForwardTime: 0.261  ,  TotalTime: 0.273  ,  Loss/total: 2.52173  ,  Loss/giou: 0.59622  ,  Loss/l1: 0.08264  ,  Loss/location: 0.89710  ,  pro_loss: 0.09504  ,  IoU: 0.48587
[train: Epoch 18, 600 / 625] FPS: 117.2 (118.2)  ,  DataTime: 0.006 (0.006)  ,  ForwardTime: 0.261  ,  TotalTime: 0.273  ,  Loss/total: 2.51810  ,  Loss/giou: 0.59582  ,  Loss/l1: 0.08235  ,  Loss/location: 0.89568  ,  pro_loss: 0.09505  ,  IoU: 0.48623
[train: Epoch 18, 625 / 625] FPS: 117.2 (118.5)  ,  DataTime: 0.006 (0.006)  ,  ForwardTime: 0.261  ,  TotalTime: 0.273  ,  Loss/total: 2.51916  ,  Loss/giou: 0.59614  ,  Loss/l1: 0.08235  ,  Loss/location: 0.89609  ,  pro_loss: 0.09518  ,  IoU: 0.48603
[train: Epoch 19, 50 / 625] FPS: 112.2 (118.1)  ,  DataTime: 0.018 (0.006)  ,  ForwardTime: 0.261  ,  TotalTime: 0.285  ,  Loss/total: 2.53172  ,  Loss/giou: 0.59977  ,  Loss/l1: 0.08484  ,  Loss/location: 0.88893  ,  pro_loss: 0.09521  ,  IoU: 0.48875
[train: Epoch 19, 100 / 625] FPS: 115.0 (118.0)  ,  DataTime: 0.011 (0.006)  ,  ForwardTime: 0.261  ,  TotalTime: 0.278  ,  Loss/total: 2.54359  ,  Loss/giou: 0.60227  ,  Loss/l1: 0.08381  ,  Loss/location: 0.90152  ,  pro_loss: 0.09241  ,  IoU: 0.48337
[train: Epoch 19, 150 / 625] FPS: 115.8 (117.9)  ,  DataTime: 0.009 (0.006)  ,  ForwardTime: 0.261  ,  TotalTime: 0.276  ,  Loss/total: 2.51925  ,  Loss/giou: 0.59547  ,  Loss/l1: 0.08294  ,  Loss/location: 0.89477  ,  pro_loss: 0.09432  ,  IoU: 0.48824
[train: Epoch 19, 200 / 625] FPS: 116.3 (117.7)  ,  DataTime: 0.008 (0.006)  ,  ForwardTime: 0.261  ,  TotalTime: 0.275  ,  Loss/total: 2.51289  ,  Loss/giou: 0.59546  ,  Loss/l1: 0.08269  ,  Loss/location: 0.88954  ,  pro_loss: 0.09480  ,  IoU: 0.48858
[train: Epoch 19, 250 / 625] FPS: 116.6 (117.4)  ,  DataTime: 0.007 (0.006)  ,  ForwardTime: 0.261  ,  TotalTime: 0.274  ,  Loss/total: 2.50298  ,  Loss/giou: 0.59392  ,  Loss/l1: 0.08241  ,  Loss/location: 0.88408  ,  pro_loss: 0.09501  ,  IoU: 0.48941
[train: Epoch 19, 300 / 625] FPS: 116.8 (117.0)  ,  DataTime: 0.007 (0.006)  ,  ForwardTime: 0.261  ,  TotalTime: 0.274  ,  Loss/total: 2.50491  ,  Loss/giou: 0.59378  ,  Loss/l1: 0.08217  ,  Loss/location: 0.88771  ,  pro_loss: 0.09383  ,  IoU: 0.48835
[train: Epoch 19, 350 / 625] FPS: 116.9 (117.2)  ,  DataTime: 0.007 (0.006)  ,  ForwardTime: 0.261  ,  TotalTime: 0.274  ,  Loss/total: 2.49645  ,  Loss/giou: 0.59165  ,  Loss/l1: 0.08165  ,  Loss/location: 0.88619  ,  pro_loss: 0.09346  ,  IoU: 0.48932
[train: Epoch 19, 400 / 625] FPS: 117.0 (117.9)  ,  DataTime: 0.006 (0.006)  ,  ForwardTime: 0.261  ,  TotalTime: 0.274  ,  Loss/total: 2.48647  ,  Loss/giou: 0.58989  ,  Loss/l1: 0.08134  ,  Loss/location: 0.88128  ,  pro_loss: 0.09353  ,  IoU: 0.49096
[train: Epoch 19, 450 / 625] FPS: 117.1 (117.7)  ,  DataTime: 0.006 (0.006)  ,  ForwardTime: 0.261  ,  TotalTime: 0.273  ,  Loss/total: 2.48176  ,  Loss/giou: 0.58883  ,  Loss/l1: 0.08092  ,  Loss/location: 0.88068  ,  pro_loss: 0.09399  ,  IoU: 0.49166
[train: Epoch 19, 500 / 625] FPS: 117.1 (117.3)  ,  DataTime: 0.006 (0.006)  ,  ForwardTime: 0.261  ,  TotalTime: 0.273  ,  Loss/total: 2.49166  ,  Loss/giou: 0.59159  ,  Loss/l1: 0.08153  ,  Loss/location: 0.88205  ,  pro_loss: 0.09399  ,  IoU: 0.49060
[train: Epoch 19, 550 / 625] FPS: 117.1 (117.4)  ,  DataTime: 0.006 (0.006)  ,  ForwardTime: 0.261  ,  TotalTime: 0.273  ,  Loss/total: 2.48526  ,  Loss/giou: 0.59015  ,  Loss/l1: 0.08124  ,  Loss/location: 0.87981  ,  pro_loss: 0.09473  ,  IoU: 0.49164
[train: Epoch 19, 600 / 625] FPS: 117.1 (117.6)  ,  DataTime: 0.006 (0.006)  ,  ForwardTime: 0.261  ,  TotalTime: 0.273  ,  Loss/total: 2.48519  ,  Loss/giou: 0.58966  ,  Loss/l1: 0.08136  ,  Loss/location: 0.88006  ,  pro_loss: 0.09510  ,  IoU: 0.49261
[train: Epoch 19, 625 / 625] FPS: 117.2 (117.8)  ,  DataTime: 0.006 (0.006)  ,  ForwardTime: 0.261  ,  TotalTime: 0.273  ,  Loss/total: 2.48651  ,  Loss/giou: 0.59019  ,  Loss/l1: 0.08137  ,  Loss/location: 0.88031  ,  pro_loss: 0.09490  ,  IoU: 0.49191
[train: Epoch 20, 50 / 625] FPS: 112.4 (117.1)  ,  DataTime: 0.017 (0.006)  ,  ForwardTime: 0.262  ,  TotalTime: 0.285  ,  Loss/total: 2.44994  ,  Loss/giou: 0.58207  ,  Loss/l1: 0.07754  ,  Loss/location: 0.88051  ,  pro_loss: 0.08792  ,  IoU: 0.49451
[train: Epoch 20, 100 / 625] FPS: 115.0 (117.7)  ,  DataTime: 0.011 (0.006)  ,  ForwardTime: 0.261  ,  TotalTime: 0.278  ,  Loss/total: 2.46978  ,  Loss/giou: 0.58483  ,  Loss/l1: 0.07942  ,  Loss/location: 0.88449  ,  pro_loss: 0.09251  ,  IoU: 0.49318
[train: Epoch 20, 150 / 625] FPS: 115.9 (117.9)  ,  DataTime: 0.009 (0.006)  ,  ForwardTime: 0.261  ,  TotalTime: 0.276  ,  Loss/total: 2.46525  ,  Loss/giou: 0.58289  ,  Loss/l1: 0.07953  ,  Loss/location: 0.88335  ,  pro_loss: 0.09237  ,  IoU: 0.49581
[train: Epoch 20, 200 / 625] FPS: 116.3 (117.5)  ,  DataTime: 0.008 (0.006)  ,  ForwardTime: 0.261  ,  TotalTime: 0.275  ,  Loss/total: 2.45834  ,  Loss/giou: 0.58191  ,  Loss/l1: 0.07910  ,  Loss/location: 0.88022  ,  pro_loss: 0.09413  ,  IoU: 0.49641
[train: Epoch 20, 250 / 625] FPS: 116.6 (117.3)  ,  DataTime: 0.007 (0.006)  ,  ForwardTime: 0.261  ,  TotalTime: 0.274  ,  Loss/total: 2.44961  ,  Loss/giou: 0.57907  ,  Loss/l1: 0.07860  ,  Loss/location: 0.87927  ,  pro_loss: 0.09589  ,  IoU: 0.49872
[train: Epoch 20, 300 / 625] FPS: 116.8 (117.3)  ,  DataTime: 0.007 (0.006)  ,  ForwardTime: 0.261  ,  TotalTime: 0.274  ,  Loss/total: 2.45598  ,  Loss/giou: 0.58034  ,  Loss/l1: 0.07894  ,  Loss/location: 0.88133  ,  pro_loss: 0.09627  ,  IoU: 0.49844
[train: Epoch 20, 350 / 625] FPS: 116.9 (117.5)  ,  DataTime: 0.006 (0.006)  ,  ForwardTime: 0.261  ,  TotalTime: 0.274  ,  Loss/total: 2.46346  ,  Loss/giou: 0.58267  ,  Loss/l1: 0.07927  ,  Loss/location: 0.88269  ,  pro_loss: 0.09531  ,  IoU: 0.49717
[train: Epoch 20, 400 / 625] FPS: 117.0 (118.0)  ,  DataTime: 0.006 (0.006)  ,  ForwardTime: 0.261  ,  TotalTime: 0.273  ,  Loss/total: 2.46991  ,  Loss/giou: 0.58526  ,  Loss/l1: 0.07974  ,  Loss/location: 0.88166  ,  pro_loss: 0.09509  ,  IoU: 0.49501
[train: Epoch 20, 450 / 625] FPS: 117.0 (116.9)  ,  DataTime: 0.006 (0.006)  ,  ForwardTime: 0.262  ,  TotalTime: 0.273  ,  Loss/total: 2.47736  ,  Loss/giou: 0.58713  ,  Loss/l1: 0.08007  ,  Loss/location: 0.88376  ,  pro_loss: 0.09478  ,  IoU: 0.49348
[train: Epoch 20, 500 / 625] FPS: 117.1 (117.8)  ,  DataTime: 0.006 (0.006)  ,  ForwardTime: 0.262  ,  TotalTime: 0.273  ,  Loss/total: 2.47384  ,  Loss/giou: 0.58662  ,  Loss/l1: 0.07994  ,  Loss/location: 0.88208  ,  pro_loss: 0.09415  ,  IoU: 0.49354
[train: Epoch 20, 550 / 625] FPS: 117.1 (118.2)  ,  DataTime: 0.006 (0.006)  ,  ForwardTime: 0.261  ,  TotalTime: 0.273  ,  Loss/total: 2.47324  ,  Loss/giou: 0.58645  ,  Loss/l1: 0.07980  ,  Loss/location: 0.88244  ,  pro_loss: 0.09448  ,  IoU: 0.49364
[train: Epoch 20, 600 / 625] FPS: 117.2 (117.7)  ,  DataTime: 0.006 (0.006)  ,  ForwardTime: 0.261  ,  TotalTime: 0.273  ,  Loss/total: 2.47032  ,  Loss/giou: 0.58602  ,  Loss/l1: 0.07965  ,  Loss/location: 0.88099  ,  pro_loss: 0.09520  ,  IoU: 0.49417
[train: Epoch 20, 625 / 625] FPS: 117.2 (118.6)  ,  DataTime: 0.006 (0.006)  ,  ForwardTime: 0.261  ,  TotalTime: 0.273  ,  Loss/total: 2.47014  ,  Loss/giou: 0.58610  ,  Loss/l1: 0.07955  ,  Loss/location: 0.88119  ,  pro_loss: 0.09506  ,  IoU: 0.49413
[val: Epoch 20, 50 / 156] FPS: 218.0 (245.9)  ,  DataTime: 0.020 (0.007)  ,  ForwardTime: 0.119  ,  TotalTime: 0.147  ,  Loss/total: 1.06961  ,  Loss/giou: 0.26875  ,  Loss/l1: 0.02310  ,  Loss/location: 0.41607  ,  pro_loss: 0.00271  ,  IoU: 0.75460
[val: Epoch 20, 100 / 156] FPS: 230.0 (244.0)  ,  DataTime: 0.013 (0.007)  ,  ForwardTime: 0.119  ,  TotalTime: 0.139  ,  Loss/total: 1.07644  ,  Loss/giou: 0.27178  ,  Loss/l1: 0.02319  ,  Loss/location: 0.41636  ,  pro_loss: 0.00292  ,  IoU: 0.75228
[val: Epoch 20, 150 / 156] FPS: 234.3 (248.1)  ,  DataTime: 0.010 (0.007)  ,  ForwardTime: 0.119  ,  TotalTime: 0.137  ,  Loss/total: 1.09065  ,  Loss/giou: 0.27536  ,  Loss/l1: 0.02378  ,  Loss/location: 0.42044  ,  pro_loss: 0.00285  ,  IoU: 0.74995
[val: Epoch 20, 156 / 156] FPS: 234.8 (248.9)  ,  DataTime: 0.010 (0.007)  ,  ForwardTime: 0.119  ,  TotalTime: 0.136  ,  Loss/total: 1.09261  ,  Loss/giou: 0.27592  ,  Loss/l1: 0.02385  ,  Loss/location: 0.42097  ,  pro_loss: 0.00274  ,  IoU: 0.74955
[train: Epoch 21, 50 / 625] FPS: 112.3 (117.5)  ,  DataTime: 0.018 (0.006)  ,  ForwardTime: 0.261  ,  TotalTime: 0.285  ,  Loss/total: 2.41374  ,  Loss/giou: 0.57552  ,  Loss/l1: 0.07619  ,  Loss/location: 0.86146  ,  pro_loss: 0.10146  ,  IoU: 0.50535
[train: Epoch 21, 100 / 625] FPS: 114.9 (117.9)  ,  DataTime: 0.011 (0.006)  ,  ForwardTime: 0.261  ,  TotalTime: 0.278  ,  Loss/total: 2.44188  ,  Loss/giou: 0.57965  ,  Loss/l1: 0.07798  ,  Loss/location: 0.87339  ,  pro_loss: 0.09646  ,  IoU: 0.50181
[train: Epoch 21, 150 / 625] FPS: 115.9 (118.1)  ,  DataTime: 0.009 (0.006)  ,  ForwardTime: 0.261  ,  TotalTime: 0.276  ,  Loss/total: 2.46126  ,  Loss/giou: 0.58525  ,  Loss/l1: 0.07983  ,  Loss/location: 0.87219  ,  pro_loss: 0.09709  ,  IoU: 0.49767
[train: Epoch 21, 200 / 625] FPS: 116.4 (118.1)  ,  DataTime: 0.008 (0.006)  ,  ForwardTime: 0.261  ,  TotalTime: 0.275  ,  Loss/total: 2.45476  ,  Loss/giou: 0.58311  ,  Loss/l1: 0.07930  ,  Loss/location: 0.87266  ,  pro_loss: 0.09688  ,  IoU: 0.49829
[train: Epoch 21, 250 / 625] FPS: 116.6 (118.3)  ,  DataTime: 0.007 (0.006)  ,  ForwardTime: 0.261  ,  TotalTime: 0.274  ,  Loss/total: 2.45873  ,  Loss/giou: 0.58385  ,  Loss/l1: 0.07951  ,  Loss/location: 0.87436  ,  pro_loss: 0.09554  ,  IoU: 0.49736
[train: Epoch 21, 300 / 625] FPS: 116.8 (118.0)  ,  DataTime: 0.007 (0.006)  ,  ForwardTime: 0.261  ,  TotalTime: 0.274  ,  Loss/total: 2.47425  ,  Loss/giou: 0.58726  ,  Loss/l1: 0.08026  ,  Loss/location: 0.87901  ,  pro_loss: 0.09698  ,  IoU: 0.49428
[train: Epoch 21, 350 / 625] FPS: 117.0 (118.4)  ,  DataTime: 0.007 (0.006)  ,  ForwardTime: 0.261  ,  TotalTime: 0.274  ,  Loss/total: 2.48034  ,  Loss/giou: 0.58835  ,  Loss/l1: 0.08047  ,  Loss/location: 0.88206  ,  pro_loss: 0.09607  ,  IoU: 0.49301
[train: Epoch 21, 400 / 625] FPS: 117.1 (117.8)  ,  DataTime: 0.006 (0.006)  ,  ForwardTime: 0.261  ,  TotalTime: 0.273  ,  Loss/total: 2.48492  ,  Loss/giou: 0.58910  ,  Loss/l1: 0.08066  ,  Loss/location: 0.88416  ,  pro_loss: 0.09636  ,  IoU: 0.49272
[train: Epoch 21, 450 / 625] FPS: 117.2 (117.9)  ,  DataTime: 0.006 (0.006)  ,  ForwardTime: 0.261  ,  TotalTime: 0.273  ,  Loss/total: 2.48391  ,  Loss/giou: 0.58916  ,  Loss/l1: 0.08075  ,  Loss/location: 0.88255  ,  pro_loss: 0.09651  ,  IoU: 0.49266
[train: Epoch 21, 500 / 625] FPS: 117.2 (117.9)  ,  DataTime: 0.006 (0.006)  ,  ForwardTime: 0.261  ,  TotalTime: 0.273  ,  Loss/total: 2.47681  ,  Loss/giou: 0.58769  ,  Loss/l1: 0.08049  ,  Loss/location: 0.87965  ,  pro_loss: 0.09663  ,  IoU: 0.49359
[train: Epoch 21, 550 / 625] FPS: 117.3 (117.0)  ,  DataTime: 0.006 (0.006)  ,  ForwardTime: 0.261  ,  TotalTime: 0.273  ,  Loss/total: 2.47765  ,  Loss/giou: 0.58804  ,  Loss/l1: 0.08059  ,  Loss/location: 0.87934  ,  pro_loss: 0.09629  ,  IoU: 0.49381
[train: Epoch 21, 600 / 625] FPS: 117.3 (118.1)  ,  DataTime: 0.006 (0.006)  ,  ForwardTime: 0.261  ,  TotalTime: 0.273  ,  Loss/total: 2.47838  ,  Loss/giou: 0.58888  ,  Loss/l1: 0.08059  ,  Loss/location: 0.87850  ,  pro_loss: 0.09596  ,  IoU: 0.49327
[train: Epoch 21, 625 / 625] FPS: 117.3 (118.4)  ,  DataTime: 0.006 (0.006)  ,  ForwardTime: 0.261  ,  TotalTime: 0.273  ,  Loss/total: 2.48071  ,  Loss/giou: 0.58931  ,  Loss/l1: 0.08071  ,  Loss/location: 0.87934  ,  pro_loss: 0.09607  ,  IoU: 0.49320
[train: Epoch 22, 50 / 625] FPS: 112.4 (118.1)  ,  DataTime: 0.017 (0.006)  ,  ForwardTime: 0.262  ,  TotalTime: 0.285  ,  Loss/total: 2.51822  ,  Loss/giou: 0.59801  ,  Loss/l1: 0.08348  ,  Loss/location: 0.88617  ,  pro_loss: 0.09313  ,  IoU: 0.48757
[train: Epoch 22, 100 / 625] FPS: 115.0 (118.2)  ,  DataTime: 0.011 (0.006)  ,  ForwardTime: 0.261  ,  TotalTime: 0.278  ,  Loss/total: 2.53757  ,  Loss/giou: 0.60154  ,  Loss/l1: 0.08477  ,  Loss/location: 0.89170  ,  pro_loss: 0.09469  ,  IoU: 0.48630
[train: Epoch 22, 150 / 625] FPS: 115.9 (118.0)  ,  DataTime: 0.009 (0.006)  ,  ForwardTime: 0.261  ,  TotalTime: 0.276  ,  Loss/total: 2.51125  ,  Loss/giou: 0.59500  ,  Loss/l1: 0.08305  ,  Loss/location: 0.88733  ,  pro_loss: 0.09341  ,  IoU: 0.49029
[train: Epoch 22, 200 / 625] FPS: 116.4 (118.4)  ,  DataTime: 0.008 (0.006)  ,  ForwardTime: 0.261  ,  TotalTime: 0.275  ,  Loss/total: 2.50282  ,  Loss/giou: 0.59344  ,  Loss/l1: 0.08207  ,  Loss/location: 0.88642  ,  pro_loss: 0.09589  ,  IoU: 0.49094
[train: Epoch 22, 250 / 625] FPS: 116.7 (118.4)  ,  DataTime: 0.007 (0.006)  ,  ForwardTime: 0.261  ,  TotalTime: 0.274  ,  Loss/total: 2.50372  ,  Loss/giou: 0.59422  ,  Loss/l1: 0.08219  ,  Loss/location: 0.88529  ,  pro_loss: 0.09517  ,  IoU: 0.49101
[train: Epoch 22, 300 / 625] FPS: 116.9 (117.9)  ,  DataTime: 0.007 (0.006)  ,  ForwardTime: 0.261  ,  TotalTime: 0.274  ,  Loss/total: 2.50429  ,  Loss/giou: 0.59428  ,  Loss/l1: 0.08232  ,  Loss/location: 0.88511  ,  pro_loss: 0.09518  ,  IoU: 0.49059
[train: Epoch 22, 350 / 625] FPS: 117.0 (117.7)  ,  DataTime: 0.006 (0.006)  ,  ForwardTime: 0.261  ,  TotalTime: 0.274  ,  Loss/total: 2.49587  ,  Loss/giou: 0.59244  ,  Loss/l1: 0.08178  ,  Loss/location: 0.88315  ,  pro_loss: 0.09462  ,  IoU: 0.49180
[train: Epoch 22, 400 / 625] FPS: 117.1 (117.8)  ,  DataTime: 0.006 (0.006)  ,  ForwardTime: 0.261  ,  TotalTime: 0.273  ,  Loss/total: 2.49425  ,  Loss/giou: 0.59213  ,  Loss/l1: 0.08179  ,  Loss/location: 0.88202  ,  pro_loss: 0.09511  ,  IoU: 0.49212
[train: Epoch 22, 450 / 625] FPS: 117.1 (118.4)  ,  DataTime: 0.006 (0.006)  ,  ForwardTime: 0.261  ,  TotalTime: 0.273  ,  Loss/total: 2.48943  ,  Loss/giou: 0.59122  ,  Loss/l1: 0.08169  ,  Loss/location: 0.87955  ,  pro_loss: 0.09491  ,  IoU: 0.49282
[train: Epoch 22, 500 / 625] FPS: 117.2 (118.0)  ,  DataTime: 0.006 (0.006)  ,  ForwardTime: 0.261  ,  TotalTime: 0.273  ,  Loss/total: 2.48693  ,  Loss/giou: 0.59070  ,  Loss/l1: 0.08168  ,  Loss/location: 0.87809  ,  pro_loss: 0.09532  ,  IoU: 0.49313
[train: Epoch 22, 550 / 625] FPS: 117.2 (117.7)  ,  DataTime: 0.006 (0.006)  ,  ForwardTime: 0.261  ,  TotalTime: 0.273  ,  Loss/total: 2.49172  ,  Loss/giou: 0.59160  ,  Loss/l1: 0.08205  ,  Loss/location: 0.87914  ,  pro_loss: 0.09568  ,  IoU: 0.49236
[train: Epoch 22, 600 / 625] FPS: 117.2 (117.7)  ,  DataTime: 0.006 (0.006)  ,  ForwardTime: 0.261  ,  TotalTime: 0.273  ,  Loss/total: 2.48445  ,  Loss/giou: 0.59006  ,  Loss/l1: 0.08187  ,  Loss/location: 0.87570  ,  pro_loss: 0.09639  ,  IoU: 0.49347
[train: Epoch 22, 625 / 625] FPS: 117.3 (118.9)  ,  DataTime: 0.006 (0.006)  ,  ForwardTime: 0.261  ,  TotalTime: 0.273  ,  Loss/total: 2.48177  ,  Loss/giou: 0.58945  ,  Loss/l1: 0.08173  ,  Loss/location: 0.87491  ,  pro_loss: 0.09655  ,  IoU: 0.49386
[train: Epoch 23, 50 / 625] FPS: 112.2 (117.9)  ,  DataTime: 0.018 (0.006)  ,  ForwardTime: 0.261  ,  TotalTime: 0.285  ,  Loss/total: 2.32146  ,  Loss/giou: 0.55135  ,  Loss/l1: 0.07352  ,  Loss/location: 0.83232  ,  pro_loss: 0.09417  ,  IoU: 0.52480
[train: Epoch 23, 100 / 625] FPS: 115.0 (118.2)  ,  DataTime: 0.011 (0.006)  ,  ForwardTime: 0.261  ,  TotalTime: 0.278  ,  Loss/total: 2.37829  ,  Loss/giou: 0.56489  ,  Loss/l1: 0.07568  ,  Loss/location: 0.85153  ,  pro_loss: 0.09302  ,  IoU: 0.51485
[train: Epoch 23, 150 / 625] FPS: 115.9 (117.8)  ,  DataTime: 0.009 (0.006)  ,  ForwardTime: 0.261  ,  TotalTime: 0.276  ,  Loss/total: 2.41827  ,  Loss/giou: 0.57410  ,  Loss/l1: 0.07786  ,  Loss/location: 0.86225  ,  pro_loss: 0.09257  ,  IoU: 0.50669
[train: Epoch 23, 200 / 625] FPS: 116.4 (115.8)  ,  DataTime: 0.008 (0.006)  ,  ForwardTime: 0.261  ,  TotalTime: 0.275  ,  Loss/total: 2.42933  ,  Loss/giou: 0.57678  ,  Loss/l1: 0.07850  ,  Loss/location: 0.86453  ,  pro_loss: 0.09359  ,  IoU: 0.50361
[train: Epoch 23, 250 / 625] FPS: 116.6 (117.4)  ,  DataTime: 0.007 (0.006)  ,  ForwardTime: 0.261  ,  TotalTime: 0.274  ,  Loss/total: 2.43493  ,  Loss/giou: 0.57769  ,  Loss/l1: 0.07861  ,  Loss/location: 0.86774  ,  pro_loss: 0.09379  ,  IoU: 0.50243
[train: Epoch 23, 300 / 625] FPS: 116.8 (118.0)  ,  DataTime: 0.007 (0.006)  ,  ForwardTime: 0.261  ,  TotalTime: 0.274  ,  Loss/total: 2.44133  ,  Loss/giou: 0.57917  ,  Loss/l1: 0.07885  ,  Loss/location: 0.86986  ,  pro_loss: 0.09445  ,  IoU: 0.50118
[train: Epoch 23, 350 / 625] FPS: 116.9 (118.3)  ,  DataTime: 0.007 (0.006)  ,  ForwardTime: 0.261  ,  TotalTime: 0.274  ,  Loss/total: 2.43889  ,  Loss/giou: 0.57901  ,  Loss/l1: 0.07901  ,  Loss/location: 0.86660  ,  pro_loss: 0.09604  ,  IoU: 0.50131
[train: Epoch 23, 400 / 625] FPS: 117.0 (118.1)  ,  DataTime: 0.006 (0.006)  ,  ForwardTime: 0.261  ,  TotalTime: 0.273  ,  Loss/total: 2.43778  ,  Loss/giou: 0.57870  ,  Loss/l1: 0.07906  ,  Loss/location: 0.86586  ,  pro_loss: 0.09620  ,  IoU: 0.50167
[train: Epoch 23, 450 / 625] FPS: 117.1 (117.7)  ,  DataTime: 0.006 (0.006)  ,  ForwardTime: 0.261  ,  TotalTime: 0.273  ,  Loss/total: 2.44057  ,  Loss/giou: 0.58003  ,  Loss/l1: 0.07911  ,  Loss/location: 0.86571  ,  pro_loss: 0.09614  ,  IoU: 0.49985
[train: Epoch 23, 500 / 625] FPS: 117.1 (117.6)  ,  DataTime: 0.006 (0.006)  ,  ForwardTime: 0.261  ,  TotalTime: 0.273  ,  Loss/total: 2.43993  ,  Loss/giou: 0.58035  ,  Loss/l1: 0.07909  ,  Loss/location: 0.86452  ,  pro_loss: 0.09621  ,  IoU: 0.49959
[train: Epoch 23, 550 / 625] FPS: 117.2 (117.5)  ,  DataTime: 0.006 (0.006)  ,  ForwardTime: 0.261  ,  TotalTime: 0.273  ,  Loss/total: 2.43888  ,  Loss/giou: 0.58023  ,  Loss/l1: 0.07892  ,  Loss/location: 0.86456  ,  pro_loss: 0.09644  ,  IoU: 0.49984
[train: Epoch 23, 600 / 625] FPS: 117.2 (117.7)  ,  DataTime: 0.006 (0.006)  ,  ForwardTime: 0.261  ,  TotalTime: 0.273  ,  Loss/total: 2.44471  ,  Loss/giou: 0.58169  ,  Loss/l1: 0.07920  ,  Loss/location: 0.86598  ,  pro_loss: 0.09679  ,  IoU: 0.49896
[train: Epoch 23, 625 / 625] FPS: 117.3 (117.7)  ,  DataTime: 0.006 (0.006)  ,  ForwardTime: 0.261  ,  TotalTime: 0.273  ,  Loss/total: 2.44585  ,  Loss/giou: 0.58177  ,  Loss/l1: 0.07916  ,  Loss/location: 0.86715  ,  pro_loss: 0.09675  ,  IoU: 0.49882
[train: Epoch 24, 50 / 625] FPS: 112.0 (118.0)  ,  DataTime: 0.018 (0.006)  ,  ForwardTime: 0.261  ,  TotalTime: 0.286  ,  Loss/total: 2.45052  ,  Loss/giou: 0.58742  ,  Loss/l1: 0.07986  ,  Loss/location: 0.85667  ,  pro_loss: 0.09855  ,  IoU: 0.49673
[train: Epoch 24, 100 / 625] FPS: 114.8 (117.7)  ,  DataTime: 0.012 (0.006)  ,  ForwardTime: 0.261  ,  TotalTime: 0.279  ,  Loss/total: 2.42457  ,  Loss/giou: 0.58235  ,  Loss/l1: 0.07867  ,  Loss/location: 0.84718  ,  pro_loss: 0.09677  ,  IoU: 0.50164
[train: Epoch 24, 150 / 625] FPS: 115.8 (118.0)  ,  DataTime: 0.009 (0.006)  ,  ForwardTime: 0.261  ,  TotalTime: 0.276  ,  Loss/total: 2.42826  ,  Loss/giou: 0.58090  ,  Loss/l1: 0.07931  ,  Loss/location: 0.85050  ,  pro_loss: 0.09716  ,  IoU: 0.50189
[train: Epoch 24, 200 / 625] FPS: 116.3 (117.7)  ,  DataTime: 0.008 (0.006)  ,  ForwardTime: 0.261  ,  TotalTime: 0.275  ,  Loss/total: 2.43279  ,  Loss/giou: 0.58056  ,  Loss/l1: 0.07932  ,  Loss/location: 0.85537  ,  pro_loss: 0.09834  ,  IoU: 0.50238
[train: Epoch 24, 250 / 625] FPS: 116.6 (118.7)  ,  DataTime: 0.007 (0.006)  ,  ForwardTime: 0.261  ,  TotalTime: 0.274  ,  Loss/total: 2.43172  ,  Loss/giou: 0.58098  ,  Loss/l1: 0.07903  ,  Loss/location: 0.85487  ,  pro_loss: 0.09867  ,  IoU: 0.50125
[train: Epoch 24, 300 / 625] FPS: 116.7 (117.5)  ,  DataTime: 0.007 (0.006)  ,  ForwardTime: 0.261  ,  TotalTime: 0.274  ,  Loss/total: 2.42815  ,  Loss/giou: 0.58077  ,  Loss/l1: 0.07879  ,  Loss/location: 0.85283  ,  pro_loss: 0.09913  ,  IoU: 0.50069
[train: Epoch 24, 350 / 625] FPS: 116.8 (117.4)  ,  DataTime: 0.007 (0.006)  ,  ForwardTime: 0.261  ,  TotalTime: 0.274  ,  Loss/total: 2.43577  ,  Loss/giou: 0.58213  ,  Loss/l1: 0.07917  ,  Loss/location: 0.85602  ,  pro_loss: 0.09813  ,  IoU: 0.49954
[train: Epoch 24, 400 / 625] FPS: 116.9 (117.7)  ,  DataTime: 0.006 (0.006)  ,  ForwardTime: 0.261  ,  TotalTime: 0.274  ,  Loss/total: 2.44400  ,  Loss/giou: 0.58381  ,  Loss/l1: 0.07969  ,  Loss/location: 0.85835  ,  pro_loss: 0.09797  ,  IoU: 0.49752
[train: Epoch 24, 450 / 625] FPS: 117.0 (117.7)  ,  DataTime: 0.006 (0.006)  ,  ForwardTime: 0.261  ,  TotalTime: 0.273  ,  Loss/total: 2.43944  ,  Loss/giou: 0.58249  ,  Loss/l1: 0.07936  ,  Loss/location: 0.85806  ,  pro_loss: 0.09804  ,  IoU: 0.49828
[train: Epoch 24, 500 / 625] FPS: 117.1 (117.7)  ,  DataTime: 0.006 (0.006)  ,  ForwardTime: 0.261  ,  TotalTime: 0.273  ,  Loss/total: 2.44175  ,  Loss/giou: 0.58272  ,  Loss/l1: 0.07944  ,  Loss/location: 0.85944  ,  pro_loss: 0.09836  ,  IoU: 0.49826
[train: Epoch 24, 550 / 625] FPS: 117.1 (118.0)  ,  DataTime: 0.006 (0.006)  ,  ForwardTime: 0.261  ,  TotalTime: 0.273  ,  Loss/total: 2.44215  ,  Loss/giou: 0.58258  ,  Loss/l1: 0.07945  ,  Loss/location: 0.86002  ,  pro_loss: 0.09849  ,  IoU: 0.49791
[train: Epoch 24, 600 / 625] FPS: 117.2 (117.5)  ,  DataTime: 0.006 (0.006)  ,  ForwardTime: 0.261  ,  TotalTime: 0.273  ,  Loss/total: 2.44631  ,  Loss/giou: 0.58322  ,  Loss/l1: 0.07975  ,  Loss/location: 0.86137  ,  pro_loss: 0.09875  ,  IoU: 0.49762
[train: Epoch 24, 625 / 625] FPS: 117.2 (118.4)  ,  DataTime: 0.006 (0.006)  ,  ForwardTime: 0.261  ,  TotalTime: 0.273  ,  Loss/total: 2.44692  ,  Loss/giou: 0.58322  ,  Loss/l1: 0.07994  ,  Loss/location: 0.86100  ,  pro_loss: 0.09900  ,  IoU: 0.49753
[train: Epoch 25, 50 / 625] FPS: 112.6 (118.1)  ,  DataTime: 0.017 (0.006)  ,  ForwardTime: 0.262  ,  TotalTime: 0.284  ,  Loss/total: 2.35468  ,  Loss/giou: 0.55909  ,  Loss/l1: 0.07461  ,  Loss/location: 0.84325  ,  pro_loss: 0.10104  ,  IoU: 0.51432
[train: Epoch 25, 100 / 625] FPS: 115.1 (118.5)  ,  DataTime: 0.011 (0.006)  ,  ForwardTime: 0.261  ,  TotalTime: 0.278  ,  Loss/total: 2.41338  ,  Loss/giou: 0.57479  ,  Loss/l1: 0.07746  ,  Loss/location: 0.85642  ,  pro_loss: 0.10032  ,  IoU: 0.50576
[train: Epoch 25, 150 / 625] FPS: 116.0 (117.9)  ,  DataTime: 0.009 (0.006)  ,  ForwardTime: 0.261  ,  TotalTime: 0.276  ,  Loss/total: 2.42990  ,  Loss/giou: 0.57842  ,  Loss/l1: 0.07743  ,  Loss/location: 0.86608  ,  pro_loss: 0.09924  ,  IoU: 0.50118
[train: Epoch 25, 200 / 625] FPS: 116.5 (117.3)  ,  DataTime: 0.008 (0.006)  ,  ForwardTime: 0.261  ,  TotalTime: 0.275  ,  Loss/total: 2.42608  ,  Loss/giou: 0.57772  ,  Loss/l1: 0.07790  ,  Loss/location: 0.86137  ,  pro_loss: 0.09880  ,  IoU: 0.50128
[train: Epoch 25, 250 / 625] FPS: 116.7 (117.8)  ,  DataTime: 0.007 (0.006)  ,  ForwardTime: 0.261  ,  TotalTime: 0.274  ,  Loss/total: 2.41827  ,  Loss/giou: 0.57453  ,  Loss/l1: 0.07801  ,  Loss/location: 0.85945  ,  pro_loss: 0.09871  ,  IoU: 0.50403
[train: Epoch 25, 300 / 625] FPS: 116.9 (118.2)  ,  DataTime: 0.007 (0.006)  ,  ForwardTime: 0.261  ,  TotalTime: 0.274  ,  Loss/total: 2.42293  ,  Loss/giou: 0.57606  ,  Loss/l1: 0.07829  ,  Loss/location: 0.85962  ,  pro_loss: 0.09868  ,  IoU: 0.50233
[train: Epoch 25, 350 / 625] FPS: 117.0 (117.7)  ,  DataTime: 0.006 (0.006)  ,  ForwardTime: 0.261  ,  TotalTime: 0.274  ,  Loss/total: 2.42101  ,  Loss/giou: 0.57542  ,  Loss/l1: 0.07820  ,  Loss/location: 0.85943  ,  pro_loss: 0.09867  ,  IoU: 0.50279
[train: Epoch 25, 400 / 625] FPS: 117.1 (117.9)  ,  DataTime: 0.006 (0.006)  ,  ForwardTime: 0.261  ,  TotalTime: 0.273  ,  Loss/total: 2.41743  ,  Loss/giou: 0.57433  ,  Loss/l1: 0.07805  ,  Loss/location: 0.85870  ,  pro_loss: 0.09902  ,  IoU: 0.50369
[train: Epoch 25, 450 / 625] FPS: 117.1 (118.1)  ,  DataTime: 0.006 (0.006)  ,  ForwardTime: 0.261  ,  TotalTime: 0.273  ,  Loss/total: 2.42051  ,  Loss/giou: 0.57547  ,  Loss/l1: 0.07823  ,  Loss/location: 0.85864  ,  pro_loss: 0.09896  ,  IoU: 0.50320
[train: Epoch 25, 500 / 625] FPS: 117.1 (117.5)  ,  DataTime: 0.006 (0.006)  ,  ForwardTime: 0.261  ,  TotalTime: 0.273  ,  Loss/total: 2.42483  ,  Loss/giou: 0.57617  ,  Loss/l1: 0.07849  ,  Loss/location: 0.86013  ,  pro_loss: 0.09955  ,  IoU: 0.50278
[train: Epoch 25, 550 / 625] FPS: 117.2 (117.5)  ,  DataTime: 0.006 (0.006)  ,  ForwardTime: 0.261  ,  TotalTime: 0.273  ,  Loss/total: 2.42132  ,  Loss/giou: 0.57560  ,  Loss/l1: 0.07835  ,  Loss/location: 0.85849  ,  pro_loss: 0.09926  ,  IoU: 0.50319
[train: Epoch 25, 600 / 625] FPS: 117.2 (117.7)  ,  DataTime: 0.006 (0.006)  ,  ForwardTime: 0.261  ,  TotalTime: 0.273  ,  Loss/total: 2.41565  ,  Loss/giou: 0.57414  ,  Loss/l1: 0.07824  ,  Loss/location: 0.85627  ,  pro_loss: 0.09956  ,  IoU: 0.50443
[train: Epoch 25, 625 / 625] FPS: 117.2 (118.5)  ,  DataTime: 0.006 (0.006)  ,  ForwardTime: 0.261  ,  TotalTime: 0.273  ,  Loss/total: 2.41558  ,  Loss/giou: 0.57413  ,  Loss/l1: 0.07818  ,  Loss/location: 0.85653  ,  pro_loss: 0.09938  ,  IoU: 0.50431
[val: Epoch 25, 50 / 156] FPS: 218.9 (246.5)  ,  DataTime: 0.020 (0.007)  ,  ForwardTime: 0.119  ,  TotalTime: 0.146  ,  Loss/total: 1.07495  ,  Loss/giou: 0.27083  ,  Loss/l1: 0.02371  ,  Loss/location: 0.41375  ,  pro_loss: 0.00500  ,  IoU: 0.75459
[val: Epoch 25, 100 / 156] FPS: 230.5 (244.0)  ,  DataTime: 0.012 (0.007)  ,  ForwardTime: 0.119  ,  TotalTime: 0.139  ,  Loss/total: 1.04249  ,  Loss/giou: 0.26245  ,  Loss/l1: 0.02148  ,  Loss/location: 0.40918  ,  pro_loss: 0.00490  ,  IoU: 0.75926
[val: Epoch 25, 150 / 156] FPS: 234.8 (247.3)  ,  DataTime: 0.010 (0.007)  ,  ForwardTime: 0.119  ,  TotalTime: 0.136  ,  Loss/total: 1.04393  ,  Loss/giou: 0.26280  ,  Loss/l1: 0.02140  ,  Loss/location: 0.41039  ,  pro_loss: 0.00479  ,  IoU: 0.75848
[val: Epoch 25, 156 / 156] FPS: 235.3 (249.8)  ,  DataTime: 0.010 (0.007)  ,  ForwardTime: 0.119  ,  TotalTime: 0.136  ,  Loss/total: 1.03807  ,  Loss/giou: 0.26193  ,  Loss/l1: 0.02118  ,  Loss/location: 0.40738  ,  pro_loss: 0.00467  ,  IoU: 0.75892
[train: Epoch 26, 50 / 625] FPS: 112.3 (117.8)  ,  DataTime: 0.018 (0.006)  ,  ForwardTime: 0.261  ,  TotalTime: 0.285  ,  Loss/total: 2.45066  ,  Loss/giou: 0.58073  ,  Loss/l1: 0.08078  ,  Loss/location: 0.86545  ,  pro_loss: 0.09938  ,  IoU: 0.49839
[train: Epoch 26, 100 / 625] FPS: 114.9 (117.6)  ,  DataTime: 0.011 (0.006)  ,  ForwardTime: 0.261  ,  TotalTime: 0.278  ,  Loss/total: 2.44597  ,  Loss/giou: 0.57872  ,  Loss/l1: 0.08047  ,  Loss/location: 0.86679  ,  pro_loss: 0.09688  ,  IoU: 0.49910
[train: Epoch 26, 150 / 625] FPS: 115.9 (117.9)  ,  DataTime: 0.009 (0.006)  ,  ForwardTime: 0.261  ,  TotalTime: 0.276  ,  Loss/total: 2.44543  ,  Loss/giou: 0.57882  ,  Loss/l1: 0.08017  ,  Loss/location: 0.86723  ,  pro_loss: 0.09855  ,  IoU: 0.49822
[train: Epoch 26, 200 / 625] FPS: 116.4 (117.6)  ,  DataTime: 0.008 (0.006)  ,  ForwardTime: 0.261  ,  TotalTime: 0.275  ,  Loss/total: 2.43217  ,  Loss/giou: 0.57738  ,  Loss/l1: 0.07956  ,  Loss/location: 0.85982  ,  pro_loss: 0.09901  ,  IoU: 0.49991
[train: Epoch 26, 250 / 625] FPS: 116.6 (117.7)  ,  DataTime: 0.007 (0.006)  ,  ForwardTime: 0.261  ,  TotalTime: 0.274  ,  Loss/total: 2.43964  ,  Loss/giou: 0.57950  ,  Loss/l1: 0.07976  ,  Loss/location: 0.86191  ,  pro_loss: 0.09972  ,  IoU: 0.49860
[train: Epoch 26, 300 / 625] FPS: 116.8 (117.7)  ,  DataTime: 0.007 (0.006)  ,  ForwardTime: 0.261  ,  TotalTime: 0.274  ,  Loss/total: 2.43624  ,  Loss/giou: 0.57895  ,  Loss/l1: 0.07943  ,  Loss/location: 0.86111  ,  pro_loss: 0.10036  ,  IoU: 0.49909
[train: Epoch 26, 350 / 625] FPS: 117.0 (118.1)  ,  DataTime: 0.007 (0.006)  ,  ForwardTime: 0.261  ,  TotalTime: 0.274  ,  Loss/total: 2.43300  ,  Loss/giou: 0.57851  ,  Loss/l1: 0.07945  ,  Loss/location: 0.85877  ,  pro_loss: 0.09995  ,  IoU: 0.50024
[train: Epoch 26, 400 / 625] FPS: 117.1 (118.1)  ,  DataTime: 0.006 (0.006)  ,  ForwardTime: 0.261  ,  TotalTime: 0.273  ,  Loss/total: 2.43337  ,  Loss/giou: 0.57838  ,  Loss/l1: 0.07961  ,  Loss/location: 0.85856  ,  pro_loss: 0.10001  ,  IoU: 0.50077
[train: Epoch 26, 450 / 625] FPS: 117.2 (118.3)  ,  DataTime: 0.006 (0.006)  ,  ForwardTime: 0.261  ,  TotalTime: 0.273  ,  Loss/total: 2.42688  ,  Loss/giou: 0.57691  ,  Loss/l1: 0.07923  ,  Loss/location: 0.85701  ,  pro_loss: 0.09959  ,  IoU: 0.50154
[train: Epoch 26, 500 / 625] FPS: 117.2 (117.8)  ,  DataTime: 0.006 (0.006)  ,  ForwardTime: 0.261  ,  TotalTime: 0.273  ,  Loss/total: 2.42570  ,  Loss/giou: 0.57732  ,  Loss/l1: 0.07914  ,  Loss/location: 0.85543  ,  pro_loss: 0.09959  ,  IoU: 0.50158
[train: Epoch 26, 550 / 625] FPS: 117.2 (117.8)  ,  DataTime: 0.006 (0.006)  ,  ForwardTime: 0.261  ,  TotalTime: 0.273  ,  Loss/total: 2.42632  ,  Loss/giou: 0.57761  ,  Loss/l1: 0.07916  ,  Loss/location: 0.85549  ,  pro_loss: 0.09912  ,  IoU: 0.50157
[train: Epoch 26, 600 / 625] FPS: 117.3 (117.6)  ,  DataTime: 0.006 (0.006)  ,  ForwardTime: 0.261  ,  TotalTime: 0.273  ,  Loss/total: 2.42004  ,  Loss/giou: 0.57610  ,  Loss/l1: 0.07863  ,  Loss/location: 0.85477  ,  pro_loss: 0.09964  ,  IoU: 0.50269
[train: Epoch 26, 625 / 625] FPS: 117.3 (118.5)  ,  DataTime: 0.006 (0.006)  ,  ForwardTime: 0.261  ,  TotalTime: 0.273  ,  Loss/total: 2.41875  ,  Loss/giou: 0.57594  ,  Loss/l1: 0.07850  ,  Loss/location: 0.85444  ,  pro_loss: 0.09964  ,  IoU: 0.50291
[train: Epoch 27, 50 / 625] FPS: 112.1 (118.1)  ,  DataTime: 0.018 (0.006)  ,  ForwardTime: 0.261  ,  TotalTime: 0.285  ,  Loss/total: 2.38818  ,  Loss/giou: 0.56756  ,  Loss/l1: 0.07734  ,  Loss/location: 0.84646  ,  pro_loss: 0.09958  ,  IoU: 0.51118
[train: Epoch 27, 100 / 625] FPS: 114.8 (114.5)  ,  DataTime: 0.011 (0.006)  ,  ForwardTime: 0.261  ,  TotalTime: 0.279  ,  Loss/total: 2.43393  ,  Loss/giou: 0.57863  ,  Loss/l1: 0.07955  ,  Loss/location: 0.85984  ,  pro_loss: 0.09542  ,  IoU: 0.50215
[train: Epoch 27, 150 / 625] FPS: 115.7 (117.6)  ,  DataTime: 0.009 (0.006)  ,  ForwardTime: 0.261  ,  TotalTime: 0.277  ,  Loss/total: 2.45129  ,  Loss/giou: 0.58442  ,  Loss/l1: 0.08024  ,  Loss/location: 0.86173  ,  pro_loss: 0.09750  ,  IoU: 0.49845
[train: Epoch 27, 200 / 625] FPS: 116.2 (117.8)  ,  DataTime: 0.008 (0.006)  ,  ForwardTime: 0.261  ,  TotalTime: 0.275  ,  Loss/total: 2.42346  ,  Loss/giou: 0.57747  ,  Loss/l1: 0.07900  ,  Loss/location: 0.85374  ,  pro_loss: 0.09891  ,  IoU: 0.50247
[train: Epoch 27, 250 / 625] FPS: 116.5 (117.8)  ,  DataTime: 0.007 (0.006)  ,  ForwardTime: 0.261  ,  TotalTime: 0.275  ,  Loss/total: 2.40193  ,  Loss/giou: 0.57336  ,  Loss/l1: 0.07790  ,  Loss/location: 0.84598  ,  pro_loss: 0.09858  ,  IoU: 0.50503
[train: Epoch 27, 300 / 625] FPS: 116.7 (117.8)  ,  DataTime: 0.007 (0.006)  ,  ForwardTime: 0.261  ,  TotalTime: 0.274  ,  Loss/total: 2.38641  ,  Loss/giou: 0.57031  ,  Loss/l1: 0.07684  ,  Loss/location: 0.84208  ,  pro_loss: 0.09757  ,  IoU: 0.50786
[train: Epoch 27, 350 / 625] FPS: 116.9 (117.8)  ,  DataTime: 0.007 (0.006)  ,  ForwardTime: 0.261  ,  TotalTime: 0.274  ,  Loss/total: 2.38655  ,  Loss/giou: 0.57142  ,  Loss/l1: 0.07661  ,  Loss/location: 0.84131  ,  pro_loss: 0.09676  ,  IoU: 0.50761
[train: Epoch 27, 400 / 625] FPS: 117.0 (117.7)  ,  DataTime: 0.006 (0.006)  ,  ForwardTime: 0.261  ,  TotalTime: 0.274  ,  Loss/total: 2.38210  ,  Loss/giou: 0.57016  ,  Loss/l1: 0.07642  ,  Loss/location: 0.84046  ,  pro_loss: 0.09620  ,  IoU: 0.50847
[train: Epoch 27, 450 / 625] FPS: 117.1 (118.0)  ,  DataTime: 0.006 (0.006)  ,  ForwardTime: 0.261  ,  TotalTime: 0.273  ,  Loss/total: 2.37069  ,  Loss/giou: 0.56665  ,  Loss/l1: 0.07593  ,  Loss/location: 0.83846  ,  pro_loss: 0.09641  ,  IoU: 0.51078
[train: Epoch 27, 500 / 625] FPS: 117.1 (118.5)  ,  DataTime: 0.006 (0.006)  ,  ForwardTime: 0.261  ,  TotalTime: 0.273  ,  Loss/total: 2.37857  ,  Loss/giou: 0.56816  ,  Loss/l1: 0.07630  ,  Loss/location: 0.84153  ,  pro_loss: 0.09598  ,  IoU: 0.50915
[train: Epoch 27, 550 / 625] FPS: 117.1 (117.6)  ,  DataTime: 0.006 (0.006)  ,  ForwardTime: 0.261  ,  TotalTime: 0.273  ,  Loss/total: 2.37736  ,  Loss/giou: 0.56756  ,  Loss/l1: 0.07632  ,  Loss/location: 0.84143  ,  pro_loss: 0.09602  ,  IoU: 0.50942
[train: Epoch 27, 600 / 625] FPS: 117.2 (117.6)  ,  DataTime: 0.006 (0.006)  ,  ForwardTime: 0.261  ,  TotalTime: 0.273  ,  Loss/total: 2.37748  ,  Loss/giou: 0.56738  ,  Loss/l1: 0.07636  ,  Loss/location: 0.84171  ,  pro_loss: 0.09608  ,  IoU: 0.50949
[train: Epoch 27, 625 / 625] FPS: 117.2 (118.8)  ,  DataTime: 0.006 (0.006)  ,  ForwardTime: 0.261  ,  TotalTime: 0.273  ,  Loss/total: 2.37797  ,  Loss/giou: 0.56738  ,  Loss/l1: 0.07641  ,  Loss/location: 0.84187  ,  pro_loss: 0.09639  ,  IoU: 0.50953
[train: Epoch 28, 50 / 625] FPS: 112.7 (117.7)  ,  DataTime: 0.017 (0.006)  ,  ForwardTime: 0.261  ,  TotalTime: 0.284  ,  Loss/total: 2.39697  ,  Loss/giou: 0.56656  ,  Loss/l1: 0.07615  ,  Loss/location: 0.86330  ,  pro_loss: 0.09896  ,  IoU: 0.50992
[train: Epoch 28, 100 / 625] FPS: 115.2 (117.9)  ,  DataTime: 0.011 (0.006)  ,  ForwardTime: 0.261  ,  TotalTime: 0.278  ,  Loss/total: 2.37314  ,  Loss/giou: 0.56198  ,  Loss/l1: 0.07587  ,  Loss/location: 0.85053  ,  pro_loss: 0.09636  ,  IoU: 0.51354
[train: Epoch 28, 150 / 625] FPS: 116.0 (117.9)  ,  DataTime: 0.009 (0.006)  ,  ForwardTime: 0.261  ,  TotalTime: 0.276  ,  Loss/total: 2.35745  ,  Loss/giou: 0.55817  ,  Loss/l1: 0.07511  ,  Loss/location: 0.84634  ,  pro_loss: 0.09611  ,  IoU: 0.51614
[train: Epoch 28, 200 / 625] FPS: 116.5 (118.2)  ,  DataTime: 0.008 (0.006)  ,  ForwardTime: 0.261  ,  TotalTime: 0.275  ,  Loss/total: 2.35298  ,  Loss/giou: 0.55843  ,  Loss/l1: 0.07496  ,  Loss/location: 0.84182  ,  pro_loss: 0.09740  ,  IoU: 0.51675
[train: Epoch 28, 250 / 625] FPS: 116.7 (118.1)  ,  DataTime: 0.007 (0.006)  ,  ForwardTime: 0.261  ,  TotalTime: 0.274  ,  Loss/total: 2.35646  ,  Loss/giou: 0.56015  ,  Loss/l1: 0.07533  ,  Loss/location: 0.83983  ,  pro_loss: 0.09846  ,  IoU: 0.51636
[train: Epoch 28, 300 / 625] FPS: 116.9 (118.7)  ,  DataTime: 0.007 (0.006)  ,  ForwardTime: 0.261  ,  TotalTime: 0.274  ,  Loss/total: 2.35556  ,  Loss/giou: 0.56057  ,  Loss/l1: 0.07546  ,  Loss/location: 0.83748  ,  pro_loss: 0.09816  ,  IoU: 0.51621
[train: Epoch 28, 350 / 625] FPS: 117.1 (118.0)  ,  DataTime: 0.006 (0.006)  ,  ForwardTime: 0.261  ,  TotalTime: 0.273  ,  Loss/total: 2.36396  ,  Loss/giou: 0.56272  ,  Loss/l1: 0.07591  ,  Loss/location: 0.83928  ,  pro_loss: 0.09857  ,  IoU: 0.51500
[train: Epoch 28, 400 / 625] FPS: 117.2 (118.0)  ,  DataTime: 0.006 (0.006)  ,  ForwardTime: 0.261  ,  TotalTime: 0.273  ,  Loss/total: 2.36702  ,  Loss/giou: 0.56389  ,  Loss/l1: 0.07613  ,  Loss/location: 0.83898  ,  pro_loss: 0.09813  ,  IoU: 0.51392
[train: Epoch 28, 450 / 625] FPS: 117.1 (117.6)  ,  DataTime: 0.006 (0.006)  ,  ForwardTime: 0.261  ,  TotalTime: 0.273  ,  Loss/total: 2.36820  ,  Loss/giou: 0.56407  ,  Loss/l1: 0.07615  ,  Loss/location: 0.83975  ,  pro_loss: 0.09776  ,  IoU: 0.51399
[train: Epoch 28, 500 / 625] FPS: 117.2 (117.3)  ,  DataTime: 0.006 (0.006)  ,  ForwardTime: 0.261  ,  TotalTime: 0.273  ,  Loss/total: 2.35927  ,  Loss/giou: 0.56272  ,  Loss/l1: 0.07590  ,  Loss/location: 0.83491  ,  pro_loss: 0.09696  ,  IoU: 0.51517
[train: Epoch 28, 550 / 625] FPS: 117.2 (117.7)  ,  DataTime: 0.006 (0.006)  ,  ForwardTime: 0.261  ,  TotalTime: 0.273  ,  Loss/total: 2.36117  ,  Loss/giou: 0.56346  ,  Loss/l1: 0.07607  ,  Loss/location: 0.83465  ,  pro_loss: 0.09642  ,  IoU: 0.51456
[train: Epoch 28, 600 / 625] FPS: 117.2 (116.9)  ,  DataTime: 0.006 (0.006)  ,  ForwardTime: 0.261  ,  TotalTime: 0.273  ,  Loss/total: 2.37205  ,  Loss/giou: 0.56552  ,  Loss/l1: 0.07646  ,  Loss/location: 0.83939  ,  pro_loss: 0.09651  ,  IoU: 0.51314
[train: Epoch 28, 625 / 625] FPS: 117.3 (118.7)  ,  DataTime: 0.006 (0.006)  ,  ForwardTime: 0.261  ,  TotalTime: 0.273  ,  Loss/total: 2.37298  ,  Loss/giou: 0.56617  ,  Loss/l1: 0.07657  ,  Loss/location: 0.83853  ,  pro_loss: 0.09642  ,  IoU: 0.51279
[train: Epoch 29, 50 / 625] FPS: 112.6 (118.2)  ,  DataTime: 0.017 (0.006)  ,  ForwardTime: 0.261  ,  TotalTime: 0.284  ,  Loss/total: 2.42535  ,  Loss/giou: 0.57783  ,  Loss/l1: 0.07954  ,  Loss/location: 0.85253  ,  pro_loss: 0.09730  ,  IoU: 0.50805
[train: Epoch 29, 100 / 625] FPS: 115.1 (118.0)  ,  DataTime: 0.011 (0.006)  ,  ForwardTime: 0.261  ,  TotalTime: 0.278  ,  Loss/total: 2.41555  ,  Loss/giou: 0.57710  ,  Loss/l1: 0.07897  ,  Loss/location: 0.84735  ,  pro_loss: 0.09584  ,  IoU: 0.50666
[train: Epoch 29, 150 / 625] FPS: 116.0 (117.9)  ,  DataTime: 0.009 (0.006)  ,  ForwardTime: 0.261  ,  TotalTime: 0.276  ,  Loss/total: 2.44572  ,  Loss/giou: 0.58200  ,  Loss/l1: 0.07983  ,  Loss/location: 0.86286  ,  pro_loss: 0.09848  ,  IoU: 0.50194
[train: Epoch 29, 200 / 625] FPS: 116.5 (117.1)  ,  DataTime: 0.008 (0.006)  ,  ForwardTime: 0.261  ,  TotalTime: 0.275  ,  Loss/total: 2.44134  ,  Loss/giou: 0.58182  ,  Loss/l1: 0.07958  ,  Loss/location: 0.85970  ,  pro_loss: 0.10044  ,  IoU: 0.50155
[train: Epoch 29, 250 / 625] FPS: 116.7 (117.1)  ,  DataTime: 0.007 (0.006)  ,  ForwardTime: 0.261  ,  TotalTime: 0.274  ,  Loss/total: 2.44456  ,  Loss/giou: 0.58387  ,  Loss/l1: 0.07963  ,  Loss/location: 0.85881  ,  pro_loss: 0.09927  ,  IoU: 0.50030
[train: Epoch 29, 300 / 625] FPS: 116.9 (117.8)  ,  DataTime: 0.007 (0.006)  ,  ForwardTime: 0.261  ,  TotalTime: 0.274  ,  Loss/total: 2.42645  ,  Loss/giou: 0.58003  ,  Loss/l1: 0.07899  ,  Loss/location: 0.85153  ,  pro_loss: 0.09953  ,  IoU: 0.50261
[train: Epoch 29, 350 / 625] FPS: 117.0 (118.0)  ,  DataTime: 0.006 (0.006)  ,  ForwardTime: 0.261  ,  TotalTime: 0.273  ,  Loss/total: 2.42082  ,  Loss/giou: 0.57859  ,  Loss/l1: 0.07872  ,  Loss/location: 0.85016  ,  pro_loss: 0.09951  ,  IoU: 0.50382
[train: Epoch 29, 400 / 625] FPS: 117.2 (117.6)  ,  DataTime: 0.006 (0.006)  ,  ForwardTime: 0.261  ,  TotalTime: 0.273  ,  Loss/total: 2.42095  ,  Loss/giou: 0.57822  ,  Loss/l1: 0.07870  ,  Loss/location: 0.85118  ,  pro_loss: 0.09910  ,  IoU: 0.50403
[train: Epoch 29, 450 / 625] FPS: 117.2 (117.2)  ,  DataTime: 0.006 (0.006)  ,  ForwardTime: 0.261  ,  TotalTime: 0.273  ,  Loss/total: 2.40643  ,  Loss/giou: 0.57531  ,  Loss/l1: 0.07807  ,  Loss/location: 0.84554  ,  pro_loss: 0.09948  ,  IoU: 0.50590
[train: Epoch 29, 500 / 625] FPS: 117.3 (117.6)  ,  DataTime: 0.006 (0.006)  ,  ForwardTime: 0.261  ,  TotalTime: 0.273  ,  Loss/total: 2.40997  ,  Loss/giou: 0.57630  ,  Loss/l1: 0.07840  ,  Loss/location: 0.84555  ,  pro_loss: 0.09910  ,  IoU: 0.50562
[train: Epoch 29, 550 / 625] FPS: 117.3 (117.6)  ,  DataTime: 0.006 (0.006)  ,  ForwardTime: 0.261  ,  TotalTime: 0.273  ,  Loss/total: 2.40553  ,  Loss/giou: 0.57522  ,  Loss/l1: 0.07846  ,  Loss/location: 0.84284  ,  pro_loss: 0.09971  ,  IoU: 0.50645
[train: Epoch 29, 600 / 625] FPS: 117.4 (118.2)  ,  DataTime: 0.006 (0.006)  ,  ForwardTime: 0.261  ,  TotalTime: 0.273  ,  Loss/total: 2.40761  ,  Loss/giou: 0.57517  ,  Loss/l1: 0.07859  ,  Loss/location: 0.84433  ,  pro_loss: 0.09998  ,  IoU: 0.50637
[train: Epoch 29, 625 / 625] FPS: 117.4 (119.1)  ,  DataTime: 0.006 (0.006)  ,  ForwardTime: 0.261  ,  TotalTime: 0.273  ,  Loss/total: 2.40812  ,  Loss/giou: 0.57509  ,  Loss/l1: 0.07865  ,  Loss/location: 0.84470  ,  pro_loss: 0.10000  ,  IoU: 0.50655
[train: Epoch 30, 50 / 625] FPS: 112.8 (118.3)  ,  DataTime: 0.017 (0.006)  ,  ForwardTime: 0.261  ,  TotalTime: 0.284  ,  Loss/total: 2.35104  ,  Loss/giou: 0.56291  ,  Loss/l1: 0.07502  ,  Loss/location: 0.83019  ,  pro_loss: 0.09959  ,  IoU: 0.51614
[train: Epoch 30, 100 / 625] FPS: 115.3 (117.8)  ,  DataTime: 0.011 (0.006)  ,  ForwardTime: 0.261  ,  TotalTime: 0.277  ,  Loss/total: 2.36399  ,  Loss/giou: 0.56598  ,  Loss/l1: 0.07496  ,  Loss/location: 0.83816  ,  pro_loss: 0.09531  ,  IoU: 0.51174
[train: Epoch 30, 150 / 625] FPS: 116.2 (118.9)  ,  DataTime: 0.009 (0.006)  ,  ForwardTime: 0.261  ,  TotalTime: 0.275  ,  Loss/total: 2.37004  ,  Loss/giou: 0.56670  ,  Loss/l1: 0.07562  ,  Loss/location: 0.83956  ,  pro_loss: 0.09486  ,  IoU: 0.51194
[train: Epoch 30, 200 / 625] FPS: 116.6 (117.7)  ,  DataTime: 0.008 (0.006)  ,  ForwardTime: 0.261  ,  TotalTime: 0.275  ,  Loss/total: 2.37412  ,  Loss/giou: 0.56742  ,  Loss/l1: 0.07527  ,  Loss/location: 0.84412  ,  pro_loss: 0.09406  ,  IoU: 0.51090
[train: Epoch 30, 250 / 625] FPS: 116.8 (118.0)  ,  DataTime: 0.007 (0.006)  ,  ForwardTime: 0.261  ,  TotalTime: 0.274  ,  Loss/total: 2.37741  ,  Loss/giou: 0.56856  ,  Loss/l1: 0.07584  ,  Loss/location: 0.84187  ,  pro_loss: 0.09613  ,  IoU: 0.50977
[train: Epoch 30, 300 / 625] FPS: 117.0 (118.1)  ,  DataTime: 0.007 (0.006)  ,  ForwardTime: 0.261  ,  TotalTime: 0.273  ,  Loss/total: 2.36968  ,  Loss/giou: 0.56745  ,  Loss/l1: 0.07537  ,  Loss/location: 0.83888  ,  pro_loss: 0.09518  ,  IoU: 0.51047
[train: Epoch 30, 350 / 625] FPS: 117.1 (118.0)  ,  DataTime: 0.006 (0.006)  ,  ForwardTime: 0.261  ,  TotalTime: 0.273  ,  Loss/total: 2.36794  ,  Loss/giou: 0.56665  ,  Loss/l1: 0.07515  ,  Loss/location: 0.83994  ,  pro_loss: 0.09471  ,  IoU: 0.51095
[train: Epoch 30, 400 / 625] FPS: 117.2 (118.3)  ,  DataTime: 0.006 (0.006)  ,  ForwardTime: 0.261  ,  TotalTime: 0.273  ,  Loss/total: 2.37557  ,  Loss/giou: 0.56787  ,  Loss/l1: 0.07572  ,  Loss/location: 0.84224  ,  pro_loss: 0.09490  ,  IoU: 0.51049
[train: Epoch 30, 450 / 625] FPS: 117.3 (118.0)  ,  DataTime: 0.006 (0.006)  ,  ForwardTime: 0.261  ,  TotalTime: 0.273  ,  Loss/total: 2.37228  ,  Loss/giou: 0.56748  ,  Loss/l1: 0.07575  ,  Loss/location: 0.83962  ,  pro_loss: 0.09466  ,  IoU: 0.51104
[train: Epoch 30, 500 / 625] FPS: 117.3 (117.8)  ,  DataTime: 0.006 (0.006)  ,  ForwardTime: 0.261  ,  TotalTime: 0.273  ,  Loss/total: 2.37224  ,  Loss/giou: 0.56760  ,  Loss/l1: 0.07576  ,  Loss/location: 0.83914  ,  pro_loss: 0.09542  ,  IoU: 0.51100
[train: Epoch 30, 550 / 625] FPS: 117.4 (118.4)  ,  DataTime: 0.006 (0.006)  ,  ForwardTime: 0.261  ,  TotalTime: 0.273  ,  Loss/total: 2.37268  ,  Loss/giou: 0.56736  ,  Loss/l1: 0.07595  ,  Loss/location: 0.83912  ,  pro_loss: 0.09546  ,  IoU: 0.51122
[train: Epoch 30, 600 / 625] FPS: 117.4 (117.9)  ,  DataTime: 0.006 (0.006)  ,  ForwardTime: 0.261  ,  TotalTime: 0.273  ,  Loss/total: 2.36871  ,  Loss/giou: 0.56655  ,  Loss/l1: 0.07584  ,  Loss/location: 0.83729  ,  pro_loss: 0.09563  ,  IoU: 0.51183
[train: Epoch 30, 625 / 625] FPS: 117.5 (118.7)  ,  DataTime: 0.006 (0.006)  ,  ForwardTime: 0.261  ,  TotalTime: 0.272  ,  Loss/total: 2.36846  ,  Loss/giou: 0.56648  ,  Loss/l1: 0.07587  ,  Loss/location: 0.83701  ,  pro_loss: 0.09580  ,  IoU: 0.51202
[val: Epoch 30, 50 / 156] FPS: 221.2 (249.0)  ,  DataTime: 0.018 (0.007)  ,  ForwardTime: 0.119  ,  TotalTime: 0.145  ,  Loss/total: 1.00569  ,  Loss/giou: 0.25597  ,  Loss/l1: 0.02128  ,  Loss/location: 0.38661  ,  pro_loss: 0.00375  ,  IoU: 0.76529
[val: Epoch 30, 100 / 156] FPS: 232.1 (246.7)  ,  DataTime: 0.012 (0.007)  ,  ForwardTime: 0.119  ,  TotalTime: 0.138  ,  Loss/total: 0.99243  ,  Loss/giou: 0.25316  ,  Loss/l1: 0.02089  ,  Loss/location: 0.38085  ,  pro_loss: 0.00406  ,  IoU: 0.76788
[val: Epoch 30, 150 / 156] FPS: 235.9 (248.6)  ,  DataTime: 0.009 (0.007)  ,  ForwardTime: 0.119  ,  TotalTime: 0.136  ,  Loss/total: 0.98853  ,  Loss/giou: 0.25202  ,  Loss/l1: 0.02078  ,  Loss/location: 0.37970  ,  pro_loss: 0.00438  ,  IoU: 0.76932
[val: Epoch 30, 156 / 156] FPS: 236.3 (249.7)  ,  DataTime: 0.009 (0.007)  ,  ForwardTime: 0.119  ,  TotalTime: 0.135  ,  Loss/total: 0.98505  ,  Loss/giou: 0.25076  ,  Loss/l1: 0.02055  ,  Loss/location: 0.37992  ,  pro_loss: 0.00421  ,  IoU: 0.77015
[train: Epoch 31, 50 / 625] FPS: 112.6 (117.9)  ,  DataTime: 0.017 (0.006)  ,  ForwardTime: 0.261  ,  TotalTime: 0.284  ,  Loss/total: 2.29573  ,  Loss/giou: 0.54836  ,  Loss/l1: 0.07351  ,  Loss/location: 0.81248  ,  pro_loss: 0.09495  ,  IoU: 0.52301
[train: Epoch 31, 100 / 625] FPS: 115.2 (118.1)  ,  DataTime: 0.011 (0.006)  ,  ForwardTime: 0.261  ,  TotalTime: 0.278  ,  Loss/total: 2.30778  ,  Loss/giou: 0.55198  ,  Loss/l1: 0.07451  ,  Loss/location: 0.81259  ,  pro_loss: 0.09341  ,  IoU: 0.52157
[train: Epoch 31, 150 / 625] FPS: 116.1 (118.3)  ,  DataTime: 0.009 (0.006)  ,  ForwardTime: 0.261  ,  TotalTime: 0.276  ,  Loss/total: 2.31557  ,  Loss/giou: 0.55396  ,  Loss/l1: 0.07530  ,  Loss/location: 0.81256  ,  pro_loss: 0.09297  ,  IoU: 0.52044
[train: Epoch 31, 200 / 625] FPS: 116.5 (118.4)  ,  DataTime: 0.008 (0.006)  ,  ForwardTime: 0.261  ,  TotalTime: 0.275  ,  Loss/total: 2.32528  ,  Loss/giou: 0.55614  ,  Loss/l1: 0.07519  ,  Loss/location: 0.81818  ,  pro_loss: 0.09442  ,  IoU: 0.51830
[train: Epoch 31, 250 / 625] FPS: 116.7 (117.7)  ,  DataTime: 0.007 (0.006)  ,  ForwardTime: 0.261  ,  TotalTime: 0.274  ,  Loss/total: 2.34821  ,  Loss/giou: 0.56093  ,  Loss/l1: 0.07634  ,  Loss/location: 0.82584  ,  pro_loss: 0.09403  ,  IoU: 0.51469
[train: Epoch 31, 300 / 625] FPS: 116.8 (117.3)  ,  DataTime: 0.007 (0.006)  ,  ForwardTime: 0.261  ,  TotalTime: 0.274  ,  Loss/total: 2.36111  ,  Loss/giou: 0.56439  ,  Loss/l1: 0.07688  ,  Loss/location: 0.82921  ,  pro_loss: 0.09360  ,  IoU: 0.51235
[train: Epoch 31, 350 / 625] FPS: 117.0 (117.3)  ,  DataTime: 0.006 (0.006)  ,  ForwardTime: 0.261  ,  TotalTime: 0.274  ,  Loss/total: 2.35883  ,  Loss/giou: 0.56310  ,  Loss/l1: 0.07688  ,  Loss/location: 0.82937  ,  pro_loss: 0.09425  ,  IoU: 0.51409
[train: Epoch 31, 400 / 625] FPS: 117.0 (117.6)  ,  DataTime: 0.006 (0.006)  ,  ForwardTime: 0.261  ,  TotalTime: 0.273  ,  Loss/total: 2.36190  ,  Loss/giou: 0.56420  ,  Loss/l1: 0.07718  ,  Loss/location: 0.82853  ,  pro_loss: 0.09528  ,  IoU: 0.51368
[train: Epoch 31, 450 / 625] FPS: 117.1 (116.7)  ,  DataTime: 0.006 (0.006)  ,  ForwardTime: 0.261  ,  TotalTime: 0.273  ,  Loss/total: 2.36580  ,  Loss/giou: 0.56524  ,  Loss/l1: 0.07735  ,  Loss/location: 0.82939  ,  pro_loss: 0.09583  ,  IoU: 0.51292
[train: Epoch 31, 500 / 625] FPS: 117.1 (117.8)  ,  DataTime: 0.006 (0.006)  ,  ForwardTime: 0.261  ,  TotalTime: 0.273  ,  Loss/total: 2.37201  ,  Loss/giou: 0.56679  ,  Loss/l1: 0.07760  ,  Loss/location: 0.83111  ,  pro_loss: 0.09669  ,  IoU: 0.51205
[train: Epoch 31, 550 / 625] FPS: 117.2 (117.5)  ,  DataTime: 0.006 (0.006)  ,  ForwardTime: 0.261  ,  TotalTime: 0.273  ,  Loss/total: 2.36933  ,  Loss/giou: 0.56580  ,  Loss/l1: 0.07720  ,  Loss/location: 0.83256  ,  pro_loss: 0.09589  ,  IoU: 0.51225
[train: Epoch 31, 600 / 625] FPS: 117.2 (116.8)  ,  DataTime: 0.006 (0.006)  ,  ForwardTime: 0.261  ,  TotalTime: 0.273  ,  Loss/total: 2.37231  ,  Loss/giou: 0.56637  ,  Loss/l1: 0.07728  ,  Loss/location: 0.83405  ,  pro_loss: 0.09564  ,  IoU: 0.51208
[train: Epoch 31, 625 / 625] FPS: 117.2 (118.9)  ,  DataTime: 0.006 (0.006)  ,  ForwardTime: 0.261  ,  TotalTime: 0.273  ,  Loss/total: 2.36973  ,  Loss/giou: 0.56568  ,  Loss/l1: 0.07717  ,  Loss/location: 0.83331  ,  pro_loss: 0.09597  ,  IoU: 0.51274
[train: Epoch 32, 50 / 625] FPS: 112.2 (117.8)  ,  DataTime: 0.018 (0.006)  ,  ForwardTime: 0.261  ,  TotalTime: 0.285  ,  Loss/total: 2.39929  ,  Loss/giou: 0.57348  ,  Loss/l1: 0.07902  ,  Loss/location: 0.83737  ,  pro_loss: 0.09939  ,  IoU: 0.50720
[train: Epoch 32, 100 / 625] FPS: 115.0 (117.9)  ,  DataTime: 0.011 (0.006)  ,  ForwardTime: 0.261  ,  TotalTime: 0.278  ,  Loss/total: 2.33842  ,  Loss/giou: 0.55970  ,  Loss/l1: 0.07622  ,  Loss/location: 0.81763  ,  pro_loss: 0.10147  ,  IoU: 0.51628
[train: Epoch 32, 150 / 625] FPS: 115.9 (118.1)  ,  DataTime: 0.009 (0.006)  ,  ForwardTime: 0.261  ,  TotalTime: 0.276  ,  Loss/total: 2.33310  ,  Loss/giou: 0.55701  ,  Loss/l1: 0.07564  ,  Loss/location: 0.82067  ,  pro_loss: 0.10105  ,  IoU: 0.51921
[train: Epoch 32, 200 / 625] FPS: 116.3 (117.9)  ,  DataTime: 0.008 (0.006)  ,  ForwardTime: 0.261  ,  TotalTime: 0.275  ,  Loss/total: 2.32827  ,  Loss/giou: 0.55625  ,  Loss/l1: 0.07508  ,  Loss/location: 0.82035  ,  pro_loss: 0.10016  ,  IoU: 0.51995
[train: Epoch 32, 250 / 625] FPS: 116.6 (117.3)  ,  DataTime: 0.007 (0.006)  ,  ForwardTime: 0.261  ,  TotalTime: 0.274  ,  Loss/total: 2.33063  ,  Loss/giou: 0.55655  ,  Loss/l1: 0.07495  ,  Loss/location: 0.82275  ,  pro_loss: 0.10025  ,  IoU: 0.51963
[train: Epoch 32, 300 / 625] FPS: 116.8 (118.3)  ,  DataTime: 0.007 (0.006)  ,  ForwardTime: 0.261  ,  TotalTime: 0.274  ,  Loss/total: 2.32374  ,  Loss/giou: 0.55518  ,  Loss/l1: 0.07461  ,  Loss/location: 0.82032  ,  pro_loss: 0.10004  ,  IoU: 0.52026
[train: Epoch 32, 350 / 625] FPS: 116.9 (117.6)  ,  DataTime: 0.007 (0.006)  ,  ForwardTime: 0.261  ,  TotalTime: 0.274  ,  Loss/total: 2.33018  ,  Loss/giou: 0.55746  ,  Loss/l1: 0.07478  ,  Loss/location: 0.82137  ,  pro_loss: 0.10003  ,  IoU: 0.51849
[train: Epoch 32, 400 / 625] FPS: 117.0 (117.9)  ,  DataTime: 0.006 (0.006)  ,  ForwardTime: 0.261  ,  TotalTime: 0.273  ,  Loss/total: 2.32787  ,  Loss/giou: 0.55658  ,  Loss/l1: 0.07441  ,  Loss/location: 0.82266  ,  pro_loss: 0.09987  ,  IoU: 0.51891
[train: Epoch 32, 450 / 625] FPS: 117.1 (113.7)  ,  DataTime: 0.006 (0.006)  ,  ForwardTime: 0.261  ,  TotalTime: 0.273  ,  Loss/total: 2.32475  ,  Loss/giou: 0.55589  ,  Loss/l1: 0.07410  ,  Loss/location: 0.82260  ,  pro_loss: 0.09947  ,  IoU: 0.51982
[train: Epoch 32, 500 / 625] FPS: 117.2 (117.8)  ,  DataTime: 0.006 (0.006)  ,  ForwardTime: 0.261  ,  TotalTime: 0.273  ,  Loss/total: 2.33129  ,  Loss/giou: 0.55711  ,  Loss/l1: 0.07425  ,  Loss/location: 0.82602  ,  pro_loss: 0.09894  ,  IoU: 0.51875
[train: Epoch 32, 550 / 625] FPS: 117.2 (115.2)  ,  DataTime: 0.006 (0.006)  ,  ForwardTime: 0.261  ,  TotalTime: 0.273  ,  Loss/total: 2.33656  ,  Loss/giou: 0.55841  ,  Loss/l1: 0.07455  ,  Loss/location: 0.82725  ,  pro_loss: 0.09879  ,  IoU: 0.51796
[train: Epoch 32, 600 / 625] FPS: 117.2 (116.2)  ,  DataTime: 0.006 (0.006)  ,  ForwardTime: 0.261  ,  TotalTime: 0.273  ,  Loss/total: 2.33665  ,  Loss/giou: 0.55829  ,  Loss/l1: 0.07448  ,  Loss/location: 0.82795  ,  pro_loss: 0.09870  ,  IoU: 0.51816
[train: Epoch 32, 625 / 625] FPS: 117.3 (118.8)  ,  DataTime: 0.006 (0.006)  ,  ForwardTime: 0.261  ,  TotalTime: 0.273  ,  Loss/total: 2.34210  ,  Loss/giou: 0.55969  ,  Loss/l1: 0.07477  ,  Loss/location: 0.82914  ,  pro_loss: 0.09862  ,  IoU: 0.51726
[train: Epoch 33, 50 / 625] FPS: 112.3 (117.5)  ,  DataTime: 0.018 (0.006)  ,  ForwardTime: 0.261  ,  TotalTime: 0.285  ,  Loss/total: 2.32699  ,  Loss/giou: 0.55807  ,  Loss/l1: 0.07366  ,  Loss/location: 0.82266  ,  pro_loss: 0.09938  ,  IoU: 0.51945
[train: Epoch 33, 100 / 625] FPS: 115.0 (117.8)  ,  DataTime: 0.011 (0.006)  ,  ForwardTime: 0.261  ,  TotalTime: 0.278  ,  Loss/total: 2.31755  ,  Loss/giou: 0.55388  ,  Loss/l1: 0.07377  ,  Loss/location: 0.82147  ,  pro_loss: 0.09729  ,  IoU: 0.52418
[train: Epoch 33, 150 / 625] FPS: 115.9 (117.1)  ,  DataTime: 0.009 (0.006)  ,  ForwardTime: 0.261  ,  TotalTime: 0.276  ,  Loss/total: 2.32262  ,  Loss/giou: 0.55595  ,  Loss/l1: 0.07431  ,  Loss/location: 0.81942  ,  pro_loss: 0.09882  ,  IoU: 0.52336
[train: Epoch 33, 200 / 625] FPS: 116.4 (118.2)  ,  DataTime: 0.008 (0.006)  ,  ForwardTime: 0.261  ,  TotalTime: 0.275  ,  Loss/total: 2.33008  ,  Loss/giou: 0.55730  ,  Loss/l1: 0.07426  ,  Loss/location: 0.82394  ,  pro_loss: 0.10115  ,  IoU: 0.52276
[train: Epoch 33, 250 / 625] FPS: 116.7 (118.3)  ,  DataTime: 0.007 (0.006)  ,  ForwardTime: 0.261  ,  TotalTime: 0.274  ,  Loss/total: 2.34649  ,  Loss/giou: 0.56071  ,  Loss/l1: 0.07520  ,  Loss/location: 0.82884  ,  pro_loss: 0.10113  ,  IoU: 0.52033
[train: Epoch 33, 300 / 625] FPS: 116.9 (117.5)  ,  DataTime: 0.007 (0.006)  ,  ForwardTime: 0.261  ,  TotalTime: 0.274  ,  Loss/total: 2.35259  ,  Loss/giou: 0.56196  ,  Loss/l1: 0.07564  ,  Loss/location: 0.83014  ,  pro_loss: 0.10162  ,  IoU: 0.51922
[train: Epoch 33, 350 / 625] FPS: 117.0 (118.1)  ,  DataTime: 0.006 (0.006)  ,  ForwardTime: 0.261  ,  TotalTime: 0.273  ,  Loss/total: 2.35339  ,  Loss/giou: 0.56218  ,  Loss/l1: 0.07581  ,  Loss/location: 0.82957  ,  pro_loss: 0.10201  ,  IoU: 0.51882
[train: Epoch 33, 400 / 625] FPS: 117.1 (117.2)  ,  DataTime: 0.006 (0.006)  ,  ForwardTime: 0.261  ,  TotalTime: 0.273  ,  Loss/total: 2.35663  ,  Loss/giou: 0.56317  ,  Loss/l1: 0.07604  ,  Loss/location: 0.82977  ,  pro_loss: 0.10155  ,  IoU: 0.51781
[train: Epoch 33, 450 / 625] FPS: 117.2 (117.6)  ,  DataTime: 0.006 (0.006)  ,  ForwardTime: 0.261  ,  TotalTime: 0.273  ,  Loss/total: 2.35881  ,  Loss/giou: 0.56360  ,  Loss/l1: 0.07599  ,  Loss/location: 0.83153  ,  pro_loss: 0.10078  ,  IoU: 0.51721
[train: Epoch 33, 500 / 625] FPS: 117.2 (117.9)  ,  DataTime: 0.006 (0.006)  ,  ForwardTime: 0.261  ,  TotalTime: 0.273  ,  Loss/total: 2.35429  ,  Loss/giou: 0.56317  ,  Loss/l1: 0.07585  ,  Loss/location: 0.82861  ,  pro_loss: 0.10051  ,  IoU: 0.51743
[train: Epoch 33, 550 / 625] FPS: 117.3 (117.9)  ,  DataTime: 0.006 (0.006)  ,  ForwardTime: 0.261  ,  TotalTime: 0.273  ,  Loss/total: 2.35191  ,  Loss/giou: 0.56286  ,  Loss/l1: 0.07563  ,  Loss/location: 0.82800  ,  pro_loss: 0.10013  ,  IoU: 0.51750
[train: Epoch 33, 600 / 625] FPS: 117.3 (117.5)  ,  DataTime: 0.006 (0.006)  ,  ForwardTime: 0.261  ,  TotalTime: 0.273  ,  Loss/total: 2.35042  ,  Loss/giou: 0.56291  ,  Loss/l1: 0.07542  ,  Loss/location: 0.82757  ,  pro_loss: 0.09982  ,  IoU: 0.51749
[train: Epoch 33, 625 / 625] FPS: 117.3 (118.7)  ,  DataTime: 0.006 (0.006)  ,  ForwardTime: 0.261  ,  TotalTime: 0.273  ,  Loss/total: 2.35117  ,  Loss/giou: 0.56328  ,  Loss/l1: 0.07555  ,  Loss/location: 0.82684  ,  pro_loss: 0.10006  ,  IoU: 0.51755
[train: Epoch 34, 50 / 625] FPS: 112.6 (117.9)  ,  DataTime: 0.017 (0.006)  ,  ForwardTime: 0.261  ,  TotalTime: 0.284  ,  Loss/total: 2.30011  ,  Loss/giou: 0.54688  ,  Loss/l1: 0.07123  ,  Loss/location: 0.83084  ,  pro_loss: 0.09687  ,  IoU: 0.52691
[train: Epoch 34, 100 / 625] FPS: 115.1 (117.5)  ,  DataTime: 0.011 (0.006)  ,  ForwardTime: 0.261  ,  TotalTime: 0.278  ,  Loss/total: 2.33590  ,  Loss/giou: 0.55408  ,  Loss/l1: 0.07437  ,  Loss/location: 0.83640  ,  pro_loss: 0.09750  ,  IoU: 0.52233
[train: Epoch 34, 150 / 625] FPS: 116.0 (117.2)  ,  DataTime: 0.009 (0.006)  ,  ForwardTime: 0.261  ,  TotalTime: 0.276  ,  Loss/total: 2.33848  ,  Loss/giou: 0.55516  ,  Loss/l1: 0.07442  ,  Loss/location: 0.83594  ,  pro_loss: 0.10063  ,  IoU: 0.51986
[train: Epoch 34, 200 / 625] FPS: 116.4 (117.5)  ,  DataTime: 0.008 (0.006)  ,  ForwardTime: 0.261  ,  TotalTime: 0.275  ,  Loss/total: 2.35562  ,  Loss/giou: 0.56057  ,  Loss/l1: 0.07580  ,  Loss/location: 0.83540  ,  pro_loss: 0.10038  ,  IoU: 0.51654
[train: Epoch 34, 250 / 625] FPS: 116.7 (117.8)  ,  DataTime: 0.007 (0.006)  ,  ForwardTime: 0.261  ,  TotalTime: 0.274  ,  Loss/total: 2.33943  ,  Loss/giou: 0.55712  ,  Loss/l1: 0.07508  ,  Loss/location: 0.82992  ,  pro_loss: 0.09930  ,  IoU: 0.51829
[train: Epoch 34, 300 / 625] FPS: 116.9 (117.8)  ,  DataTime: 0.007 (0.006)  ,  ForwardTime: 0.261  ,  TotalTime: 0.274  ,  Loss/total: 2.34584  ,  Loss/giou: 0.55802  ,  Loss/l1: 0.07530  ,  Loss/location: 0.83331  ,  pro_loss: 0.09987  ,  IoU: 0.51703
[train: Epoch 34, 350 / 625] FPS: 117.0 (118.0)  ,  DataTime: 0.006 (0.006)  ,  ForwardTime: 0.261  ,  TotalTime: 0.273  ,  Loss/total: 2.34214  ,  Loss/giou: 0.55749  ,  Loss/l1: 0.07539  ,  Loss/location: 0.83031  ,  pro_loss: 0.09950  ,  IoU: 0.51807
[train: Epoch 34, 400 / 625] FPS: 117.1 (118.1)  ,  DataTime: 0.006 (0.006)  ,  ForwardTime: 0.261  ,  TotalTime: 0.273  ,  Loss/total: 2.33571  ,  Loss/giou: 0.55618  ,  Loss/l1: 0.07494  ,  Loss/location: 0.82858  ,  pro_loss: 0.10024  ,  IoU: 0.51944
[train: Epoch 34, 450 / 625] FPS: 117.1 (117.5)  ,  DataTime: 0.006 (0.006)  ,  ForwardTime: 0.261  ,  TotalTime: 0.273  ,  Loss/total: 2.32827  ,  Loss/giou: 0.55474  ,  Loss/l1: 0.07463  ,  Loss/location: 0.82552  ,  pro_loss: 0.10058  ,  IoU: 0.52085
[train: Epoch 34, 500 / 625] FPS: 117.2 (117.7)  ,  DataTime: 0.006 (0.006)  ,  ForwardTime: 0.261  ,  TotalTime: 0.273  ,  Loss/total: 2.33216  ,  Loss/giou: 0.55566  ,  Loss/l1: 0.07509  ,  Loss/location: 0.82543  ,  pro_loss: 0.09990  ,  IoU: 0.52020
[train: Epoch 34, 550 / 625] FPS: 117.3 (117.9)  ,  DataTime: 0.006 (0.006)  ,  ForwardTime: 0.261  ,  TotalTime: 0.273  ,  Loss/total: 2.32789  ,  Loss/giou: 0.55495  ,  Loss/l1: 0.07489  ,  Loss/location: 0.82364  ,  pro_loss: 0.09961  ,  IoU: 0.52029
[train: Epoch 34, 600 / 625] FPS: 117.3 (118.0)  ,  DataTime: 0.006 (0.006)  ,  ForwardTime: 0.261  ,  TotalTime: 0.273  ,  Loss/total: 2.33043  ,  Loss/giou: 0.55593  ,  Loss/l1: 0.07493  ,  Loss/location: 0.82397  ,  pro_loss: 0.09980  ,  IoU: 0.51938
[train: Epoch 34, 625 / 625] FPS: 117.3 (118.9)  ,  DataTime: 0.006 (0.006)  ,  ForwardTime: 0.261  ,  TotalTime: 0.273  ,  Loss/total: 2.33085  ,  Loss/giou: 0.55606  ,  Loss/l1: 0.07488  ,  Loss/location: 0.82440  ,  pro_loss: 0.09957  ,  IoU: 0.51932
[train: Epoch 35, 50 / 625] FPS: 112.2 (117.9)  ,  DataTime: 0.018 (0.006)  ,  ForwardTime: 0.261  ,  TotalTime: 0.285  ,  Loss/total: 2.27454  ,  Loss/giou: 0.54571  ,  Loss/l1: 0.07328  ,  Loss/location: 0.79590  ,  pro_loss: 0.10417  ,  IoU: 0.52814
[train: Epoch 35, 100 / 625] FPS: 114.9 (117.7)  ,  DataTime: 0.011 (0.006)  ,  ForwardTime: 0.261  ,  TotalTime: 0.279  ,  Loss/total: 2.28519  ,  Loss/giou: 0.54884  ,  Loss/l1: 0.07261  ,  Loss/location: 0.80404  ,  pro_loss: 0.10208  ,  IoU: 0.52469
[train: Epoch 35, 150 / 625] FPS: 115.8 (117.5)  ,  DataTime: 0.009 (0.006)  ,  ForwardTime: 0.261  ,  TotalTime: 0.276  ,  Loss/total: 2.29776  ,  Loss/giou: 0.55123  ,  Loss/l1: 0.07280  ,  Loss/location: 0.81145  ,  pro_loss: 0.09931  ,  IoU: 0.52318
[train: Epoch 35, 200 / 625] FPS: 116.3 (117.0)  ,  DataTime: 0.008 (0.006)  ,  ForwardTime: 0.261  ,  TotalTime: 0.275  ,  Loss/total: 2.30078  ,  Loss/giou: 0.55293  ,  Loss/l1: 0.07303  ,  Loss/location: 0.81010  ,  pro_loss: 0.09844  ,  IoU: 0.52223
[train: Epoch 35, 250 / 625] FPS: 116.6 (117.5)  ,  DataTime: 0.007 (0.006)  ,  ForwardTime: 0.261  ,  TotalTime: 0.274  ,  Loss/total: 2.31555  ,  Loss/giou: 0.55610  ,  Loss/l1: 0.07422  ,  Loss/location: 0.81251  ,  pro_loss: 0.09867  ,  IoU: 0.52054
[train: Epoch 35, 300 / 625] FPS: 116.8 (117.8)  ,  DataTime: 0.007 (0.006)  ,  ForwardTime: 0.261  ,  TotalTime: 0.274  ,  Loss/total: 2.31398  ,  Loss/giou: 0.55440  ,  Loss/l1: 0.07429  ,  Loss/location: 0.81388  ,  pro_loss: 0.09938  ,  IoU: 0.52195
[train: Epoch 35, 350 / 625] FPS: 116.9 (117.5)  ,  DataTime: 0.007 (0.006)  ,  ForwardTime: 0.261  ,  TotalTime: 0.274  ,  Loss/total: 2.32934  ,  Loss/giou: 0.55840  ,  Loss/l1: 0.07499  ,  Loss/location: 0.81781  ,  pro_loss: 0.09903  ,  IoU: 0.51891
[train: Epoch 35, 400 / 625] FPS: 117.0 (118.2)  ,  DataTime: 0.006 (0.006)  ,  ForwardTime: 0.261  ,  TotalTime: 0.273  ,  Loss/total: 2.32342  ,  Loss/giou: 0.55692  ,  Loss/l1: 0.07462  ,  Loss/location: 0.81663  ,  pro_loss: 0.09915  ,  IoU: 0.52036
[train: Epoch 35, 450 / 625] FPS: 117.1 (117.7)  ,  DataTime: 0.006 (0.006)  ,  ForwardTime: 0.261  ,  TotalTime: 0.273  ,  Loss/total: 2.32201  ,  Loss/giou: 0.55637  ,  Loss/l1: 0.07465  ,  Loss/location: 0.81631  ,  pro_loss: 0.09855  ,  IoU: 0.52073
[train: Epoch 35, 500 / 625] FPS: 117.1 (117.8)  ,  DataTime: 0.006 (0.006)  ,  ForwardTime: 0.261  ,  TotalTime: 0.273  ,  Loss/total: 2.32342  ,  Loss/giou: 0.55680  ,  Loss/l1: 0.07477  ,  Loss/location: 0.81618  ,  pro_loss: 0.09886  ,  IoU: 0.52040
[train: Epoch 35, 550 / 625] FPS: 117.2 (118.1)  ,  DataTime: 0.006 (0.006)  ,  ForwardTime: 0.261  ,  TotalTime: 0.273  ,  Loss/total: 2.32675  ,  Loss/giou: 0.55755  ,  Loss/l1: 0.07498  ,  Loss/location: 0.81703  ,  pro_loss: 0.09853  ,  IoU: 0.51988
[train: Epoch 35, 600 / 625] FPS: 117.2 (118.1)  ,  DataTime: 0.006 (0.006)  ,  ForwardTime: 0.261  ,  TotalTime: 0.273  ,  Loss/total: 2.32795  ,  Loss/giou: 0.55831  ,  Loss/l1: 0.07499  ,  Loss/location: 0.81663  ,  pro_loss: 0.09881  ,  IoU: 0.51914
[train: Epoch 35, 625 / 625] FPS: 117.3 (118.3)  ,  DataTime: 0.006 (0.006)  ,  ForwardTime: 0.261  ,  TotalTime: 0.273  ,  Loss/total: 2.33003  ,  Loss/giou: 0.55896  ,  Loss/l1: 0.07509  ,  Loss/location: 0.81681  ,  pro_loss: 0.09926  ,  IoU: 0.51870
[val: Epoch 35, 50 / 156] FPS: 204.6 (243.1)  ,  DataTime: 0.030 (0.007)  ,  ForwardTime: 0.119  ,  TotalTime: 0.156  ,  Loss/total: 0.91377  ,  Loss/giou: 0.23426  ,  Loss/l1: 0.01932  ,  Loss/location: 0.34737  ,  pro_loss: 0.00646  ,  IoU: 0.78556
[val: Epoch 35, 100 / 156] FPS: 218.1 (246.5)  ,  DataTime: 0.021 (0.007)  ,  ForwardTime: 0.119  ,  TotalTime: 0.147  ,  Loss/total: 0.92137  ,  Loss/giou: 0.23360  ,  Loss/l1: 0.01935  ,  Loss/location: 0.35614  ,  pro_loss: 0.00635  ,  IoU: 0.78594
[val: Epoch 35, 150 / 156] FPS: 220.9 (247.6)  ,  DataTime: 0.019 (0.007)  ,  ForwardTime: 0.119  ,  TotalTime: 0.145  ,  Loss/total: 0.91607  ,  Loss/giou: 0.23080  ,  Loss/l1: 0.01872  ,  Loss/location: 0.35959  ,  pro_loss: 0.00646  ,  IoU: 0.78734
[val: Epoch 35, 156 / 156] FPS: 221.9 (252.6)  ,  DataTime: 0.018 (0.007)  ,  ForwardTime: 0.119  ,  TotalTime: 0.144  ,  Loss/total: 0.91145  ,  Loss/giou: 0.23023  ,  Loss/l1: 0.01861  ,  Loss/location: 0.35665  ,  pro_loss: 0.00641  ,  IoU: 0.78768
[train: Epoch 36, 50 / 625] FPS: 111.9 (118.2)  ,  DataTime: 0.019 (0.006)  ,  ForwardTime: 0.261  ,  TotalTime: 0.286  ,  Loss/total: 2.28278  ,  Loss/giou: 0.54866  ,  Loss/l1: 0.07311  ,  Loss/location: 0.80140  ,  pro_loss: 0.09250  ,  IoU: 0.52496
[train: Epoch 36, 100 / 625] FPS: 114.9 (118.7)  ,  DataTime: 0.012 (0.006)  ,  ForwardTime: 0.261  ,  TotalTime: 0.279  ,  Loss/total: 2.25263  ,  Loss/giou: 0.54067  ,  Loss/l1: 0.07177  ,  Loss/location: 0.79348  ,  pro_loss: 0.09479  ,  IoU: 0.53172
[train: Epoch 36, 150 / 625] FPS: 115.8 (117.7)  ,  DataTime: 0.009 (0.006)  ,  ForwardTime: 0.261  ,  TotalTime: 0.276  ,  Loss/total: 2.27718  ,  Loss/giou: 0.54647  ,  Loss/l1: 0.07251  ,  Loss/location: 0.80234  ,  pro_loss: 0.09660  ,  IoU: 0.52789
[train: Epoch 36, 200 / 625] FPS: 116.2 (117.5)  ,  DataTime: 0.008 (0.006)  ,  ForwardTime: 0.261  ,  TotalTime: 0.275  ,  Loss/total: 2.29672  ,  Loss/giou: 0.55127  ,  Loss/l1: 0.07302  ,  Loss/location: 0.80983  ,  pro_loss: 0.09615  ,  IoU: 0.52497
[train: Epoch 36, 250 / 625] FPS: 116.5 (117.0)  ,  DataTime: 0.008 (0.006)  ,  ForwardTime: 0.261  ,  TotalTime: 0.275  ,  Loss/total: 2.30161  ,  Loss/giou: 0.55176  ,  Loss/l1: 0.07310  ,  Loss/location: 0.81320  ,  pro_loss: 0.09688  ,  IoU: 0.52531
[train: Epoch 36, 300 / 625] FPS: 116.7 (118.0)  ,  DataTime: 0.007 (0.006)  ,  ForwardTime: 0.261  ,  TotalTime: 0.274  ,  Loss/total: 2.31769  ,  Loss/giou: 0.55553  ,  Loss/l1: 0.07359  ,  Loss/location: 0.81933  ,  pro_loss: 0.09691  ,  IoU: 0.52231
[train: Epoch 36, 350 / 625] FPS: 116.8 (117.9)  ,  DataTime: 0.007 (0.006)  ,  ForwardTime: 0.261  ,  TotalTime: 0.274  ,  Loss/total: 2.31981  ,  Loss/giou: 0.55545  ,  Loss/l1: 0.07366  ,  Loss/location: 0.82117  ,  pro_loss: 0.09726  ,  IoU: 0.52267
[train: Epoch 36, 400 / 625] FPS: 117.0 (118.0)  ,  DataTime: 0.006 (0.006)  ,  ForwardTime: 0.261  ,  TotalTime: 0.274  ,  Loss/total: 2.32351  ,  Loss/giou: 0.55624  ,  Loss/l1: 0.07394  ,  Loss/location: 0.82193  ,  pro_loss: 0.09690  ,  IoU: 0.52201
[train: Epoch 36, 450 / 625] FPS: 117.0 (117.7)  ,  DataTime: 0.006 (0.006)  ,  ForwardTime: 0.261  ,  TotalTime: 0.274  ,  Loss/total: 2.31865  ,  Loss/giou: 0.55522  ,  Loss/l1: 0.07365  ,  Loss/location: 0.82057  ,  pro_loss: 0.09688  ,  IoU: 0.52251
[train: Epoch 36, 500 / 625] FPS: 117.1 (117.6)  ,  DataTime: 0.006 (0.006)  ,  ForwardTime: 0.261  ,  TotalTime: 0.273  ,  Loss/total: 2.32393  ,  Loss/giou: 0.55678  ,  Loss/l1: 0.07408  ,  Loss/location: 0.82057  ,  pro_loss: 0.09702  ,  IoU: 0.52143
[train: Epoch 36, 550 / 625] FPS: 117.1 (117.4)  ,  DataTime: 0.006 (0.006)  ,  ForwardTime: 0.261  ,  TotalTime: 0.273  ,  Loss/total: 2.32826  ,  Loss/giou: 0.55749  ,  Loss/l1: 0.07430  ,  Loss/location: 0.82238  ,  pro_loss: 0.09718  ,  IoU: 0.52059
[train: Epoch 36, 600 / 625] FPS: 117.2 (117.9)  ,  DataTime: 0.006 (0.006)  ,  ForwardTime: 0.261  ,  TotalTime: 0.273  ,  Loss/total: 2.32839  ,  Loss/giou: 0.55754  ,  Loss/l1: 0.07431  ,  Loss/location: 0.82239  ,  pro_loss: 0.09691  ,  IoU: 0.52012
[train: Epoch 36, 625 / 625] FPS: 117.2 (118.7)  ,  DataTime: 0.006 (0.006)  ,  ForwardTime: 0.261  ,  TotalTime: 0.273  ,  Loss/total: 2.33020  ,  Loss/giou: 0.55795  ,  Loss/l1: 0.07445  ,  Loss/location: 0.82271  ,  pro_loss: 0.09683  ,  IoU: 0.51971
[train: Epoch 37, 50 / 625] FPS: 112.5 (118.2)  ,  DataTime: 0.017 (0.006)  ,  ForwardTime: 0.261  ,  TotalTime: 0.284  ,  Loss/total: 2.33016  ,  Loss/giou: 0.55671  ,  Loss/l1: 0.07350  ,  Loss/location: 0.82901  ,  pro_loss: 0.10104  ,  IoU: 0.52049
[train: Epoch 37, 100 / 625] FPS: 115.1 (117.4)  ,  DataTime: 0.011 (0.006)  ,  ForwardTime: 0.261  ,  TotalTime: 0.278  ,  Loss/total: 2.31816  ,  Loss/giou: 0.55560  ,  Loss/l1: 0.07350  ,  Loss/location: 0.81912  ,  pro_loss: 0.10156  ,  IoU: 0.52212
[train: Epoch 37, 150 / 625] FPS: 116.0 (118.3)  ,  DataTime: 0.009 (0.006)  ,  ForwardTime: 0.261  ,  TotalTime: 0.276  ,  Loss/total: 2.34797  ,  Loss/giou: 0.56270  ,  Loss/l1: 0.07458  ,  Loss/location: 0.82987  ,  pro_loss: 0.09882  ,  IoU: 0.51701
[train: Epoch 37, 200 / 625] FPS: 116.5 (118.0)  ,  DataTime: 0.008 (0.006)  ,  ForwardTime: 0.261  ,  TotalTime: 0.275  ,  Loss/total: 2.33285  ,  Loss/giou: 0.55958  ,  Loss/l1: 0.07407  ,  Loss/location: 0.82356  ,  pro_loss: 0.09891  ,  IoU: 0.51951
[train: Epoch 37, 250 / 625] FPS: 116.7 (118.2)  ,  DataTime: 0.007 (0.006)  ,  ForwardTime: 0.261  ,  TotalTime: 0.274  ,  Loss/total: 2.31560  ,  Loss/giou: 0.55599  ,  Loss/l1: 0.07339  ,  Loss/location: 0.81690  ,  pro_loss: 0.09892  ,  IoU: 0.52181
[train: Epoch 37, 300 / 625] FPS: 116.9 (117.8)  ,  DataTime: 0.007 (0.006)  ,  ForwardTime: 0.261  ,  TotalTime: 0.274  ,  Loss/total: 2.31062  ,  Loss/giou: 0.55522  ,  Loss/l1: 0.07343  ,  Loss/location: 0.81323  ,  pro_loss: 0.09914  ,  IoU: 0.52278
[train: Epoch 37, 350 / 625] FPS: 117.0 (117.6)  ,  DataTime: 0.006 (0.006)  ,  ForwardTime: 0.261  ,  TotalTime: 0.273  ,  Loss/total: 2.32022  ,  Loss/giou: 0.55660  ,  Loss/l1: 0.07420  ,  Loss/location: 0.81628  ,  pro_loss: 0.09867  ,  IoU: 0.52142
[train: Epoch 37, 400 / 625] FPS: 117.1 (118.1)  ,  DataTime: 0.006 (0.006)  ,  ForwardTime: 0.261  ,  TotalTime: 0.273  ,  Loss/total: 2.31654  ,  Loss/giou: 0.55537  ,  Loss/l1: 0.07403  ,  Loss/location: 0.81588  ,  pro_loss: 0.09875  ,  IoU: 0.52217
[train: Epoch 37, 450 / 625] FPS: 117.2 (117.0)  ,  DataTime: 0.006 (0.006)  ,  ForwardTime: 0.261  ,  TotalTime: 0.273  ,  Loss/total: 2.32247  ,  Loss/giou: 0.55619  ,  Loss/l1: 0.07443  ,  Loss/location: 0.81814  ,  pro_loss: 0.09906  ,  IoU: 0.52124
[train: Epoch 37, 500 / 625] FPS: 117.2 (117.7)  ,  DataTime: 0.006 (0.006)  ,  ForwardTime: 0.261  ,  TotalTime: 0.273  ,  Loss/total: 2.32015  ,  Loss/giou: 0.55539  ,  Loss/l1: 0.07437  ,  Loss/location: 0.81775  ,  pro_loss: 0.09890  ,  IoU: 0.52212
[train: Epoch 37, 550 / 625] FPS: 117.3 (118.2)  ,  DataTime: 0.006 (0.006)  ,  ForwardTime: 0.261  ,  TotalTime: 0.273  ,  Loss/total: 2.31741  ,  Loss/giou: 0.55509  ,  Loss/l1: 0.07425  ,  Loss/location: 0.81620  ,  pro_loss: 0.09889  ,  IoU: 0.52232
[train: Epoch 37, 600 / 625] FPS: 117.3 (118.2)  ,  DataTime: 0.006 (0.006)  ,  ForwardTime: 0.261  ,  TotalTime: 0.273  ,  Loss/total: 2.31146  ,  Loss/giou: 0.55354  ,  Loss/l1: 0.07411  ,  Loss/location: 0.81404  ,  pro_loss: 0.09900  ,  IoU: 0.52337
[train: Epoch 37, 625 / 625] FPS: 117.4 (118.7)  ,  DataTime: 0.006 (0.006)  ,  ForwardTime: 0.261  ,  TotalTime: 0.273  ,  Loss/total: 2.31335  ,  Loss/giou: 0.55426  ,  Loss/l1: 0.07424  ,  Loss/location: 0.81390  ,  pro_loss: 0.09870  ,  IoU: 0.52306
[train: Epoch 38, 50 / 625] FPS: 112.5 (116.9)  ,  DataTime: 0.017 (0.006)  ,  ForwardTime: 0.261  ,  TotalTime: 0.284  ,  Loss/total: 2.33764  ,  Loss/giou: 0.56041  ,  Loss/l1: 0.07655  ,  Loss/location: 0.81421  ,  pro_loss: 0.09917  ,  IoU: 0.51601
[train: Epoch 38, 100 / 625] FPS: 115.1 (117.8)  ,  DataTime: 0.011 (0.006)  ,  ForwardTime: 0.261  ,  TotalTime: 0.278  ,  Loss/total: 2.31967  ,  Loss/giou: 0.55754  ,  Loss/l1: 0.07535  ,  Loss/location: 0.80811  ,  pro_loss: 0.09865  ,  IoU: 0.51744
[train: Epoch 38, 150 / 625] FPS: 116.0 (116.5)  ,  DataTime: 0.009 (0.006)  ,  ForwardTime: 0.261  ,  TotalTime: 0.276  ,  Loss/total: 2.29722  ,  Loss/giou: 0.55217  ,  Loss/l1: 0.07339  ,  Loss/location: 0.80603  ,  pro_loss: 0.09952  ,  IoU: 0.52286
[train: Epoch 38, 200 / 625] FPS: 116.4 (116.8)  ,  DataTime: 0.008 (0.006)  ,  ForwardTime: 0.261  ,  TotalTime: 0.275  ,  Loss/total: 2.31479  ,  Loss/giou: 0.55643  ,  Loss/l1: 0.07410  ,  Loss/location: 0.81168  ,  pro_loss: 0.09875  ,  IoU: 0.51982
[train: Epoch 38, 250 / 625] FPS: 116.7 (118.0)  ,  DataTime: 0.007 (0.006)  ,  ForwardTime: 0.261  ,  TotalTime: 0.274  ,  Loss/total: 2.31856  ,  Loss/giou: 0.55659  ,  Loss/l1: 0.07394  ,  Loss/location: 0.81583  ,  pro_loss: 0.09921  ,  IoU: 0.51955
[train: Epoch 38, 300 / 625] FPS: 116.9 (117.7)  ,  DataTime: 0.007 (0.006)  ,  ForwardTime: 0.261  ,  TotalTime: 0.274  ,  Loss/total: 2.31435  ,  Loss/giou: 0.55560  ,  Loss/l1: 0.07361  ,  Loss/location: 0.81504  ,  pro_loss: 0.10032  ,  IoU: 0.52059
[train: Epoch 38, 350 / 625] FPS: 117.0 (117.8)  ,  DataTime: 0.007 (0.006)  ,  ForwardTime: 0.261  ,  TotalTime: 0.274  ,  Loss/total: 2.31769  ,  Loss/giou: 0.55637  ,  Loss/l1: 0.07355  ,  Loss/location: 0.81711  ,  pro_loss: 0.10048  ,  IoU: 0.52028
[train: Epoch 38, 400 / 625] FPS: 117.1 (117.9)  ,  DataTime: 0.006 (0.006)  ,  ForwardTime: 0.261  ,  TotalTime: 0.273  ,  Loss/total: 2.31686  ,  Loss/giou: 0.55635  ,  Loss/l1: 0.07385  ,  Loss/location: 0.81493  ,  pro_loss: 0.09992  ,  IoU: 0.52100
[train: Epoch 38, 450 / 625] FPS: 117.1 (117.7)  ,  DataTime: 0.006 (0.006)  ,  ForwardTime: 0.261  ,  TotalTime: 0.273  ,  Loss/total: 2.31892  ,  Loss/giou: 0.55653  ,  Loss/l1: 0.07420  ,  Loss/location: 0.81488  ,  pro_loss: 0.09998  ,  IoU: 0.52129
[train: Epoch 38, 500 / 625] FPS: 117.2 (117.2)  ,  DataTime: 0.006 (0.006)  ,  ForwardTime: 0.261  ,  TotalTime: 0.273  ,  Loss/total: 2.32465  ,  Loss/giou: 0.55753  ,  Loss/l1: 0.07453  ,  Loss/location: 0.81691  ,  pro_loss: 0.10014  ,  IoU: 0.52065
[train: Epoch 38, 550 / 625] FPS: 117.2 (118.0)  ,  DataTime: 0.006 (0.006)  ,  ForwardTime: 0.261  ,  TotalTime: 0.273  ,  Loss/total: 2.32566  ,  Loss/giou: 0.55782  ,  Loss/l1: 0.07447  ,  Loss/location: 0.81763  ,  pro_loss: 0.10028  ,  IoU: 0.52009
[train: Epoch 38, 600 / 625] FPS: 117.2 (117.9)  ,  DataTime: 0.006 (0.006)  ,  ForwardTime: 0.261  ,  TotalTime: 0.273  ,  Loss/total: 2.31883  ,  Loss/giou: 0.55619  ,  Loss/l1: 0.07416  ,  Loss/location: 0.81561  ,  pro_loss: 0.10018  ,  IoU: 0.52123
[train: Epoch 38, 625 / 625] FPS: 117.3 (118.8)  ,  DataTime: 0.006 (0.006)  ,  ForwardTime: 0.261  ,  TotalTime: 0.273  ,  Loss/total: 2.31967  ,  Loss/giou: 0.55652  ,  Loss/l1: 0.07412  ,  Loss/location: 0.81601  ,  pro_loss: 0.10010  ,  IoU: 0.52109
[train: Epoch 39, 50 / 625] FPS: 112.1 (117.9)  ,  DataTime: 0.018 (0.006)  ,  ForwardTime: 0.261  ,  TotalTime: 0.286  ,  Loss/total: 2.24684  ,  Loss/giou: 0.53939  ,  Loss/l1: 0.06930  ,  Loss/location: 0.80229  ,  pro_loss: 0.09646  ,  IoU: 0.53178
[train: Epoch 39, 100 / 625] FPS: 114.8 (117.9)  ,  DataTime: 0.011 (0.006)  ,  ForwardTime: 0.261  ,  TotalTime: 0.279  ,  Loss/total: 2.26910  ,  Loss/giou: 0.54516  ,  Loss/l1: 0.07121  ,  Loss/location: 0.80324  ,  pro_loss: 0.09740  ,  IoU: 0.52731
[train: Epoch 39, 150 / 625] FPS: 115.6 (117.6)  ,  DataTime: 0.009 (0.006)  ,  ForwardTime: 0.261  ,  TotalTime: 0.277  ,  Loss/total: 2.28857  ,  Loss/giou: 0.54988  ,  Loss/l1: 0.07243  ,  Loss/location: 0.80719  ,  pro_loss: 0.09736  ,  IoU: 0.52370
[train: Epoch 39, 200 / 625] FPS: 116.1 (118.1)  ,  DataTime: 0.008 (0.006)  ,  ForwardTime: 0.261  ,  TotalTime: 0.276  ,  Loss/total: 2.30528  ,  Loss/giou: 0.55284  ,  Loss/l1: 0.07345  ,  Loss/location: 0.81274  ,  pro_loss: 0.09803  ,  IoU: 0.52146
[train: Epoch 39, 250 / 625] FPS: 116.4 (117.6)  ,  DataTime: 0.008 (0.006)  ,  ForwardTime: 0.261  ,  TotalTime: 0.275  ,  Loss/total: 2.31185  ,  Loss/giou: 0.55592  ,  Loss/l1: 0.07383  ,  Loss/location: 0.81143  ,  pro_loss: 0.09709  ,  IoU: 0.51989
[train: Epoch 39, 300 / 625] FPS: 116.6 (117.8)  ,  DataTime: 0.007 (0.006)  ,  ForwardTime: 0.261  ,  TotalTime: 0.274  ,  Loss/total: 2.31662  ,  Loss/giou: 0.55732  ,  Loss/l1: 0.07393  ,  Loss/location: 0.81287  ,  pro_loss: 0.09719  ,  IoU: 0.51988
[train: Epoch 39, 350 / 625] FPS: 116.8 (117.3)  ,  DataTime: 0.007 (0.006)  ,  ForwardTime: 0.261  ,  TotalTime: 0.274  ,  Loss/total: 2.31223  ,  Loss/giou: 0.55640  ,  Loss/l1: 0.07370  ,  Loss/location: 0.81143  ,  pro_loss: 0.09747  ,  IoU: 0.52024
[train: Epoch 39, 400 / 625] FPS: 116.9 (116.7)  ,  DataTime: 0.007 (0.006)  ,  ForwardTime: 0.261  ,  TotalTime: 0.274  ,  Loss/total: 2.31010  ,  Loss/giou: 0.55556  ,  Loss/l1: 0.07375  ,  Loss/location: 0.81069  ,  pro_loss: 0.09776  ,  IoU: 0.52134
[train: Epoch 39, 450 / 625] FPS: 117.0 (117.9)  ,  DataTime: 0.006 (0.006)  ,  ForwardTime: 0.261  ,  TotalTime: 0.274  ,  Loss/total: 2.31158  ,  Loss/giou: 0.55599  ,  Loss/l1: 0.07390  ,  Loss/location: 0.81045  ,  pro_loss: 0.09827  ,  IoU: 0.52087
[train: Epoch 39, 500 / 625] FPS: 117.0 (118.0)  ,  DataTime: 0.006 (0.006)  ,  ForwardTime: 0.261  ,  TotalTime: 0.273  ,  Loss/total: 2.31221  ,  Loss/giou: 0.55643  ,  Loss/l1: 0.07383  ,  Loss/location: 0.81039  ,  pro_loss: 0.09896  ,  IoU: 0.52070
[train: Epoch 39, 550 / 625] FPS: 117.1 (117.7)  ,  DataTime: 0.006 (0.006)  ,  ForwardTime: 0.261  ,  TotalTime: 0.273  ,  Loss/total: 2.30483  ,  Loss/giou: 0.55500  ,  Loss/l1: 0.07346  ,  Loss/location: 0.80772  ,  pro_loss: 0.09919  ,  IoU: 0.52196
[train: Epoch 39, 600 / 625] FPS: 117.1 (117.8)  ,  DataTime: 0.006 (0.006)  ,  ForwardTime: 0.261  ,  TotalTime: 0.273  ,  Loss/total: 2.30342  ,  Loss/giou: 0.55475  ,  Loss/l1: 0.07339  ,  Loss/location: 0.80711  ,  pro_loss: 0.09922  ,  IoU: 0.52251
[train: Epoch 39, 625 / 625] FPS: 117.2 (118.9)  ,  DataTime: 0.006 (0.006)  ,  ForwardTime: 0.261  ,  TotalTime: 0.273  ,  Loss/total: 2.30247  ,  Loss/giou: 0.55438  ,  Loss/l1: 0.07336  ,  Loss/location: 0.80710  ,  pro_loss: 0.09904  ,  IoU: 0.52282
[train: Epoch 40, 50 / 625] FPS: 112.4 (117.9)  ,  DataTime: 0.018 (0.006)  ,  ForwardTime: 0.261  ,  TotalTime: 0.285  ,  Loss/total: 2.28752  ,  Loss/giou: 0.54639  ,  Loss/l1: 0.07302  ,  Loss/location: 0.80945  ,  pro_loss: 0.10083  ,  IoU: 0.52951
[train: Epoch 40, 100 / 625] FPS: 115.1 (118.0)  ,  DataTime: 0.011 (0.006)  ,  ForwardTime: 0.261  ,  TotalTime: 0.278  ,  Loss/total: 2.29245  ,  Loss/giou: 0.54972  ,  Loss/l1: 0.07298  ,  Loss/location: 0.80859  ,  pro_loss: 0.09750  ,  IoU: 0.52740
[train: Epoch 40, 150 / 625] FPS: 116.0 (118.2)  ,  DataTime: 0.009 (0.006)  ,  ForwardTime: 0.261  ,  TotalTime: 0.276  ,  Loss/total: 2.28252  ,  Loss/giou: 0.54906  ,  Loss/l1: 0.07317  ,  Loss/location: 0.79915  ,  pro_loss: 0.09695  ,  IoU: 0.52864
[train: Epoch 40, 200 / 625] FPS: 116.4 (117.5)  ,  DataTime: 0.008 (0.006)  ,  ForwardTime: 0.261  ,  TotalTime: 0.275  ,  Loss/total: 2.28534  ,  Loss/giou: 0.54948  ,  Loss/l1: 0.07289  ,  Loss/location: 0.80234  ,  pro_loss: 0.09792  ,  IoU: 0.52806
[train: Epoch 40, 250 / 625] FPS: 116.7 (117.5)  ,  DataTime: 0.007 (0.006)  ,  ForwardTime: 0.261  ,  TotalTime: 0.274  ,  Loss/total: 2.29955  ,  Loss/giou: 0.55172  ,  Loss/l1: 0.07322  ,  Loss/location: 0.81013  ,  pro_loss: 0.09938  ,  IoU: 0.52555
[train: Epoch 40, 300 / 625] FPS: 116.9 (117.9)  ,  DataTime: 0.007 (0.006)  ,  ForwardTime: 0.261  ,  TotalTime: 0.274  ,  Loss/total: 2.30492  ,  Loss/giou: 0.55271  ,  Loss/l1: 0.07337  ,  Loss/location: 0.81284  ,  pro_loss: 0.09921  ,  IoU: 0.52423
[train: Epoch 40, 350 / 625] FPS: 117.0 (117.7)  ,  DataTime: 0.007 (0.006)  ,  ForwardTime: 0.261  ,  TotalTime: 0.274  ,  Loss/total: 2.30182  ,  Loss/giou: 0.55189  ,  Loss/l1: 0.07324  ,  Loss/location: 0.81196  ,  pro_loss: 0.09926  ,  IoU: 0.52451
[train: Epoch 40, 400 / 625] FPS: 117.1 (118.0)  ,  DataTime: 0.006 (0.006)  ,  ForwardTime: 0.261  ,  TotalTime: 0.273  ,  Loss/total: 2.29813  ,  Loss/giou: 0.55097  ,  Loss/l1: 0.07301  ,  Loss/location: 0.81139  ,  pro_loss: 0.09878  ,  IoU: 0.52445
[train: Epoch 40, 450 / 625] FPS: 117.2 (116.7)  ,  DataTime: 0.006 (0.006)  ,  ForwardTime: 0.261  ,  TotalTime: 0.273  ,  Loss/total: 2.29694  ,  Loss/giou: 0.55077  ,  Loss/l1: 0.07285  ,  Loss/location: 0.81144  ,  pro_loss: 0.09862  ,  IoU: 0.52403
[train: Epoch 40, 500 / 625] FPS: 117.2 (117.7)  ,  DataTime: 0.006 (0.006)  ,  ForwardTime: 0.261  ,  TotalTime: 0.273  ,  Loss/total: 2.29985  ,  Loss/giou: 0.55160  ,  Loss/l1: 0.07296  ,  Loss/location: 0.81202  ,  pro_loss: 0.09898  ,  IoU: 0.52359
[train: Epoch 40, 550 / 625] FPS: 117.2 (117.1)  ,  DataTime: 0.006 (0.006)  ,  ForwardTime: 0.261  ,  TotalTime: 0.273  ,  Loss/total: 2.29667  ,  Loss/giou: 0.55046  ,  Loss/l1: 0.07293  ,  Loss/location: 0.81130  ,  pro_loss: 0.09892  ,  IoU: 0.52424
[train: Epoch 40, 600 / 625] FPS: 117.3 (117.8)  ,  DataTime: 0.006 (0.006)  ,  ForwardTime: 0.261  ,  TotalTime: 0.273  ,  Loss/total: 2.29523  ,  Loss/giou: 0.55013  ,  Loss/l1: 0.07281  ,  Loss/location: 0.81111  ,  pro_loss: 0.09905  ,  IoU: 0.52418
[train: Epoch 40, 625 / 625] FPS: 117.3 (118.7)  ,  DataTime: 0.006 (0.006)  ,  ForwardTime: 0.261  ,  TotalTime: 0.273  ,  Loss/total: 2.29996  ,  Loss/giou: 0.55098  ,  Loss/l1: 0.07303  ,  Loss/location: 0.81309  ,  pro_loss: 0.09894  ,  IoU: 0.52368
[val: Epoch 40, 50 / 156] FPS: 217.9 (242.5)  ,  DataTime: 0.020 (0.007)  ,  ForwardTime: 0.119  ,  TotalTime: 0.147  ,  Loss/total: 0.86470  ,  Loss/giou: 0.22232  ,  Loss/l1: 0.01736  ,  Loss/location: 0.33017  ,  pro_loss: 0.01542  ,  IoU: 0.79409
[val: Epoch 40, 100 / 156] FPS: 229.8 (241.9)  ,  DataTime: 0.013 (0.007)  ,  ForwardTime: 0.119  ,  TotalTime: 0.139  ,  Loss/total: 0.87520  ,  Loss/giou: 0.22504  ,  Loss/l1: 0.01741  ,  Loss/location: 0.33493  ,  pro_loss: 0.01573  ,  IoU: 0.79116
[val: Epoch 40, 150 / 156] FPS: 233.8 (245.4)  ,  DataTime: 0.010 (0.008)  ,  ForwardTime: 0.119  ,  TotalTime: 0.137  ,  Loss/total: 0.87847  ,  Loss/giou: 0.22528  ,  Loss/l1: 0.01752  ,  Loss/location: 0.33731  ,  pro_loss: 0.01493  ,  IoU: 0.79085
[val: Epoch 40, 156 / 156] FPS: 234.3 (249.0)  ,  DataTime: 0.010 (0.007)  ,  ForwardTime: 0.119  ,  TotalTime: 0.137  ,  Loss/total: 0.87928  ,  Loss/giou: 0.22529  ,  Loss/l1: 0.01744  ,  Loss/location: 0.33852  ,  pro_loss: 0.01489  ,  IoU: 0.79061
[train: Epoch 41, 50 / 625] FPS: 111.5 (118.0)  ,  DataTime: 0.018 (0.006)  ,  ForwardTime: 0.263  ,  TotalTime: 0.287  ,  Loss/total: 2.24402  ,  Loss/giou: 0.54412  ,  Loss/l1: 0.07035  ,  Loss/location: 0.78393  ,  pro_loss: 0.10063  ,  IoU: 0.53136
[train: Epoch 41, 100 / 625] FPS: 114.5 (117.5)  ,  DataTime: 0.011 (0.006)  ,  ForwardTime: 0.262  ,  TotalTime: 0.279  ,  Loss/total: 2.24567  ,  Loss/giou: 0.54410  ,  Loss/l1: 0.07126  ,  Loss/location: 0.78109  ,  pro_loss: 0.10052  ,  IoU: 0.53203
[train: Epoch 41, 150 / 625] FPS: 115.6 (117.7)  ,  DataTime: 0.009 (0.006)  ,  ForwardTime: 0.262  ,  TotalTime: 0.277  ,  Loss/total: 2.27499  ,  Loss/giou: 0.54929  ,  Loss/l1: 0.07242  ,  Loss/location: 0.79428  ,  pro_loss: 0.10014  ,  IoU: 0.52822
[train: Epoch 41, 200 / 625] FPS: 116.1 (118.6)  ,  DataTime: 0.008 (0.006)  ,  ForwardTime: 0.262  ,  TotalTime: 0.276  ,  Loss/total: 2.26699  ,  Loss/giou: 0.54659  ,  Loss/l1: 0.07166  ,  Loss/location: 0.79558  ,  pro_loss: 0.09979  ,  IoU: 0.52968
[train: Epoch 41, 250 / 625] FPS: 116.3 (116.1)  ,  DataTime: 0.007 (0.006)  ,  ForwardTime: 0.262  ,  TotalTime: 0.275  ,  Loss/total: 2.25588  ,  Loss/giou: 0.54351  ,  Loss/l1: 0.07121  ,  Loss/location: 0.79290  ,  pro_loss: 0.09950  ,  IoU: 0.53186
[train: Epoch 41, 300 / 625] FPS: 116.5 (117.6)  ,  DataTime: 0.007 (0.006)  ,  ForwardTime: 0.262  ,  TotalTime: 0.275  ,  Loss/total: 2.25259  ,  Loss/giou: 0.54241  ,  Loss/l1: 0.07103  ,  Loss/location: 0.79277  ,  pro_loss: 0.09931  ,  IoU: 0.53257
[train: Epoch 41, 350 / 625] FPS: 116.6 (116.0)  ,  DataTime: 0.007 (0.006)  ,  ForwardTime: 0.262  ,  TotalTime: 0.274  ,  Loss/total: 2.25431  ,  Loss/giou: 0.54267  ,  Loss/l1: 0.07100  ,  Loss/location: 0.79412  ,  pro_loss: 0.09938  ,  IoU: 0.53212
[train: Epoch 41, 400 / 625] FPS: 116.8 (117.7)  ,  DataTime: 0.006 (0.006)  ,  ForwardTime: 0.262  ,  TotalTime: 0.274  ,  Loss/total: 2.25228  ,  Loss/giou: 0.54226  ,  Loss/l1: 0.07091  ,  Loss/location: 0.79344  ,  pro_loss: 0.09878  ,  IoU: 0.53270
[train: Epoch 41, 450 / 625] FPS: 116.9 (117.1)  ,  DataTime: 0.006 (0.006)  ,  ForwardTime: 0.262  ,  TotalTime: 0.274  ,  Loss/total: 2.25208  ,  Loss/giou: 0.54181  ,  Loss/l1: 0.07085  ,  Loss/location: 0.79452  ,  pro_loss: 0.09854  ,  IoU: 0.53307
[train: Epoch 41, 500 / 625] FPS: 116.9 (117.7)  ,  DataTime: 0.006 (0.006)  ,  ForwardTime: 0.262  ,  TotalTime: 0.274  ,  Loss/total: 2.25524  ,  Loss/giou: 0.54209  ,  Loss/l1: 0.07111  ,  Loss/location: 0.79578  ,  pro_loss: 0.09869  ,  IoU: 0.53314
[train: Epoch 41, 550 / 625] FPS: 117.0 (118.1)  ,  DataTime: 0.006 (0.006)  ,  ForwardTime: 0.262  ,  TotalTime: 0.274  ,  Loss/total: 2.24482  ,  Loss/giou: 0.53962  ,  Loss/l1: 0.07056  ,  Loss/location: 0.79299  ,  pro_loss: 0.09903  ,  IoU: 0.53487
[train: Epoch 41, 600 / 625] FPS: 117.1 (118.1)  ,  DataTime: 0.006 (0.006)  ,  ForwardTime: 0.262  ,  TotalTime: 0.273  ,  Loss/total: 2.24153  ,  Loss/giou: 0.53861  ,  Loss/l1: 0.07051  ,  Loss/location: 0.79190  ,  pro_loss: 0.09936  ,  IoU: 0.53588
[train: Epoch 41, 625 / 625] FPS: 117.1 (118.8)  ,  DataTime: 0.006 (0.006)  ,  ForwardTime: 0.262  ,  TotalTime: 0.273  ,  Loss/total: 2.24177  ,  Loss/giou: 0.53866  ,  Loss/l1: 0.07062  ,  Loss/location: 0.79140  ,  pro_loss: 0.09980  ,  IoU: 0.53599
[train: Epoch 42, 50 / 625] FPS: 112.6 (118.8)  ,  DataTime: 0.017 (0.006)  ,  ForwardTime: 0.261  ,  TotalTime: 0.284  ,  Loss/total: 2.25736  ,  Loss/giou: 0.54300  ,  Loss/l1: 0.07117  ,  Loss/location: 0.79537  ,  pro_loss: 0.10063  ,  IoU: 0.53067
[train: Epoch 42, 100 / 625] FPS: 115.2 (117.9)  ,  DataTime: 0.011 (0.006)  ,  ForwardTime: 0.261  ,  TotalTime: 0.278  ,  Loss/total: 2.27955  ,  Loss/giou: 0.54627  ,  Loss/l1: 0.07222  ,  Loss/location: 0.80641  ,  pro_loss: 0.09740  ,  IoU: 0.52806
[train: Epoch 42, 150 / 625] FPS: 115.9 (117.9)  ,  DataTime: 0.009 (0.006)  ,  ForwardTime: 0.261  ,  TotalTime: 0.276  ,  Loss/total: 2.28327  ,  Loss/giou: 0.54619  ,  Loss/l1: 0.07228  ,  Loss/location: 0.80960  ,  pro_loss: 0.09951  ,  IoU: 0.52867
[train: Epoch 42, 200 / 625] FPS: 116.4 (118.0)  ,  DataTime: 0.008 (0.006)  ,  ForwardTime: 0.261  ,  TotalTime: 0.275  ,  Loss/total: 2.27058  ,  Loss/giou: 0.54362  ,  Loss/l1: 0.07166  ,  Loss/location: 0.80508  ,  pro_loss: 0.09979  ,  IoU: 0.53074
[train: Epoch 42, 250 / 625] FPS: 116.5 (116.2)  ,  DataTime: 0.007 (0.006)  ,  ForwardTime: 0.261  ,  TotalTime: 0.275  ,  Loss/total: 2.27070  ,  Loss/giou: 0.54412  ,  Loss/l1: 0.07170  ,  Loss/location: 0.80394  ,  pro_loss: 0.10013  ,  IoU: 0.53059
[train: Epoch 42, 300 / 625] FPS: 116.7 (117.9)  ,  DataTime: 0.007 (0.006)  ,  ForwardTime: 0.261  ,  TotalTime: 0.274  ,  Loss/total: 2.27168  ,  Loss/giou: 0.54444  ,  Loss/l1: 0.07167  ,  Loss/location: 0.80427  ,  pro_loss: 0.10087  ,  IoU: 0.53047
[train: Epoch 42, 350 / 625] FPS: 116.8 (118.0)  ,  DataTime: 0.007 (0.006)  ,  ForwardTime: 0.261  ,  TotalTime: 0.274  ,  Loss/total: 2.26198  ,  Loss/giou: 0.54268  ,  Loss/l1: 0.07132  ,  Loss/location: 0.79976  ,  pro_loss: 0.10116  ,  IoU: 0.53221
[train: Epoch 42, 400 / 625] FPS: 116.9 (117.7)  ,  DataTime: 0.006 (0.006)  ,  ForwardTime: 0.261  ,  TotalTime: 0.274  ,  Loss/total: 2.25707  ,  Loss/giou: 0.54174  ,  Loss/l1: 0.07131  ,  Loss/location: 0.79695  ,  pro_loss: 0.10052  ,  IoU: 0.53319
[train: Epoch 42, 450 / 625] FPS: 117.0 (118.3)  ,  DataTime: 0.006 (0.006)  ,  ForwardTime: 0.261  ,  TotalTime: 0.274  ,  Loss/total: 2.25668  ,  Loss/giou: 0.54209  ,  Loss/l1: 0.07136  ,  Loss/location: 0.79569  ,  pro_loss: 0.10016  ,  IoU: 0.53320
[train: Epoch 42, 500 / 625] FPS: 117.1 (117.7)  ,  DataTime: 0.006 (0.006)  ,  ForwardTime: 0.261  ,  TotalTime: 0.273  ,  Loss/total: 2.25859  ,  Loss/giou: 0.54206  ,  Loss/l1: 0.07137  ,  Loss/location: 0.79765  ,  pro_loss: 0.10000  ,  IoU: 0.53330
[train: Epoch 42, 550 / 625] FPS: 117.1 (117.7)  ,  DataTime: 0.006 (0.006)  ,  ForwardTime: 0.261  ,  TotalTime: 0.273  ,  Loss/total: 2.26003  ,  Loss/giou: 0.54269  ,  Loss/l1: 0.07155  ,  Loss/location: 0.79689  ,  pro_loss: 0.10008  ,  IoU: 0.53322
[train: Epoch 42, 600 / 625] FPS: 117.2 (117.5)  ,  DataTime: 0.006 (0.006)  ,  ForwardTime: 0.261  ,  TotalTime: 0.273  ,  Loss/total: 2.25283  ,  Loss/giou: 0.54157  ,  Loss/l1: 0.07127  ,  Loss/location: 0.79341  ,  pro_loss: 0.09971  ,  IoU: 0.53394
[train: Epoch 42, 625 / 625] FPS: 117.2 (119.0)  ,  DataTime: 0.006 (0.006)  ,  ForwardTime: 0.261  ,  TotalTime: 0.273  ,  Loss/total: 2.24783  ,  Loss/giou: 0.54020  ,  Loss/l1: 0.07104  ,  Loss/location: 0.79226  ,  pro_loss: 0.09978  ,  IoU: 0.53512
[train: Epoch 43, 50 / 625] FPS: 112.3 (118.3)  ,  DataTime: 0.018 (0.006)  ,  ForwardTime: 0.261  ,  TotalTime: 0.285  ,  Loss/total: 2.21678  ,  Loss/giou: 0.53652  ,  Loss/l1: 0.06963  ,  Loss/location: 0.77475  ,  pro_loss: 0.10417  ,  IoU: 0.53606
[train: Epoch 43, 100 / 625] FPS: 115.0 (117.7)  ,  DataTime: 0.011 (0.006)  ,  ForwardTime: 0.261  ,  TotalTime: 0.278  ,  Loss/total: 2.27276  ,  Loss/giou: 0.54539  ,  Loss/l1: 0.07171  ,  Loss/location: 0.80273  ,  pro_loss: 0.10344  ,  IoU: 0.52980
[train: Epoch 43, 150 / 625] FPS: 115.9 (118.0)  ,  DataTime: 0.009 (0.006)  ,  ForwardTime: 0.261  ,  TotalTime: 0.276  ,  Loss/total: 2.27143  ,  Loss/giou: 0.54612  ,  Loss/l1: 0.07180  ,  Loss/location: 0.79987  ,  pro_loss: 0.10167  ,  IoU: 0.52974
[train: Epoch 43, 200 / 625] FPS: 116.3 (118.4)  ,  DataTime: 0.008 (0.006)  ,  ForwardTime: 0.261  ,  TotalTime: 0.275  ,  Loss/total: 2.26592  ,  Loss/giou: 0.54602  ,  Loss/l1: 0.07158  ,  Loss/location: 0.79549  ,  pro_loss: 0.10242  ,  IoU: 0.52939
[train: Epoch 43, 250 / 625] FPS: 116.6 (118.2)  ,  DataTime: 0.007 (0.006)  ,  ForwardTime: 0.261  ,  TotalTime: 0.274  ,  Loss/total: 2.26354  ,  Loss/giou: 0.54452  ,  Loss/l1: 0.07119  ,  Loss/location: 0.79786  ,  pro_loss: 0.10356  ,  IoU: 0.53017
[train: Epoch 43, 300 / 625] FPS: 116.8 (111.4)  ,  DataTime: 0.007 (0.006)  ,  ForwardTime: 0.261  ,  TotalTime: 0.274  ,  Loss/total: 2.24813  ,  Loss/giou: 0.54027  ,  Loss/l1: 0.07059  ,  Loss/location: 0.79401  ,  pro_loss: 0.10325  ,  IoU: 0.53355
[train: Epoch 43, 350 / 625] FPS: 116.9 (117.3)  ,  DataTime: 0.007 (0.006)  ,  ForwardTime: 0.261  ,  TotalTime: 0.274  ,  Loss/total: 2.23982  ,  Loss/giou: 0.53817  ,  Loss/l1: 0.07027  ,  Loss/location: 0.79138  ,  pro_loss: 0.10383  ,  IoU: 0.53506
[train: Epoch 43, 400 / 625] FPS: 117.0 (118.2)  ,  DataTime: 0.006 (0.006)  ,  ForwardTime: 0.261  ,  TotalTime: 0.274  ,  Loss/total: 2.24682  ,  Loss/giou: 0.54025  ,  Loss/l1: 0.07073  ,  Loss/location: 0.79208  ,  pro_loss: 0.10298  ,  IoU: 0.53339
[train: Epoch 43, 450 / 625] FPS: 117.0 (117.7)  ,  DataTime: 0.006 (0.006)  ,  ForwardTime: 0.261  ,  TotalTime: 0.273  ,  Loss/total: 2.24808  ,  Loss/giou: 0.54056  ,  Loss/l1: 0.07088  ,  Loss/location: 0.79211  ,  pro_loss: 0.10228  ,  IoU: 0.53358
[train: Epoch 43, 500 / 625] FPS: 117.1 (117.2)  ,  DataTime: 0.006 (0.006)  ,  ForwardTime: 0.261  ,  TotalTime: 0.273  ,  Loss/total: 2.24576  ,  Loss/giou: 0.54036  ,  Loss/l1: 0.07073  ,  Loss/location: 0.79082  ,  pro_loss: 0.10287  ,  IoU: 0.53374
[train: Epoch 43, 550 / 625] FPS: 117.1 (117.6)  ,  DataTime: 0.006 (0.006)  ,  ForwardTime: 0.261  ,  TotalTime: 0.273  ,  Loss/total: 2.25672  ,  Loss/giou: 0.54265  ,  Loss/l1: 0.07112  ,  Loss/location: 0.79528  ,  pro_loss: 0.10276  ,  IoU: 0.53197
[train: Epoch 43, 600 / 625] FPS: 117.2 (117.7)  ,  DataTime: 0.006 (0.006)  ,  ForwardTime: 0.261  ,  TotalTime: 0.273  ,  Loss/total: 2.26034  ,  Loss/giou: 0.54331  ,  Loss/l1: 0.07133  ,  Loss/location: 0.79648  ,  pro_loss: 0.10287  ,  IoU: 0.53166
[train: Epoch 43, 625 / 625] FPS: 117.2 (118.5)  ,  DataTime: 0.006 (0.006)  ,  ForwardTime: 0.261  ,  TotalTime: 0.273  ,  Loss/total: 2.25997  ,  Loss/giou: 0.54348  ,  Loss/l1: 0.07134  ,  Loss/location: 0.79573  ,  pro_loss: 0.10298  ,  IoU: 0.53149
[train: Epoch 44, 50 / 625] FPS: 111.7 (118.0)  ,  DataTime: 0.019 (0.006)  ,  ForwardTime: 0.261  ,  TotalTime: 0.286  ,  Loss/total: 2.22124  ,  Loss/giou: 0.53387  ,  Loss/l1: 0.06992  ,  Loss/location: 0.78434  ,  pro_loss: 0.09792  ,  IoU: 0.53649
[train: Epoch 44, 100 / 625] FPS: 114.6 (118.1)  ,  DataTime: 0.012 (0.006)  ,  ForwardTime: 0.261  ,  TotalTime: 0.279  ,  Loss/total: 2.17176  ,  Loss/giou: 0.52173  ,  Loss/l1: 0.06747  ,  Loss/location: 0.77079  ,  pro_loss: 0.10094  ,  IoU: 0.54685
[train: Epoch 44, 150 / 625] FPS: 115.6 (117.5)  ,  DataTime: 0.010 (0.006)  ,  ForwardTime: 0.261  ,  TotalTime: 0.277  ,  Loss/total: 2.17173  ,  Loss/giou: 0.52184  ,  Loss/l1: 0.06748  ,  Loss/location: 0.77024  ,  pro_loss: 0.10195  ,  IoU: 0.54739
[train: Epoch 44, 200 / 625] FPS: 116.1 (117.8)  ,  DataTime: 0.008 (0.006)  ,  ForwardTime: 0.261  ,  TotalTime: 0.276  ,  Loss/total: 2.19379  ,  Loss/giou: 0.52742  ,  Loss/l1: 0.06844  ,  Loss/location: 0.77637  ,  pro_loss: 0.10193  ,  IoU: 0.54281
[train: Epoch 44, 250 / 625] FPS: 116.5 (118.1)  ,  DataTime: 0.008 (0.006)  ,  ForwardTime: 0.261  ,  TotalTime: 0.275  ,  Loss/total: 2.19841  ,  Loss/giou: 0.52904  ,  Loss/l1: 0.06845  ,  Loss/location: 0.77772  ,  pro_loss: 0.10192  ,  IoU: 0.54079
[train: Epoch 44, 300 / 625] FPS: 116.7 (117.4)  ,  DataTime: 0.007 (0.006)  ,  ForwardTime: 0.261  ,  TotalTime: 0.274  ,  Loss/total: 2.22095  ,  Loss/giou: 0.53470  ,  Loss/l1: 0.06972  ,  Loss/location: 0.78252  ,  pro_loss: 0.10223  ,  IoU: 0.53778
[train: Epoch 44, 350 / 625] FPS: 116.9 (118.0)  ,  DataTime: 0.007 (0.006)  ,  ForwardTime: 0.261  ,  TotalTime: 0.274  ,  Loss/total: 2.22812  ,  Loss/giou: 0.53605  ,  Loss/l1: 0.07030  ,  Loss/location: 0.78418  ,  pro_loss: 0.10182  ,  IoU: 0.53705
[train: Epoch 44, 400 / 625] FPS: 117.0 (117.7)  ,  DataTime: 0.006 (0.006)  ,  ForwardTime: 0.261  ,  TotalTime: 0.274  ,  Loss/total: 2.23666  ,  Loss/giou: 0.53839  ,  Loss/l1: 0.07074  ,  Loss/location: 0.78592  ,  pro_loss: 0.10126  ,  IoU: 0.53560
[train: Epoch 44, 450 / 625] FPS: 117.1 (118.0)  ,  DataTime: 0.006 (0.006)  ,  ForwardTime: 0.261  ,  TotalTime: 0.273  ,  Loss/total: 2.23361  ,  Loss/giou: 0.53761  ,  Loss/l1: 0.07064  ,  Loss/location: 0.78494  ,  pro_loss: 0.10121  ,  IoU: 0.53630
[train: Epoch 44, 500 / 625] FPS: 117.1 (118.1)  ,  DataTime: 0.006 (0.006)  ,  ForwardTime: 0.261  ,  TotalTime: 0.273  ,  Loss/total: 2.23152  ,  Loss/giou: 0.53762  ,  Loss/l1: 0.07057  ,  Loss/location: 0.78315  ,  pro_loss: 0.10136  ,  IoU: 0.53637
[train: Epoch 44, 550 / 625] FPS: 117.2 (118.1)  ,  DataTime: 0.006 (0.006)  ,  ForwardTime: 0.261  ,  TotalTime: 0.273  ,  Loss/total: 2.23253  ,  Loss/giou: 0.53789  ,  Loss/l1: 0.07080  ,  Loss/location: 0.78244  ,  pro_loss: 0.10158  ,  IoU: 0.53646
[train: Epoch 44, 600 / 625] FPS: 117.3 (117.9)  ,  DataTime: 0.006 (0.006)  ,  ForwardTime: 0.261  ,  TotalTime: 0.273  ,  Loss/total: 2.23372  ,  Loss/giou: 0.53803  ,  Loss/l1: 0.07073  ,  Loss/location: 0.78374  ,  pro_loss: 0.10134  ,  IoU: 0.53627
[train: Epoch 44, 625 / 625] FPS: 117.3 (119.1)  ,  DataTime: 0.006 (0.006)  ,  ForwardTime: 0.261  ,  TotalTime: 0.273  ,  Loss/total: 2.22849  ,  Loss/giou: 0.53677  ,  Loss/l1: 0.07043  ,  Loss/location: 0.78258  ,  pro_loss: 0.10124  ,  IoU: 0.53707
[train: Epoch 45, 50 / 625] FPS: 112.6 (117.9)  ,  DataTime: 0.017 (0.006)  ,  ForwardTime: 0.261  ,  TotalTime: 0.284  ,  Loss/total: 2.26988  ,  Loss/giou: 0.55005  ,  Loss/l1: 0.07322  ,  Loss/location: 0.78384  ,  pro_loss: 0.09917  ,  IoU: 0.52957
[train: Epoch 45, 100 / 625] FPS: 115.2 (117.7)  ,  DataTime: 0.011 (0.006)  ,  ForwardTime: 0.261  ,  TotalTime: 0.278  ,  Loss/total: 2.27715  ,  Loss/giou: 0.54858  ,  Loss/l1: 0.07293  ,  Loss/location: 0.79583  ,  pro_loss: 0.09750  ,  IoU: 0.53037
[train: Epoch 45, 150 / 625] FPS: 116.1 (117.7)  ,  DataTime: 0.009 (0.006)  ,  ForwardTime: 0.261  ,  TotalTime: 0.276  ,  Loss/total: 2.24466  ,  Loss/giou: 0.54037  ,  Loss/l1: 0.07140  ,  Loss/location: 0.78792  ,  pro_loss: 0.09500  ,  IoU: 0.53575
[train: Epoch 45, 200 / 625] FPS: 116.5 (118.3)  ,  DataTime: 0.008 (0.006)  ,  ForwardTime: 0.261  ,  TotalTime: 0.275  ,  Loss/total: 2.23727  ,  Loss/giou: 0.53875  ,  Loss/l1: 0.07104  ,  Loss/location: 0.78559  ,  pro_loss: 0.09485  ,  IoU: 0.53660
[train: Epoch 45, 250 / 625] FPS: 116.8 (118.0)  ,  DataTime: 0.007 (0.006)  ,  ForwardTime: 0.261  ,  TotalTime: 0.274  ,  Loss/total: 2.24261  ,  Loss/giou: 0.53916  ,  Loss/l1: 0.07122  ,  Loss/location: 0.78921  ,  pro_loss: 0.09492  ,  IoU: 0.53653
[train: Epoch 45, 300 / 625] FPS: 116.9 (112.8)  ,  DataTime: 0.007 (0.006)  ,  ForwardTime: 0.261  ,  TotalTime: 0.274  ,  Loss/total: 2.23211  ,  Loss/giou: 0.53612  ,  Loss/l1: 0.07087  ,  Loss/location: 0.78639  ,  pro_loss: 0.09563  ,  IoU: 0.53884
[train: Epoch 45, 350 / 625] FPS: 117.0 (117.7)  ,  DataTime: 0.006 (0.006)  ,  ForwardTime: 0.261  ,  TotalTime: 0.273  ,  Loss/total: 2.23352  ,  Loss/giou: 0.53607  ,  Loss/l1: 0.07105  ,  Loss/location: 0.78665  ,  pro_loss: 0.09735  ,  IoU: 0.53909
[train: Epoch 45, 400 / 625] FPS: 117.1 (117.8)  ,  DataTime: 0.006 (0.006)  ,  ForwardTime: 0.261  ,  TotalTime: 0.273  ,  Loss/total: 2.24069  ,  Loss/giou: 0.53789  ,  Loss/l1: 0.07145  ,  Loss/location: 0.78812  ,  pro_loss: 0.09779  ,  IoU: 0.53776
[train: Epoch 45, 450 / 625] FPS: 117.2 (117.9)  ,  DataTime: 0.006 (0.006)  ,  ForwardTime: 0.261  ,  TotalTime: 0.273  ,  Loss/total: 2.23854  ,  Loss/giou: 0.53750  ,  Loss/l1: 0.07128  ,  Loss/location: 0.78759  ,  pro_loss: 0.09783  ,  IoU: 0.53751
[train: Epoch 45, 500 / 625] FPS: 117.3 (118.1)  ,  DataTime: 0.006 (0.006)  ,  ForwardTime: 0.261  ,  TotalTime: 0.273  ,  Loss/total: 2.24661  ,  Loss/giou: 0.53921  ,  Loss/l1: 0.07162  ,  Loss/location: 0.79037  ,  pro_loss: 0.09856  ,  IoU: 0.53633
[train: Epoch 45, 550 / 625] FPS: 117.3 (117.3)  ,  DataTime: 0.006 (0.006)  ,  ForwardTime: 0.261  ,  TotalTime: 0.273  ,  Loss/total: 2.24751  ,  Loss/giou: 0.53931  ,  Loss/l1: 0.07165  ,  Loss/location: 0.79089  ,  pro_loss: 0.09872  ,  IoU: 0.53610
[train: Epoch 45, 600 / 625] FPS: 117.3 (117.9)  ,  DataTime: 0.006 (0.006)  ,  ForwardTime: 0.261  ,  TotalTime: 0.273  ,  Loss/total: 2.24618  ,  Loss/giou: 0.53894  ,  Loss/l1: 0.07150  ,  Loss/location: 0.79095  ,  pro_loss: 0.09931  ,  IoU: 0.53620
[train: Epoch 45, 625 / 625] FPS: 117.3 (118.5)  ,  DataTime: 0.006 (0.006)  ,  ForwardTime: 0.261  ,  TotalTime: 0.273  ,  Loss/total: 2.24203  ,  Loss/giou: 0.53809  ,  Loss/l1: 0.07128  ,  Loss/location: 0.78960  ,  pro_loss: 0.09934  ,  IoU: 0.53678
[val: Epoch 45, 50 / 156] FPS: 217.9 (243.0)  ,  DataTime: 0.020 (0.007)  ,  ForwardTime: 0.119  ,  TotalTime: 0.147  ,  Loss/total: 0.83514  ,  Loss/giou: 0.21194  ,  Loss/l1: 0.01568  ,  Loss/location: 0.32978  ,  pro_loss: 0.01542  ,  IoU: 0.80127
[val: Epoch 45, 100 / 156] FPS: 229.8 (242.2)  ,  DataTime: 0.013 (0.007)  ,  ForwardTime: 0.119  ,  TotalTime: 0.139  ,  Loss/total: 0.82923  ,  Loss/giou: 0.21201  ,  Loss/l1: 0.01598  ,  Loss/location: 0.32245  ,  pro_loss: 0.01417  ,  IoU: 0.80172
[val: Epoch 45, 150 / 156] FPS: 234.1 (245.7)  ,  DataTime: 0.010 (0.007)  ,  ForwardTime: 0.119  ,  TotalTime: 0.137  ,  Loss/total: 0.83648  ,  Loss/giou: 0.21471  ,  Loss/l1: 0.01640  ,  Loss/location: 0.32228  ,  pro_loss: 0.01389  ,  IoU: 0.79980
[val: Epoch 45, 156 / 156] FPS: 234.6 (246.9)  ,  DataTime: 0.010 (0.007)  ,  ForwardTime: 0.119  ,  TotalTime: 0.136  ,  Loss/total: 0.83522  ,  Loss/giou: 0.21410  ,  Loss/l1: 0.01624  ,  Loss/location: 0.32298  ,  pro_loss: 0.01416  ,  IoU: 0.80014
[train: Epoch 46, 50 / 625] FPS: 112.3 (117.9)  ,  DataTime: 0.018 (0.006)  ,  ForwardTime: 0.261  ,  TotalTime: 0.285  ,  Loss/total: 2.28962  ,  Loss/giou: 0.55253  ,  Loss/l1: 0.07252  ,  Loss/location: 0.80236  ,  pro_loss: 0.09813  ,  IoU: 0.52500
[train: Epoch 46, 100 / 625] FPS: 115.0 (118.1)  ,  DataTime: 0.011 (0.006)  ,  ForwardTime: 0.261  ,  TotalTime: 0.278  ,  Loss/total: 2.25180  ,  Loss/giou: 0.54240  ,  Loss/l1: 0.07126  ,  Loss/location: 0.79122  ,  pro_loss: 0.09729  ,  IoU: 0.53236
[train: Epoch 46, 150 / 625] FPS: 115.9 (118.1)  ,  DataTime: 0.009 (0.006)  ,  ForwardTime: 0.261  ,  TotalTime: 0.276  ,  Loss/total: 2.23269  ,  Loss/giou: 0.53803  ,  Loss/l1: 0.07059  ,  Loss/location: 0.78424  ,  pro_loss: 0.09716  ,  IoU: 0.53653
[train: Epoch 46, 200 / 625] FPS: 116.4 (117.9)  ,  DataTime: 0.008 (0.006)  ,  ForwardTime: 0.261  ,  TotalTime: 0.275  ,  Loss/total: 2.23194  ,  Loss/giou: 0.53660  ,  Loss/l1: 0.07056  ,  Loss/location: 0.78632  ,  pro_loss: 0.09803  ,  IoU: 0.53775
[train: Epoch 46, 250 / 625] FPS: 116.7 (117.7)  ,  DataTime: 0.007 (0.006)  ,  ForwardTime: 0.261  ,  TotalTime: 0.274  ,  Loss/total: 2.23274  ,  Loss/giou: 0.53709  ,  Loss/l1: 0.07057  ,  Loss/location: 0.78616  ,  pro_loss: 0.09780  ,  IoU: 0.53738
[train: Epoch 46, 300 / 625] FPS: 116.8 (117.7)  ,  DataTime: 0.007 (0.006)  ,  ForwardTime: 0.261  ,  TotalTime: 0.274  ,  Loss/total: 2.22933  ,  Loss/giou: 0.53621  ,  Loss/l1: 0.07044  ,  Loss/location: 0.78507  ,  pro_loss: 0.09813  ,  IoU: 0.53789
[train: Epoch 46, 350 / 625] FPS: 117.0 (118.2)  ,  DataTime: 0.007 (0.006)  ,  ForwardTime: 0.261  ,  TotalTime: 0.274  ,  Loss/total: 2.22621  ,  Loss/giou: 0.53577  ,  Loss/l1: 0.07016  ,  Loss/location: 0.78417  ,  pro_loss: 0.09840  ,  IoU: 0.53814
[train: Epoch 46, 400 / 625] FPS: 117.1 (117.6)  ,  DataTime: 0.006 (0.006)  ,  ForwardTime: 0.261  ,  TotalTime: 0.273  ,  Loss/total: 2.23310  ,  Loss/giou: 0.53711  ,  Loss/l1: 0.07066  ,  Loss/location: 0.78575  ,  pro_loss: 0.09909  ,  IoU: 0.53747
[train: Epoch 46, 450 / 625] FPS: 117.1 (117.6)  ,  DataTime: 0.006 (0.006)  ,  ForwardTime: 0.261  ,  TotalTime: 0.273  ,  Loss/total: 2.24289  ,  Loss/giou: 0.53949  ,  Loss/l1: 0.07118  ,  Loss/location: 0.78812  ,  pro_loss: 0.09942  ,  IoU: 0.53594
[train: Epoch 46, 500 / 625] FPS: 117.2 (117.7)  ,  DataTime: 0.006 (0.006)  ,  ForwardTime: 0.261  ,  TotalTime: 0.273  ,  Loss/total: 2.24681  ,  Loss/giou: 0.54018  ,  Loss/l1: 0.07137  ,  Loss/location: 0.78970  ,  pro_loss: 0.09950  ,  IoU: 0.53541
[train: Epoch 46, 550 / 625] FPS: 117.2 (117.6)  ,  DataTime: 0.006 (0.006)  ,  ForwardTime: 0.261  ,  TotalTime: 0.273  ,  Loss/total: 2.25197  ,  Loss/giou: 0.54175  ,  Loss/l1: 0.07145  ,  Loss/location: 0.79130  ,  pro_loss: 0.09957  ,  IoU: 0.53376
[train: Epoch 46, 600 / 625] FPS: 117.3 (117.5)  ,  DataTime: 0.006 (0.006)  ,  ForwardTime: 0.261  ,  TotalTime: 0.273  ,  Loss/total: 2.25062  ,  Loss/giou: 0.54135  ,  Loss/l1: 0.07141  ,  Loss/location: 0.79103  ,  pro_loss: 0.09910  ,  IoU: 0.53396
[train: Epoch 46, 625 / 625] FPS: 117.3 (119.6)  ,  DataTime: 0.006 (0.006)  ,  ForwardTime: 0.261  ,  TotalTime: 0.273  ,  Loss/total: 2.25517  ,  Loss/giou: 0.54243  ,  Loss/l1: 0.07168  ,  Loss/location: 0.79205  ,  pro_loss: 0.09917  ,  IoU: 0.53331
[train: Epoch 47, 50 / 625] FPS: 112.2 (117.6)  ,  DataTime: 0.018 (0.006)  ,  ForwardTime: 0.261  ,  TotalTime: 0.285  ,  Loss/total: 2.21443  ,  Loss/giou: 0.53319  ,  Loss/l1: 0.06981  ,  Loss/location: 0.78036  ,  pro_loss: 0.09313  ,  IoU: 0.53822
[train: Epoch 47, 100 / 625] FPS: 114.8 (117.9)  ,  DataTime: 0.011 (0.006)  ,  ForwardTime: 0.261  ,  TotalTime: 0.279  ,  Loss/total: 2.21577  ,  Loss/giou: 0.53153  ,  Loss/l1: 0.07050  ,  Loss/location: 0.78057  ,  pro_loss: 0.09813  ,  IoU: 0.54175
[train: Epoch 47, 150 / 625] FPS: 115.8 (118.2)  ,  DataTime: 0.009 (0.006)  ,  ForwardTime: 0.261  ,  TotalTime: 0.276  ,  Loss/total: 2.22396  ,  Loss/giou: 0.53424  ,  Loss/l1: 0.07077  ,  Loss/location: 0.78149  ,  pro_loss: 0.10076  ,  IoU: 0.53961
[train: Epoch 47, 200 / 625] FPS: 116.3 (118.5)  ,  DataTime: 0.008 (0.006)  ,  ForwardTime: 0.261  ,  TotalTime: 0.275  ,  Loss/total: 2.21749  ,  Loss/giou: 0.53223  ,  Loss/l1: 0.07074  ,  Loss/location: 0.77917  ,  pro_loss: 0.10084  ,  IoU: 0.54146
[train: Epoch 47, 250 / 625] FPS: 116.6 (118.2)  ,  DataTime: 0.007 (0.006)  ,  ForwardTime: 0.261  ,  TotalTime: 0.275  ,  Loss/total: 2.20951  ,  Loss/giou: 0.53044  ,  Loss/l1: 0.07040  ,  Loss/location: 0.77681  ,  pro_loss: 0.09909  ,  IoU: 0.54227
[train: Epoch 47, 300 / 625] FPS: 116.6 (117.7)  ,  DataTime: 0.007 (0.006)  ,  ForwardTime: 0.261  ,  TotalTime: 0.274  ,  Loss/total: 2.20474  ,  Loss/giou: 0.52967  ,  Loss/l1: 0.07009  ,  Loss/location: 0.77501  ,  pro_loss: 0.09965  ,  IoU: 0.54250
[train: Epoch 47, 350 / 625] FPS: 116.8 (118.3)  ,  DataTime: 0.007 (0.006)  ,  ForwardTime: 0.261  ,  TotalTime: 0.274  ,  Loss/total: 2.20354  ,  Loss/giou: 0.52898  ,  Loss/l1: 0.06985  ,  Loss/location: 0.77640  ,  pro_loss: 0.09958  ,  IoU: 0.54265
[train: Epoch 47, 400 / 625] FPS: 116.8 (117.9)  ,  DataTime: 0.006 (0.006)  ,  ForwardTime: 0.261  ,  TotalTime: 0.274  ,  Loss/total: 2.22303  ,  Loss/giou: 0.53416  ,  Loss/l1: 0.07070  ,  Loss/location: 0.78110  ,  pro_loss: 0.10064  ,  IoU: 0.53892
[train: Epoch 47, 450 / 625] FPS: 116.9 (118.4)  ,  DataTime: 0.006 (0.006)  ,  ForwardTime: 0.261  ,  TotalTime: 0.274  ,  Loss/total: 2.22531  ,  Loss/giou: 0.53420  ,  Loss/l1: 0.07067  ,  Loss/location: 0.78337  ,  pro_loss: 0.10089  ,  IoU: 0.53871
[train: Epoch 47, 500 / 625] FPS: 117.0 (117.7)  ,  DataTime: 0.006 (0.006)  ,  ForwardTime: 0.261  ,  TotalTime: 0.274  ,  Loss/total: 2.22221  ,  Loss/giou: 0.53388  ,  Loss/l1: 0.07045  ,  Loss/location: 0.78195  ,  pro_loss: 0.10126  ,  IoU: 0.53883
[train: Epoch 47, 550 / 625] FPS: 117.1 (117.4)  ,  DataTime: 0.006 (0.006)  ,  ForwardTime: 0.261  ,  TotalTime: 0.273  ,  Loss/total: 2.22467  ,  Loss/giou: 0.53471  ,  Loss/l1: 0.07058  ,  Loss/location: 0.78210  ,  pro_loss: 0.10129  ,  IoU: 0.53815
[train: Epoch 47, 600 / 625] FPS: 117.1 (118.5)  ,  DataTime: 0.006 (0.006)  ,  ForwardTime: 0.261  ,  TotalTime: 0.273  ,  Loss/total: 2.22490  ,  Loss/giou: 0.53486  ,  Loss/l1: 0.07053  ,  Loss/location: 0.78232  ,  pro_loss: 0.10096  ,  IoU: 0.53808
[train: Epoch 47, 625 / 625] FPS: 117.2 (118.4)  ,  DataTime: 0.006 (0.006)  ,  ForwardTime: 0.261  ,  TotalTime: 0.273  ,  Loss/total: 2.22621  ,  Loss/giou: 0.53534  ,  Loss/l1: 0.07053  ,  Loss/location: 0.78272  ,  pro_loss: 0.10069  ,  IoU: 0.53771
[train: Epoch 48, 50 / 625] FPS: 112.1 (116.2)  ,  DataTime: 0.018 (0.006)  ,  ForwardTime: 0.262  ,  TotalTime: 0.285  ,  Loss/total: 2.14024  ,  Loss/giou: 0.51495  ,  Loss/l1: 0.06510  ,  Loss/location: 0.76401  ,  pro_loss: 0.10417  ,  IoU: 0.54913
[train: Epoch 48, 100 / 625] FPS: 114.6 (117.5)  ,  DataTime: 0.011 (0.006)  ,  ForwardTime: 0.262  ,  TotalTime: 0.279  ,  Loss/total: 2.18319  ,  Loss/giou: 0.52357  ,  Loss/l1: 0.06790  ,  Loss/location: 0.77614  ,  pro_loss: 0.10198  ,  IoU: 0.54635
[train: Epoch 48, 150 / 625] FPS: 115.6 (117.5)  ,  DataTime: 0.009 (0.006)  ,  ForwardTime: 0.262  ,  TotalTime: 0.277  ,  Loss/total: 2.19661  ,  Loss/giou: 0.52777  ,  Loss/l1: 0.06878  ,  Loss/location: 0.77702  ,  pro_loss: 0.10084  ,  IoU: 0.54298
[train: Epoch 48, 200 / 625] FPS: 116.0 (116.3)  ,  DataTime: 0.008 (0.006)  ,  ForwardTime: 0.262  ,  TotalTime: 0.276  ,  Loss/total: 2.19185  ,  Loss/giou: 0.52691  ,  Loss/l1: 0.06871  ,  Loss/location: 0.77418  ,  pro_loss: 0.10136  ,  IoU: 0.54398
[train: Epoch 48, 250 / 625] FPS: 116.3 (118.2)  ,  DataTime: 0.007 (0.006)  ,  ForwardTime: 0.262  ,  TotalTime: 0.275  ,  Loss/total: 2.20037  ,  Loss/giou: 0.52920  ,  Loss/l1: 0.06953  ,  Loss/location: 0.77401  ,  pro_loss: 0.10146  ,  IoU: 0.54307
[train: Epoch 48, 300 / 625] FPS: 116.5 (117.3)  ,  DataTime: 0.007 (0.006)  ,  ForwardTime: 0.262  ,  TotalTime: 0.275  ,  Loss/total: 2.19266  ,  Loss/giou: 0.52864  ,  Loss/l1: 0.06949  ,  Loss/location: 0.76773  ,  pro_loss: 0.10101  ,  IoU: 0.54412
[train: Epoch 48, 350 / 625] FPS: 116.7 (117.8)  ,  DataTime: 0.007 (0.006)  ,  ForwardTime: 0.262  ,  TotalTime: 0.274  ,  Loss/total: 2.19423  ,  Loss/giou: 0.52890  ,  Loss/l1: 0.06938  ,  Loss/location: 0.76932  ,  pro_loss: 0.10098  ,  IoU: 0.54395
[train: Epoch 48, 400 / 625] FPS: 116.8 (116.6)  ,  DataTime: 0.006 (0.006)  ,  ForwardTime: 0.262  ,  TotalTime: 0.274  ,  Loss/total: 2.19622  ,  Loss/giou: 0.52880  ,  Loss/l1: 0.06944  ,  Loss/location: 0.77102  ,  pro_loss: 0.10196  ,  IoU: 0.54398
[train: Epoch 48, 450 / 625] FPS: 116.9 (118.0)  ,  DataTime: 0.006 (0.006)  ,  ForwardTime: 0.262  ,  TotalTime: 0.274  ,  Loss/total: 2.20455  ,  Loss/giou: 0.53058  ,  Loss/l1: 0.06982  ,  Loss/location: 0.77403  ,  pro_loss: 0.10123  ,  IoU: 0.54240
[train: Epoch 48, 500 / 625] FPS: 116.9 (117.5)  ,  DataTime: 0.006 (0.006)  ,  ForwardTime: 0.262  ,  TotalTime: 0.274  ,  Loss/total: 2.20884  ,  Loss/giou: 0.53147  ,  Loss/l1: 0.06998  ,  Loss/location: 0.77580  ,  pro_loss: 0.10094  ,  IoU: 0.54180
