[train: Epoch 1, 50 / 625] FPS: 91.1 (117.4)  ,  DataTime: 0.021 (0.006)  ,  ForwardTime: 0.325  ,  TotalTime: 0.351  ,  Loss/total: 31.04163  ,  Loss/giou: 1.26169  ,  Loss/l1: 0.27752  ,  Loss/location: 27.03567  ,  pro_loss: 0.47478  ,  IoU: 0.06344
[train: Epoch 1, 100 / 625] FPS: 102.6 (117.6)  ,  DataTime: 0.013 (0.006)  ,  ForwardTime: 0.294  ,  TotalTime: 0.312  ,  Loss/total: 23.85645  ,  Loss/giou: 1.22643  ,  Loss/l1: 0.27409  ,  Loss/location: 19.94412  ,  pro_loss: 0.44493  ,  IoU: 0.06834
[train: Epoch 1, 150 / 625] FPS: 107.2 (117.9)  ,  DataTime: 0.010 (0.006)  ,  ForwardTime: 0.283  ,  TotalTime: 0.299  ,  Loss/total: 19.92956  ,  Loss/giou: 1.19342  ,  Loss/l1: 0.26903  ,  Loss/location: 16.11471  ,  pro_loss: 0.41421  ,  IoU: 0.07244
[train: Epoch 1, 200 / 625] FPS: 109.6 (118.2)  ,  DataTime: 0.008 (0.006)  ,  ForwardTime: 0.278  ,  TotalTime: 0.292  ,  Loss/total: 17.32936  ,  Loss/giou: 1.16567  ,  Loss/l1: 0.26312  ,  Loss/location: 13.60519  ,  pro_loss: 0.38600  ,  IoU: 0.07827
[train: Epoch 1, 250 / 625] FPS: 111.1 (117.0)  ,  DataTime: 0.008 (0.006)  ,  ForwardTime: 0.275  ,  TotalTime: 0.288  ,  Loss/total: 15.61806  ,  Loss/giou: 1.14672  ,  Loss/l1: 0.25663  ,  Loss/location: 11.96979  ,  pro_loss: 0.35839  ,  IoU: 0.08231
[train: Epoch 1, 300 / 625] FPS: 112.2 (117.7)  ,  DataTime: 0.007 (0.006)  ,  ForwardTime: 0.273  ,  TotalTime: 0.285  ,  Loss/total: 14.25341  ,  Loss/giou: 1.12953  ,  Loss/l1: 0.24950  ,  Loss/location: 10.67916  ,  pro_loss: 0.33833  ,  IoU: 0.08834
[train: Epoch 1, 350 / 625] FPS: 112.9 (117.5)  ,  DataTime: 0.007 (0.006)  ,  ForwardTime: 0.271  ,  TotalTime: 0.283  ,  Loss/total: 13.18689  ,  Loss/giou: 1.11342  ,  Loss/l1: 0.24220  ,  Loss/location: 9.68460  ,  pro_loss: 0.32219  ,  IoU: 0.09612
[train: Epoch 1, 400 / 625] FPS: 113.5 (117.6)  ,  DataTime: 0.006 (0.006)  ,  ForwardTime: 0.270  ,  TotalTime: 0.282  ,  Loss/total: 12.32944  ,  Loss/giou: 1.09697  ,  Loss/l1: 0.23400  ,  Loss/location: 8.90361  ,  pro_loss: 0.30949  ,  IoU: 0.10511
[train: Epoch 1, 450 / 625] FPS: 113.9 (117.4)  ,  DataTime: 0.006 (0.006)  ,  ForwardTime: 0.269  ,  TotalTime: 0.281  ,  Loss/total: 11.60584  ,  Loss/giou: 1.08321  ,  Loss/l1: 0.22737  ,  Loss/location: 8.24301  ,  pro_loss: 0.29775  ,  IoU: 0.11400
[train: Epoch 1, 500 / 625] FPS: 114.2 (117.5)  ,  DataTime: 0.006 (0.006)  ,  ForwardTime: 0.269  ,  TotalTime: 0.280  ,  Loss/total: 10.96653  ,  Loss/giou: 1.06730  ,  Loss/l1: 0.21997  ,  Loss/location: 7.67462  ,  pro_loss: 0.28721  ,  IoU: 0.12584
[train: Epoch 1, 550 / 625] FPS: 114.5 (118.1)  ,  DataTime: 0.006 (0.006)  ,  ForwardTime: 0.268  ,  TotalTime: 0.279  ,  Loss/total: 10.44431  ,  Loss/giou: 1.05461  ,  Loss/l1: 0.21374  ,  Loss/location: 7.21075  ,  pro_loss: 0.27827  ,  IoU: 0.13600
[train: Epoch 1, 600 / 625] FPS: 114.8 (117.2)  ,  DataTime: 0.006 (0.006)  ,  ForwardTime: 0.268  ,  TotalTime: 0.279  ,  Loss/total: 10.00798  ,  Loss/giou: 1.04285  ,  Loss/l1: 0.20832  ,  Loss/location: 6.82650  ,  pro_loss: 0.27079  ,  IoU: 0.14532
[train: Epoch 1, 625 / 625] FPS: 114.9 (118.4)  ,  DataTime: 0.006 (0.006)  ,  ForwardTime: 0.267  ,  TotalTime: 0.279  ,  Loss/total: 9.80248  ,  Loss/giou: 1.03688  ,  Loss/l1: 0.20559  ,  Loss/location: 6.64735  ,  pro_loss: 0.26711  ,  IoU: 0.15026
[train: Epoch 2, 50 / 625] FPS: 111.6 (117.5)  ,  DataTime: 0.019 (0.006)  ,  ForwardTime: 0.262  ,  TotalTime: 0.287  ,  Loss/total: 4.55790  ,  Loss/giou: 0.85388  ,  Loss/l1: 0.12877  ,  Loss/location: 2.18716  ,  pro_loss: 0.09567  ,  IoU: 0.28994
[train: Epoch 2, 100 / 625] FPS: 114.7 (118.4)  ,  DataTime: 0.012 (0.006)  ,  ForwardTime: 0.262  ,  TotalTime: 0.279  ,  Loss/total: 4.47823  ,  Loss/giou: 0.85062  ,  Loss/l1: 0.12582  ,  Loss/location: 2.13197  ,  pro_loss: 0.07951  ,  IoU: 0.29888
[train: Epoch 2, 150 / 625] FPS: 115.7 (118.0)  ,  DataTime: 0.009 (0.006)  ,  ForwardTime: 0.262  ,  TotalTime: 0.277  ,  Loss/total: 4.40553  ,  Loss/giou: 0.85128  ,  Loss/l1: 0.12637  ,  Loss/location: 2.05684  ,  pro_loss: 0.07155  ,  IoU: 0.30052
[train: Epoch 2, 200 / 625] FPS: 116.3 (118.6)  ,  DataTime: 0.008 (0.006)  ,  ForwardTime: 0.262  ,  TotalTime: 0.275  ,  Loss/total: 4.33860  ,  Loss/giou: 0.84618  ,  Loss/l1: 0.12552  ,  Loss/location: 2.00473  ,  pro_loss: 0.06964  ,  IoU: 0.30408
[train: Epoch 2, 250 / 625] FPS: 116.6 (118.3)  ,  DataTime: 0.007 (0.006)  ,  ForwardTime: 0.262  ,  TotalTime: 0.274  ,  Loss/total: 4.27688  ,  Loss/giou: 0.83903  ,  Loss/l1: 0.12374  ,  Loss/location: 1.96673  ,  pro_loss: 0.06678  ,  IoU: 0.30801
[train: Epoch 2, 300 / 625] FPS: 116.8 (117.3)  ,  DataTime: 0.007 (0.006)  ,  ForwardTime: 0.262  ,  TotalTime: 0.274  ,  Loss/total: 4.22175  ,  Loss/giou: 0.83433  ,  Loss/l1: 0.12287  ,  Loss/location: 1.92564  ,  pro_loss: 0.06550  ,  IoU: 0.31090
[train: Epoch 2, 350 / 625] FPS: 117.0 (117.3)  ,  DataTime: 0.006 (0.006)  ,  ForwardTime: 0.262  ,  TotalTime: 0.273  ,  Loss/total: 4.17842  ,  Loss/giou: 0.83124  ,  Loss/l1: 0.12300  ,  Loss/location: 1.88793  ,  pro_loss: 0.06510  ,  IoU: 0.31345
[train: Epoch 2, 400 / 625] FPS: 117.1 (117.5)  ,  DataTime: 0.006 (0.006)  ,  ForwardTime: 0.262  ,  TotalTime: 0.273  ,  Loss/total: 4.13122  ,  Loss/giou: 0.82568  ,  Loss/l1: 0.12225  ,  Loss/location: 1.85573  ,  pro_loss: 0.06430  ,  IoU: 0.31722
[train: Epoch 2, 450 / 625] FPS: 117.2 (118.1)  ,  DataTime: 0.006 (0.006)  ,  ForwardTime: 0.262  ,  TotalTime: 0.273  ,  Loss/total: 4.09736  ,  Loss/giou: 0.82212  ,  Loss/l1: 0.12165  ,  Loss/location: 1.83220  ,  pro_loss: 0.06344  ,  IoU: 0.31972
[train: Epoch 2, 500 / 625] FPS: 117.3 (117.8)  ,  DataTime: 0.006 (0.006)  ,  ForwardTime: 0.262  ,  TotalTime: 0.273  ,  Loss/total: 4.05518  ,  Loss/giou: 0.81739  ,  Loss/l1: 0.12071  ,  Loss/location: 1.80420  ,  pro_loss: 0.06314  ,  IoU: 0.32222
[train: Epoch 2, 550 / 625] FPS: 117.4 (117.8)  ,  DataTime: 0.006 (0.006)  ,  ForwardTime: 0.262  ,  TotalTime: 0.273  ,  Loss/total: 4.02016  ,  Loss/giou: 0.81484  ,  Loss/l1: 0.12028  ,  Loss/location: 1.77647  ,  pro_loss: 0.06315  ,  IoU: 0.32444
[train: Epoch 2, 600 / 625] FPS: 117.4 (118.0)  ,  DataTime: 0.006 (0.006)  ,  ForwardTime: 0.262  ,  TotalTime: 0.273  ,  Loss/total: 3.98020  ,  Loss/giou: 0.81076  ,  Loss/l1: 0.11961  ,  Loss/location: 1.74805  ,  pro_loss: 0.06302  ,  IoU: 0.32705
[train: Epoch 2, 625 / 625] FPS: 117.4 (118.9)  ,  DataTime: 0.005 (0.006)  ,  ForwardTime: 0.262  ,  TotalTime: 0.272  ,  Loss/total: 3.96042  ,  Loss/giou: 0.80824  ,  Loss/l1: 0.11906  ,  Loss/location: 1.73596  ,  pro_loss: 0.06332  ,  IoU: 0.32865
[train: Epoch 3, 50 / 625] FPS: 111.9 (118.0)  ,  DataTime: 0.019 (0.006)  ,  ForwardTime: 0.262  ,  TotalTime: 0.286  ,  Loss/total: 3.56522  ,  Loss/giou: 0.76634  ,  Loss/l1: 0.11171  ,  Loss/location: 1.46037  ,  pro_loss: 0.06805  ,  IoU: 0.35594
[train: Epoch 3, 100 / 625] FPS: 114.9 (118.1)  ,  DataTime: 0.011 (0.006)  ,  ForwardTime: 0.261  ,  TotalTime: 0.278  ,  Loss/total: 3.58786  ,  Loss/giou: 0.76800  ,  Loss/l1: 0.11103  ,  Loss/location: 1.48352  ,  pro_loss: 0.06603  ,  IoU: 0.35399
[train: Epoch 3, 150 / 625] FPS: 116.0 (118.1)  ,  DataTime: 0.009 (0.005)  ,  ForwardTime: 0.261  ,  TotalTime: 0.276  ,  Loss/total: 3.59301  ,  Loss/giou: 0.77120  ,  Loss/l1: 0.11294  ,  Loss/location: 1.47244  ,  pro_loss: 0.06742  ,  IoU: 0.35274
[train: Epoch 3, 200 / 625] FPS: 116.5 (118.0)  ,  DataTime: 0.008 (0.005)  ,  ForwardTime: 0.262  ,  TotalTime: 0.275  ,  Loss/total: 3.56399  ,  Loss/giou: 0.76892  ,  Loss/l1: 0.11288  ,  Loss/location: 1.44867  ,  pro_loss: 0.06536  ,  IoU: 0.35504
[train: Epoch 3, 250 / 625] FPS: 116.8 (118.3)  ,  DataTime: 0.007 (0.005)  ,  ForwardTime: 0.261  ,  TotalTime: 0.274  ,  Loss/total: 3.53504  ,  Loss/giou: 0.76746  ,  Loss/l1: 0.11192  ,  Loss/location: 1.42718  ,  pro_loss: 0.06676  ,  IoU: 0.35620
[train: Epoch 3, 300 / 625] FPS: 117.0 (118.0)  ,  DataTime: 0.007 (0.005)  ,  ForwardTime: 0.261  ,  TotalTime: 0.274  ,  Loss/total: 3.51031  ,  Loss/giou: 0.76401  ,  Loss/l1: 0.11127  ,  Loss/location: 1.41270  ,  pro_loss: 0.06628  ,  IoU: 0.35850
[train: Epoch 3, 350 / 625] FPS: 117.1 (117.0)  ,  DataTime: 0.006 (0.005)  ,  ForwardTime: 0.261  ,  TotalTime: 0.273  ,  Loss/total: 3.49211  ,  Loss/giou: 0.76148  ,  Loss/l1: 0.11083  ,  Loss/location: 1.40186  ,  pro_loss: 0.06577  ,  IoU: 0.36071
[train: Epoch 3, 400 / 625] FPS: 117.2 (118.2)  ,  DataTime: 0.006 (0.005)  ,  ForwardTime: 0.262  ,  TotalTime: 0.273  ,  Loss/total: 3.47687  ,  Loss/giou: 0.75963  ,  Loss/l1: 0.11033  ,  Loss/location: 1.39293  ,  pro_loss: 0.06518  ,  IoU: 0.36196
[train: Epoch 3, 450 / 625] FPS: 117.3 (118.1)  ,  DataTime: 0.006 (0.005)  ,  ForwardTime: 0.262  ,  TotalTime: 0.273  ,  Loss/total: 3.45855  ,  Loss/giou: 0.75713  ,  Loss/l1: 0.10977  ,  Loss/location: 1.38259  ,  pro_loss: 0.06432  ,  IoU: 0.36378
[train: Epoch 3, 500 / 625] FPS: 117.4 (118.5)  ,  DataTime: 0.006 (0.005)  ,  ForwardTime: 0.262  ,  TotalTime: 0.273  ,  Loss/total: 3.43880  ,  Loss/giou: 0.75474  ,  Loss/l1: 0.10925  ,  Loss/location: 1.37027  ,  pro_loss: 0.06402  ,  IoU: 0.36595
[train: Epoch 3, 550 / 625] FPS: 117.4 (118.2)  ,  DataTime: 0.006 (0.005)  ,  ForwardTime: 0.262  ,  TotalTime: 0.272  ,  Loss/total: 3.42604  ,  Loss/giou: 0.75362  ,  Loss/l1: 0.10908  ,  Loss/location: 1.36074  ,  pro_loss: 0.06332  ,  IoU: 0.36663
[train: Epoch 3, 600 / 625] FPS: 117.5 (118.2)  ,  DataTime: 0.005 (0.005)  ,  ForwardTime: 0.262  ,  TotalTime: 0.272  ,  Loss/total: 3.41084  ,  Loss/giou: 0.75166  ,  Loss/l1: 0.10878  ,  Loss/location: 1.35100  ,  pro_loss: 0.06324  ,  IoU: 0.36858
[train: Epoch 3, 625 / 625] FPS: 117.5 (119.1)  ,  DataTime: 0.005 (0.005)  ,  ForwardTime: 0.262  ,  TotalTime: 0.272  ,  Loss/total: 3.40861  ,  Loss/giou: 0.75219  ,  Loss/l1: 0.10889  ,  Loss/location: 1.34714  ,  pro_loss: 0.06327  ,  IoU: 0.36842
[train: Epoch 4, 50 / 625] FPS: 112.3 (118.2)  ,  DataTime: 0.018 (0.006)  ,  ForwardTime: 0.262  ,  TotalTime: 0.285  ,  Loss/total: 3.20955  ,  Loss/giou: 0.72197  ,  Loss/l1: 0.10580  ,  Loss/location: 1.22266  ,  pro_loss: 0.06974  ,  IoU: 0.39434
[train: Epoch 4, 100 / 625] FPS: 115.0 (118.3)  ,  DataTime: 0.011 (0.006)  ,  ForwardTime: 0.262  ,  TotalTime: 0.278  ,  Loss/total: 3.18799  ,  Loss/giou: 0.71896  ,  Loss/l1: 0.10403  ,  Loss/location: 1.21680  ,  pro_loss: 0.06552  ,  IoU: 0.39233
[train: Epoch 4, 150 / 625] FPS: 116.0 (118.1)  ,  DataTime: 0.009 (0.006)  ,  ForwardTime: 0.262  ,  TotalTime: 0.276  ,  Loss/total: 3.19314  ,  Loss/giou: 0.72122  ,  Loss/l1: 0.10467  ,  Loss/location: 1.21466  ,  pro_loss: 0.06345  ,  IoU: 0.39143
[train: Epoch 4, 200 / 625] FPS: 116.5 (117.8)  ,  DataTime: 0.008 (0.006)  ,  ForwardTime: 0.262  ,  TotalTime: 0.275  ,  Loss/total: 3.19011  ,  Loss/giou: 0.72098  ,  Loss/l1: 0.10417  ,  Loss/location: 1.21461  ,  pro_loss: 0.06337  ,  IoU: 0.39028
[train: Epoch 4, 250 / 625] FPS: 116.7 (117.1)  ,  DataTime: 0.007 (0.005)  ,  ForwardTime: 0.262  ,  TotalTime: 0.274  ,  Loss/total: 3.17206  ,  Loss/giou: 0.71764  ,  Loss/l1: 0.10317  ,  Loss/location: 1.20821  ,  pro_loss: 0.06353  ,  IoU: 0.39251
[train: Epoch 4, 300 / 625] FPS: 116.9 (117.7)  ,  DataTime: 0.006 (0.005)  ,  ForwardTime: 0.262  ,  TotalTime: 0.274  ,  Loss/total: 3.17945  ,  Loss/giou: 0.72029  ,  Loss/l1: 0.10366  ,  Loss/location: 1.20800  ,  pro_loss: 0.06303  ,  IoU: 0.39064
[train: Epoch 4, 350 / 625] FPS: 117.1 (118.3)  ,  DataTime: 0.006 (0.005)  ,  ForwardTime: 0.262  ,  TotalTime: 0.273  ,  Loss/total: 3.17435  ,  Loss/giou: 0.72033  ,  Loss/l1: 0.10352  ,  Loss/location: 1.20354  ,  pro_loss: 0.06267  ,  IoU: 0.39036
[train: Epoch 4, 400 / 625] FPS: 117.2 (118.4)  ,  DataTime: 0.006 (0.005)  ,  ForwardTime: 0.262  ,  TotalTime: 0.273  ,  Loss/total: 3.16240  ,  Loss/giou: 0.71848  ,  Loss/l1: 0.10311  ,  Loss/location: 1.19743  ,  pro_loss: 0.06238  ,  IoU: 0.39230
[train: Epoch 4, 450 / 625] FPS: 117.3 (117.8)  ,  DataTime: 0.006 (0.005)  ,  ForwardTime: 0.262  ,  TotalTime: 0.273  ,  Loss/total: 3.15906  ,  Loss/giou: 0.71826  ,  Loss/l1: 0.10298  ,  Loss/location: 1.19510  ,  pro_loss: 0.06276  ,  IoU: 0.39312
[train: Epoch 4, 500 / 625] FPS: 117.4 (117.9)  ,  DataTime: 0.006 (0.005)  ,  ForwardTime: 0.262  ,  TotalTime: 0.273  ,  Loss/total: 3.15755  ,  Loss/giou: 0.71814  ,  Loss/l1: 0.10289  ,  Loss/location: 1.19412  ,  pro_loss: 0.06348  ,  IoU: 0.39360
[train: Epoch 4, 550 / 625] FPS: 117.4 (118.2)  ,  DataTime: 0.005 (0.005)  ,  ForwardTime: 0.262  ,  TotalTime: 0.273  ,  Loss/total: 3.15466  ,  Loss/giou: 0.71795  ,  Loss/l1: 0.10300  ,  Loss/location: 1.19107  ,  pro_loss: 0.06345  ,  IoU: 0.39408
[train: Epoch 4, 600 / 625] FPS: 117.5 (118.5)  ,  DataTime: 0.005 (0.005)  ,  ForwardTime: 0.262  ,  TotalTime: 0.272  ,  Loss/total: 3.14381  ,  Loss/giou: 0.71631  ,  Loss/l1: 0.10259  ,  Loss/location: 1.18551  ,  pro_loss: 0.06363  ,  IoU: 0.39545
[train: Epoch 4, 625 / 625] FPS: 117.5 (119.1)  ,  DataTime: 0.005 (0.005)  ,  ForwardTime: 0.262  ,  TotalTime: 0.272  ,  Loss/total: 3.14235  ,  Loss/giou: 0.71620  ,  Loss/l1: 0.10254  ,  Loss/location: 1.18443  ,  pro_loss: 0.06396  ,  IoU: 0.39572
[train: Epoch 5, 50 / 625] FPS: 112.0 (118.1)  ,  DataTime: 0.018 (0.006)  ,  ForwardTime: 0.262  ,  TotalTime: 0.286  ,  Loss/total: 3.02664  ,  Loss/giou: 0.69748  ,  Loss/l1: 0.09888  ,  Loss/location: 1.12391  ,  pro_loss: 0.06679  ,  IoU: 0.40884
[train: Epoch 5, 100 / 625] FPS: 114.9 (116.9)  ,  DataTime: 0.011 (0.006)  ,  ForwardTime: 0.262  ,  TotalTime: 0.278  ,  Loss/total: 3.01023  ,  Loss/giou: 0.69305  ,  Loss/l1: 0.09758  ,  Loss/location: 1.12249  ,  pro_loss: 0.06874  ,  IoU: 0.41433
[train: Epoch 5, 150 / 625] FPS: 115.9 (117.7)  ,  DataTime: 0.009 (0.006)  ,  ForwardTime: 0.262  ,  TotalTime: 0.276  ,  Loss/total: 3.02878  ,  Loss/giou: 0.69812  ,  Loss/l1: 0.09879  ,  Loss/location: 1.12474  ,  pro_loss: 0.06908  ,  IoU: 0.41120
[train: Epoch 5, 200 / 625] FPS: 116.5 (118.0)  ,  DataTime: 0.008 (0.005)  ,  ForwardTime: 0.262  ,  TotalTime: 0.275  ,  Loss/total: 3.02329  ,  Loss/giou: 0.69676  ,  Loss/l1: 0.09849  ,  Loss/location: 1.12350  ,  pro_loss: 0.06904  ,  IoU: 0.41193
[train: Epoch 5, 250 / 625] FPS: 116.8 (118.2)  ,  DataTime: 0.007 (0.005)  ,  ForwardTime: 0.262  ,  TotalTime: 0.274  ,  Loss/total: 3.02806  ,  Loss/giou: 0.69715  ,  Loss/l1: 0.09870  ,  Loss/location: 1.12638  ,  pro_loss: 0.06942  ,  IoU: 0.41142
[train: Epoch 5, 300 / 625] FPS: 117.0 (118.3)  ,  DataTime: 0.006 (0.005)  ,  ForwardTime: 0.262  ,  TotalTime: 0.274  ,  Loss/total: 3.02189  ,  Loss/giou: 0.69575  ,  Loss/l1: 0.09829  ,  Loss/location: 1.12511  ,  pro_loss: 0.06920  ,  IoU: 0.41236
[train: Epoch 5, 350 / 625] FPS: 117.1 (118.8)  ,  DataTime: 0.006 (0.005)  ,  ForwardTime: 0.262  ,  TotalTime: 0.273  ,  Loss/total: 3.01773  ,  Loss/giou: 0.69495  ,  Loss/l1: 0.09851  ,  Loss/location: 1.12165  ,  pro_loss: 0.06808  ,  IoU: 0.41277
[train: Epoch 5, 400 / 625] FPS: 117.2 (117.7)  ,  DataTime: 0.006 (0.005)  ,  ForwardTime: 0.262  ,  TotalTime: 0.273  ,  Loss/total: 3.02343  ,  Loss/giou: 0.69631  ,  Loss/l1: 0.09881  ,  Loss/location: 1.12315  ,  pro_loss: 0.06800  ,  IoU: 0.41153
[train: Epoch 5, 450 / 625] FPS: 117.3 (117.4)  ,  DataTime: 0.006 (0.005)  ,  ForwardTime: 0.262  ,  TotalTime: 0.273  ,  Loss/total: 3.02344  ,  Loss/giou: 0.69610  ,  Loss/l1: 0.09897  ,  Loss/location: 1.12279  ,  pro_loss: 0.06793  ,  IoU: 0.41115
[train: Epoch 5, 500 / 625] FPS: 117.4 (117.9)  ,  DataTime: 0.005 (0.005)  ,  ForwardTime: 0.262  ,  TotalTime: 0.273  ,  Loss/total: 3.01805  ,  Loss/giou: 0.69503  ,  Loss/l1: 0.09870  ,  Loss/location: 1.12097  ,  pro_loss: 0.06755  ,  IoU: 0.41177
[train: Epoch 5, 550 / 625] FPS: 117.5 (118.0)  ,  DataTime: 0.005 (0.005)  ,  ForwardTime: 0.262  ,  TotalTime: 0.272  ,  Loss/total: 3.00921  ,  Loss/giou: 0.69339  ,  Loss/l1: 0.09844  ,  Loss/location: 1.11670  ,  pro_loss: 0.06765  ,  IoU: 0.41318
[train: Epoch 5, 600 / 625] FPS: 117.5 (117.8)  ,  DataTime: 0.005 (0.005)  ,  ForwardTime: 0.262  ,  TotalTime: 0.272  ,  Loss/total: 2.99768  ,  Loss/giou: 0.69128  ,  Loss/l1: 0.09794  ,  Loss/location: 1.11199  ,  pro_loss: 0.06732  ,  IoU: 0.41464
[train: Epoch 5, 625 / 625] FPS: 117.6 (119.2)  ,  DataTime: 0.005 (0.005)  ,  ForwardTime: 0.262  ,  TotalTime: 0.272  ,  Loss/total: 2.99483  ,  Loss/giou: 0.69084  ,  Loss/l1: 0.09785  ,  Loss/location: 1.11049  ,  pro_loss: 0.06698  ,  IoU: 0.41501
[val: Epoch 5, 50 / 156] FPS: 221.0 (245.0)  ,  DataTime: 0.019 (0.007)  ,  ForwardTime: 0.119  ,  TotalTime: 0.145  ,  Loss/total: 1.70849  ,  Loss/giou: 0.41389  ,  Loss/l1: 0.04371  ,  Loss/location: 0.66213  ,  pro_loss: 0.00007  ,  IoU: 0.63877
[val: Epoch 5, 100 / 156] FPS: 232.4 (248.4)  ,  DataTime: 0.011 (0.007)  ,  ForwardTime: 0.119  ,  TotalTime: 0.138  ,  Loss/total: 1.65840  ,  Loss/giou: 0.40246  ,  Loss/l1: 0.04077  ,  Loss/location: 0.64960  ,  pro_loss: 0.00007  ,  IoU: 0.64513
[val: Epoch 5, 150 / 156] FPS: 236.5 (248.3)  ,  DataTime: 0.009 (0.007)  ,  ForwardTime: 0.119  ,  TotalTime: 0.135  ,  Loss/total: 1.68051  ,  Loss/giou: 0.40861  ,  Loss/l1: 0.04165  ,  Loss/location: 0.65504  ,  pro_loss: 0.00007  ,  IoU: 0.64077
[val: Epoch 5, 156 / 156] FPS: 237.0 (251.1)  ,  DataTime: 0.009 (0.007)  ,  ForwardTime: 0.119  ,  TotalTime: 0.135  ,  Loss/total: 1.68111  ,  Loss/giou: 0.40920  ,  Loss/l1: 0.04182  ,  Loss/location: 0.65361  ,  pro_loss: 0.00007  ,  IoU: 0.64059
[train: Epoch 6, 50 / 625] FPS: 112.8 (118.4)  ,  DataTime: 0.017 (0.006)  ,  ForwardTime: 0.261  ,  TotalTime: 0.284  ,  Loss/total: 3.05008  ,  Loss/giou: 0.70131  ,  Loss/l1: 0.10091  ,  Loss/location: 1.13021  ,  pro_loss: 0.06344  ,  IoU: 0.40976
[train: Epoch 6, 100 / 625] FPS: 115.4 (118.2)  ,  DataTime: 0.010 (0.006)  ,  ForwardTime: 0.262  ,  TotalTime: 0.277  ,  Loss/total: 3.02301  ,  Loss/giou: 0.69754  ,  Loss/l1: 0.09998  ,  Loss/location: 1.11502  ,  pro_loss: 0.06500  ,  IoU: 0.41128
[train: Epoch 6, 150 / 625] FPS: 116.2 (117.6)  ,  DataTime: 0.008 (0.005)  ,  ForwardTime: 0.262  ,  TotalTime: 0.275  ,  Loss/total: 3.00148  ,  Loss/giou: 0.69478  ,  Loss/l1: 0.09890  ,  Loss/location: 1.10477  ,  pro_loss: 0.06322  ,  IoU: 0.41310
[train: Epoch 6, 200 / 625] FPS: 116.7 (118.2)  ,  DataTime: 0.007 (0.005)  ,  ForwardTime: 0.262  ,  TotalTime: 0.274  ,  Loss/total: 2.99316  ,  Loss/giou: 0.69209  ,  Loss/l1: 0.09920  ,  Loss/location: 1.10018  ,  pro_loss: 0.06405  ,  IoU: 0.41494
[train: Epoch 6, 250 / 625] FPS: 116.9 (117.8)  ,  DataTime: 0.007 (0.005)  ,  ForwardTime: 0.262  ,  TotalTime: 0.274  ,  Loss/total: 2.98005  ,  Loss/giou: 0.68981  ,  Loss/l1: 0.09880  ,  Loss/location: 1.09357  ,  pro_loss: 0.06439  ,  IoU: 0.41649
[train: Epoch 6, 300 / 625] FPS: 117.1 (118.3)  ,  DataTime: 0.006 (0.005)  ,  ForwardTime: 0.262  ,  TotalTime: 0.273  ,  Loss/total: 2.96215  ,  Loss/giou: 0.68631  ,  Loss/l1: 0.09812  ,  Loss/location: 1.08590  ,  pro_loss: 0.06510  ,  IoU: 0.41913
[train: Epoch 6, 350 / 625] FPS: 117.2 (116.5)  ,  DataTime: 0.006 (0.005)  ,  ForwardTime: 0.262  ,  TotalTime: 0.273  ,  Loss/total: 2.95572  ,  Loss/giou: 0.68561  ,  Loss/l1: 0.09794  ,  Loss/location: 1.08171  ,  pro_loss: 0.06538  ,  IoU: 0.42007
[train: Epoch 6, 400 / 625] FPS: 117.3 (117.6)  ,  DataTime: 0.006 (0.005)  ,  ForwardTime: 0.262  ,  TotalTime: 0.273  ,  Loss/total: 2.94841  ,  Loss/giou: 0.68354  ,  Loss/l1: 0.09758  ,  Loss/location: 1.08026  ,  pro_loss: 0.06587  ,  IoU: 0.42140
[train: Epoch 6, 450 / 625] FPS: 117.4 (117.4)  ,  DataTime: 0.005 (0.005)  ,  ForwardTime: 0.262  ,  TotalTime: 0.273  ,  Loss/total: 2.94403  ,  Loss/giou: 0.68278  ,  Loss/l1: 0.09752  ,  Loss/location: 1.07761  ,  pro_loss: 0.06629  ,  IoU: 0.42177
[train: Epoch 6, 500 / 625] FPS: 117.4 (118.6)  ,  DataTime: 0.005 (0.005)  ,  ForwardTime: 0.262  ,  TotalTime: 0.272  ,  Loss/total: 2.94492  ,  Loss/giou: 0.68322  ,  Loss/l1: 0.09780  ,  Loss/location: 1.07625  ,  pro_loss: 0.06621  ,  IoU: 0.42148
[train: Epoch 6, 550 / 625] FPS: 117.5 (118.3)  ,  DataTime: 0.005 (0.005)  ,  ForwardTime: 0.262  ,  TotalTime: 0.272  ,  Loss/total: 2.93510  ,  Loss/giou: 0.68135  ,  Loss/l1: 0.09745  ,  Loss/location: 1.07191  ,  pro_loss: 0.06615  ,  IoU: 0.42271
[train: Epoch 6, 600 / 625] FPS: 117.5 (118.1)  ,  DataTime: 0.005 (0.005)  ,  ForwardTime: 0.262  ,  TotalTime: 0.272  ,  Loss/total: 2.92817  ,  Loss/giou: 0.68008  ,  Loss/l1: 0.09716  ,  Loss/location: 1.06890  ,  pro_loss: 0.06656  ,  IoU: 0.42358
[train: Epoch 6, 625 / 625] FPS: 117.6 (118.4)  ,  DataTime: 0.005 (0.005)  ,  ForwardTime: 0.262  ,  TotalTime: 0.272  ,  Loss/total: 2.92438  ,  Loss/giou: 0.67939  ,  Loss/l1: 0.09697  ,  Loss/location: 1.06742  ,  pro_loss: 0.06669  ,  IoU: 0.42403
[train: Epoch 7, 50 / 625] FPS: 112.6 (118.1)  ,  DataTime: 0.017 (0.005)  ,  ForwardTime: 0.262  ,  TotalTime: 0.284  ,  Loss/total: 2.81809  ,  Loss/giou: 0.65870  ,  Loss/l1: 0.09302  ,  Loss/location: 1.02185  ,  pro_loss: 0.06869  ,  IoU: 0.43727
[train: Epoch 7, 100 / 625] FPS: 115.2 (116.5)  ,  DataTime: 0.011 (0.005)  ,  ForwardTime: 0.262  ,  TotalTime: 0.278  ,  Loss/total: 2.82844  ,  Loss/giou: 0.65930  ,  Loss/l1: 0.09367  ,  Loss/location: 1.02801  ,  pro_loss: 0.06739  ,  IoU: 0.43759
[train: Epoch 7, 150 / 625] FPS: 116.1 (117.0)  ,  DataTime: 0.008 (0.005)  ,  ForwardTime: 0.262  ,  TotalTime: 0.276  ,  Loss/total: 2.85122  ,  Loss/giou: 0.66453  ,  Loss/l1: 0.09516  ,  Loss/location: 1.03297  ,  pro_loss: 0.06691  ,  IoU: 0.43638
[train: Epoch 7, 200 / 625] FPS: 116.6 (117.9)  ,  DataTime: 0.007 (0.005)  ,  ForwardTime: 0.262  ,  TotalTime: 0.274  ,  Loss/total: 2.84710  ,  Loss/giou: 0.66320  ,  Loss/l1: 0.09465  ,  Loss/location: 1.03405  ,  pro_loss: 0.06686  ,  IoU: 0.43567
[train: Epoch 7, 250 / 625] FPS: 116.9 (117.9)  ,  DataTime: 0.007 (0.005)  ,  ForwardTime: 0.262  ,  TotalTime: 0.274  ,  Loss/total: 2.84295  ,  Loss/giou: 0.66205  ,  Loss/l1: 0.09413  ,  Loss/location: 1.03464  ,  pro_loss: 0.06775  ,  IoU: 0.43699
[train: Epoch 7, 300 / 625] FPS: 117.0 (118.1)  ,  DataTime: 0.006 (0.005)  ,  ForwardTime: 0.262  ,  TotalTime: 0.273  ,  Loss/total: 2.84365  ,  Loss/giou: 0.66249  ,  Loss/l1: 0.09370  ,  Loss/location: 1.03667  ,  pro_loss: 0.06754  ,  IoU: 0.43628
[train: Epoch 7, 350 / 625] FPS: 117.2 (117.0)  ,  DataTime: 0.006 (0.005)  ,  ForwardTime: 0.262  ,  TotalTime: 0.273  ,  Loss/total: 2.83431  ,  Loss/giou: 0.66076  ,  Loss/l1: 0.09318  ,  Loss/location: 1.03317  ,  pro_loss: 0.06856  ,  IoU: 0.43743
[train: Epoch 7, 400 / 625] FPS: 117.3 (118.4)  ,  DataTime: 0.006 (0.005)  ,  ForwardTime: 0.262  ,  TotalTime: 0.273  ,  Loss/total: 2.84708  ,  Loss/giou: 0.66430  ,  Loss/l1: 0.09404  ,  Loss/location: 1.03450  ,  pro_loss: 0.06904  ,  IoU: 0.43527
[train: Epoch 7, 450 / 625] FPS: 117.4 (118.4)  ,  DataTime: 0.006 (0.005)  ,  ForwardTime: 0.262  ,  TotalTime: 0.273  ,  Loss/total: 2.84684  ,  Loss/giou: 0.66406  ,  Loss/l1: 0.09393  ,  Loss/location: 1.03519  ,  pro_loss: 0.06938  ,  IoU: 0.43549
[train: Epoch 7, 500 / 625] FPS: 117.4 (117.7)  ,  DataTime: 0.005 (0.005)  ,  ForwardTime: 0.262  ,  TotalTime: 0.273  ,  Loss/total: 2.84306  ,  Loss/giou: 0.66326  ,  Loss/l1: 0.09356  ,  Loss/location: 1.03493  ,  pro_loss: 0.06916  ,  IoU: 0.43570
[train: Epoch 7, 550 / 625] FPS: 117.5 (117.9)  ,  DataTime: 0.005 (0.005)  ,  ForwardTime: 0.262  ,  TotalTime: 0.272  ,  Loss/total: 2.83830  ,  Loss/giou: 0.66233  ,  Loss/l1: 0.09330  ,  Loss/location: 1.03329  ,  pro_loss: 0.06928  ,  IoU: 0.43659
[train: Epoch 7, 600 / 625] FPS: 117.5 (118.0)  ,  DataTime: 0.005 (0.005)  ,  ForwardTime: 0.262  ,  TotalTime: 0.272  ,  Loss/total: 2.83415  ,  Loss/giou: 0.66196  ,  Loss/l1: 0.09319  ,  Loss/location: 1.03042  ,  pro_loss: 0.06922  ,  IoU: 0.43671
[train: Epoch 7, 625 / 625] FPS: 117.6 (119.0)  ,  DataTime: 0.005 (0.005)  ,  ForwardTime: 0.262  ,  TotalTime: 0.272  ,  Loss/total: 2.83676  ,  Loss/giou: 0.66220  ,  Loss/l1: 0.09336  ,  Loss/location: 1.03173  ,  pro_loss: 0.06910  ,  IoU: 0.43659
[train: Epoch 8, 50 / 625] FPS: 112.6 (118.6)  ,  DataTime: 0.017 (0.006)  ,  ForwardTime: 0.262  ,  TotalTime: 0.284  ,  Loss/total: 2.85940  ,  Loss/giou: 0.66969  ,  Loss/l1: 0.09702  ,  Loss/location: 1.01952  ,  pro_loss: 0.07713  ,  IoU: 0.43116
[train: Epoch 8, 100 / 625] FPS: 115.2 (118.4)  ,  DataTime: 0.011 (0.006)  ,  ForwardTime: 0.262  ,  TotalTime: 0.278  ,  Loss/total: 2.84797  ,  Loss/giou: 0.66581  ,  Loss/l1: 0.09581  ,  Loss/location: 1.02321  ,  pro_loss: 0.07058  ,  IoU: 0.43482
[train: Epoch 8, 150 / 625] FPS: 116.1 (117.9)  ,  DataTime: 0.008 (0.006)  ,  ForwardTime: 0.262  ,  TotalTime: 0.276  ,  Loss/total: 2.83036  ,  Loss/giou: 0.66114  ,  Loss/l1: 0.09443  ,  Loss/location: 1.02198  ,  pro_loss: 0.06981  ,  IoU: 0.43952
[train: Epoch 8, 200 / 625] FPS: 116.6 (118.2)  ,  DataTime: 0.007 (0.006)  ,  ForwardTime: 0.262  ,  TotalTime: 0.274  ,  Loss/total: 2.81837  ,  Loss/giou: 0.65927  ,  Loss/l1: 0.09378  ,  Loss/location: 1.01672  ,  pro_loss: 0.07101  ,  IoU: 0.44108
[train: Epoch 8, 250 / 625] FPS: 116.9 (118.3)  ,  DataTime: 0.007 (0.005)  ,  ForwardTime: 0.262  ,  TotalTime: 0.274  ,  Loss/total: 2.80897  ,  Loss/giou: 0.65680  ,  Loss/l1: 0.09338  ,  Loss/location: 1.01433  ,  pro_loss: 0.07069  ,  IoU: 0.44269
[train: Epoch 8, 300 / 625] FPS: 117.1 (118.1)  ,  DataTime: 0.006 (0.005)  ,  ForwardTime: 0.262  ,  TotalTime: 0.273  ,  Loss/total: 2.81000  ,  Loss/giou: 0.65781  ,  Loss/l1: 0.09357  ,  Loss/location: 1.01240  ,  pro_loss: 0.07069  ,  IoU: 0.44125
[train: Epoch 8, 350 / 625] FPS: 117.2 (118.1)  ,  DataTime: 0.006 (0.005)  ,  ForwardTime: 0.262  ,  TotalTime: 0.273  ,  Loss/total: 2.81988  ,  Loss/giou: 0.66011  ,  Loss/l1: 0.09408  ,  Loss/location: 1.01494  ,  pro_loss: 0.07155  ,  IoU: 0.43967
[train: Epoch 8, 400 / 625] FPS: 117.3 (118.0)  ,  DataTime: 0.006 (0.005)  ,  ForwardTime: 0.262  ,  TotalTime: 0.273  ,  Loss/total: 2.81187  ,  Loss/giou: 0.65867  ,  Loss/l1: 0.09341  ,  Loss/location: 1.01312  ,  pro_loss: 0.07183  ,  IoU: 0.44039
[train: Epoch 8, 450 / 625] FPS: 117.4 (118.2)  ,  DataTime: 0.006 (0.005)  ,  ForwardTime: 0.262  ,  TotalTime: 0.273  ,  Loss/total: 2.81234  ,  Loss/giou: 0.65908  ,  Loss/l1: 0.09343  ,  Loss/location: 1.01269  ,  pro_loss: 0.07180  ,  IoU: 0.43998
[train: Epoch 8, 500 / 625] FPS: 117.4 (118.2)  ,  DataTime: 0.005 (0.005)  ,  ForwardTime: 0.262  ,  TotalTime: 0.272  ,  Loss/total: 2.81126  ,  Loss/giou: 0.65883  ,  Loss/l1: 0.09343  ,  Loss/location: 1.01211  ,  pro_loss: 0.07168  ,  IoU: 0.44028
[train: Epoch 8, 550 / 625] FPS: 117.5 (118.2)  ,  DataTime: 0.005 (0.005)  ,  ForwardTime: 0.262  ,  TotalTime: 0.272  ,  Loss/total: 2.80404  ,  Loss/giou: 0.65700  ,  Loss/l1: 0.09302  ,  Loss/location: 1.01048  ,  pro_loss: 0.07223  ,  IoU: 0.44165
[train: Epoch 8, 600 / 625] FPS: 117.5 (117.9)  ,  DataTime: 0.005 (0.005)  ,  ForwardTime: 0.262  ,  TotalTime: 0.272  ,  Loss/total: 2.79971  ,  Loss/giou: 0.65618  ,  Loss/l1: 0.09279  ,  Loss/location: 1.00897  ,  pro_loss: 0.07206  ,  IoU: 0.44259
[train: Epoch 8, 625 / 625] FPS: 117.6 (118.8)  ,  DataTime: 0.005 (0.005)  ,  ForwardTime: 0.262  ,  TotalTime: 0.272  ,  Loss/total: 2.79717  ,  Loss/giou: 0.65558  ,  Loss/l1: 0.09267  ,  Loss/location: 1.00823  ,  pro_loss: 0.07215  ,  IoU: 0.44300
[train: Epoch 9, 50 / 625] FPS: 112.3 (118.4)  ,  DataTime: 0.018 (0.006)  ,  ForwardTime: 0.262  ,  TotalTime: 0.285  ,  Loss/total: 2.77665  ,  Loss/giou: 0.64872  ,  Loss/l1: 0.09115  ,  Loss/location: 1.00915  ,  pro_loss: 0.07169  ,  IoU: 0.44214
[train: Epoch 9, 100 / 625] FPS: 115.1 (118.0)  ,  DataTime: 0.011 (0.006)  ,  ForwardTime: 0.262  ,  TotalTime: 0.278  ,  Loss/total: 2.79034  ,  Loss/giou: 0.65732  ,  Loss/l1: 0.09318  ,  Loss/location: 0.99531  ,  pro_loss: 0.07234  ,  IoU: 0.43945
[train: Epoch 9, 150 / 625] FPS: 116.0 (117.6)  ,  DataTime: 0.009 (0.006)  ,  ForwardTime: 0.262  ,  TotalTime: 0.276  ,  Loss/total: 2.77210  ,  Loss/giou: 0.64947  ,  Loss/l1: 0.09201  ,  Loss/location: 0.99824  ,  pro_loss: 0.07442  ,  IoU: 0.44521
[train: Epoch 9, 200 / 625] FPS: 116.5 (117.8)  ,  DataTime: 0.008 (0.005)  ,  ForwardTime: 0.262  ,  TotalTime: 0.275  ,  Loss/total: 2.76467  ,  Loss/giou: 0.64799  ,  Loss/l1: 0.09205  ,  Loss/location: 0.99376  ,  pro_loss: 0.07349  ,  IoU: 0.44733
[train: Epoch 9, 250 / 625] FPS: 116.8 (117.9)  ,  DataTime: 0.007 (0.005)  ,  ForwardTime: 0.262  ,  TotalTime: 0.274  ,  Loss/total: 2.74511  ,  Loss/giou: 0.64387  ,  Loss/l1: 0.09121  ,  Loss/location: 0.98641  ,  pro_loss: 0.07442  ,  IoU: 0.45009
[train: Epoch 9, 300 / 625] FPS: 117.0 (118.2)  ,  DataTime: 0.006 (0.005)  ,  ForwardTime: 0.262  ,  TotalTime: 0.274  ,  Loss/total: 2.74252  ,  Loss/giou: 0.64340  ,  Loss/l1: 0.09079  ,  Loss/location: 0.98700  ,  pro_loss: 0.07390  ,  IoU: 0.45017
[train: Epoch 9, 350 / 625] FPS: 117.1 (117.7)  ,  DataTime: 0.006 (0.005)  ,  ForwardTime: 0.262  ,  TotalTime: 0.273  ,  Loss/total: 2.75016  ,  Loss/giou: 0.64479  ,  Loss/l1: 0.09140  ,  Loss/location: 0.98895  ,  pro_loss: 0.07323  ,  IoU: 0.44945
[train: Epoch 9, 400 / 625] FPS: 117.2 (118.4)  ,  DataTime: 0.006 (0.005)  ,  ForwardTime: 0.262  ,  TotalTime: 0.273  ,  Loss/total: 2.74907  ,  Loss/giou: 0.64409  ,  Loss/l1: 0.09132  ,  Loss/location: 0.98956  ,  pro_loss: 0.07361  ,  IoU: 0.44985
[train: Epoch 9, 450 / 625] FPS: 117.3 (118.5)  ,  DataTime: 0.006 (0.005)  ,  ForwardTime: 0.262  ,  TotalTime: 0.273  ,  Loss/total: 2.74573  ,  Loss/giou: 0.64336  ,  Loss/l1: 0.09103  ,  Loss/location: 0.98914  ,  pro_loss: 0.07361  ,  IoU: 0.45043
[train: Epoch 9, 500 / 625] FPS: 117.3 (118.1)  ,  DataTime: 0.006 (0.005)  ,  ForwardTime: 0.262  ,  TotalTime: 0.273  ,  Loss/total: 2.74717  ,  Loss/giou: 0.64371  ,  Loss/l1: 0.09110  ,  Loss/location: 0.98951  ,  pro_loss: 0.07359  ,  IoU: 0.45032
[train: Epoch 9, 550 / 625] FPS: 117.4 (118.2)  ,  DataTime: 0.005 (0.005)  ,  ForwardTime: 0.262  ,  TotalTime: 0.273  ,  Loss/total: 2.74298  ,  Loss/giou: 0.64258  ,  Loss/l1: 0.09103  ,  Loss/location: 0.98795  ,  pro_loss: 0.07360  ,  IoU: 0.45141
[train: Epoch 9, 600 / 625] FPS: 117.5 (118.2)  ,  DataTime: 0.005 (0.005)  ,  ForwardTime: 0.262  ,  TotalTime: 0.272  ,  Loss/total: 2.74447  ,  Loss/giou: 0.64328  ,  Loss/l1: 0.09091  ,  Loss/location: 0.98868  ,  pro_loss: 0.07343  ,  IoU: 0.45053
[train: Epoch 9, 625 / 625] FPS: 117.5 (118.9)  ,  DataTime: 0.005 (0.005)  ,  ForwardTime: 0.262  ,  TotalTime: 0.272  ,  Loss/total: 2.74202  ,  Loss/giou: 0.64269  ,  Loss/l1: 0.09087  ,  Loss/location: 0.98758  ,  pro_loss: 0.07362  ,  IoU: 0.45104
[train: Epoch 10, 50 / 625] FPS: 112.8 (118.0)  ,  DataTime: 0.016 (0.006)  ,  ForwardTime: 0.262  ,  TotalTime: 0.284  ,  Loss/total: 2.74834  ,  Loss/giou: 0.64483  ,  Loss/l1: 0.09386  ,  Loss/location: 0.97539  ,  pro_loss: 0.06986  ,  IoU: 0.45147
[train: Epoch 10, 100 / 625] FPS: 115.3 (116.2)  ,  DataTime: 0.010 (0.006)  ,  ForwardTime: 0.262  ,  TotalTime: 0.277  ,  Loss/total: 2.78561  ,  Loss/giou: 0.65308  ,  Loss/l1: 0.09470  ,  Loss/location: 0.99142  ,  pro_loss: 0.07265  ,  IoU: 0.44319
[train: Epoch 10, 150 / 625] FPS: 116.2 (117.6)  ,  DataTime: 0.008 (0.006)  ,  ForwardTime: 0.262  ,  TotalTime: 0.275  ,  Loss/total: 2.78234  ,  Loss/giou: 0.65240  ,  Loss/l1: 0.09443  ,  Loss/location: 0.99102  ,  pro_loss: 0.07191  ,  IoU: 0.44244
[train: Epoch 10, 200 / 625] FPS: 116.6 (116.5)  ,  DataTime: 0.007 (0.006)  ,  ForwardTime: 0.262  ,  TotalTime: 0.274  ,  Loss/total: 2.75169  ,  Loss/giou: 0.64605  ,  Loss/l1: 0.09276  ,  Loss/location: 0.98151  ,  pro_loss: 0.07145  ,  IoU: 0.44754
[train: Epoch 10, 250 / 625] FPS: 116.9 (117.7)  ,  DataTime: 0.007 (0.005)  ,  ForwardTime: 0.262  ,  TotalTime: 0.274  ,  Loss/total: 2.75000  ,  Loss/giou: 0.64513  ,  Loss/l1: 0.09267  ,  Loss/location: 0.98202  ,  pro_loss: 0.07174  ,  IoU: 0.44824
[train: Epoch 10, 300 / 625] FPS: 117.1 (117.9)  ,  DataTime: 0.006 (0.005)  ,  ForwardTime: 0.262  ,  TotalTime: 0.273  ,  Loss/total: 2.74749  ,  Loss/giou: 0.64459  ,  Loss/l1: 0.09219  ,  Loss/location: 0.98310  ,  pro_loss: 0.07129  ,  IoU: 0.44885
[train: Epoch 10, 350 / 625] FPS: 117.2 (118.5)  ,  DataTime: 0.006 (0.005)  ,  ForwardTime: 0.262  ,  TotalTime: 0.273  ,  Loss/total: 2.74612  ,  Loss/giou: 0.64506  ,  Loss/l1: 0.09214  ,  Loss/location: 0.98107  ,  pro_loss: 0.07113  ,  IoU: 0.44901
[train: Epoch 10, 400 / 625] FPS: 117.3 (117.4)  ,  DataTime: 0.006 (0.005)  ,  ForwardTime: 0.262  ,  TotalTime: 0.273  ,  Loss/total: 2.74992  ,  Loss/giou: 0.64544  ,  Loss/l1: 0.09232  ,  Loss/location: 0.98333  ,  pro_loss: 0.07050  ,  IoU: 0.44858
[train: Epoch 10, 450 / 625] FPS: 117.4 (118.0)  ,  DataTime: 0.006 (0.005)  ,  ForwardTime: 0.262  ,  TotalTime: 0.273  ,  Loss/total: 2.73478  ,  Loss/giou: 0.64177  ,  Loss/l1: 0.09159  ,  Loss/location: 0.97933  ,  pro_loss: 0.06973  ,  IoU: 0.45072
[train: Epoch 10, 500 / 625] FPS: 117.4 (118.5)  ,  DataTime: 0.005 (0.005)  ,  ForwardTime: 0.262  ,  TotalTime: 0.273  ,  Loss/total: 2.73454  ,  Loss/giou: 0.64129  ,  Loss/l1: 0.09172  ,  Loss/location: 0.97943  ,  pro_loss: 0.06955  ,  IoU: 0.45130
[train: Epoch 10, 550 / 625] FPS: 117.5 (116.6)  ,  DataTime: 0.005 (0.005)  ,  ForwardTime: 0.262  ,  TotalTime: 0.272  ,  Loss/total: 2.73474  ,  Loss/giou: 0.64153  ,  Loss/l1: 0.09159  ,  Loss/location: 0.97965  ,  pro_loss: 0.07029  ,  IoU: 0.45082
[train: Epoch 10, 600 / 625] FPS: 117.5 (117.8)  ,  DataTime: 0.005 (0.005)  ,  ForwardTime: 0.262  ,  TotalTime: 0.272  ,  Loss/total: 2.72872  ,  Loss/giou: 0.64017  ,  Loss/l1: 0.09107  ,  Loss/location: 0.97891  ,  pro_loss: 0.07065  ,  IoU: 0.45178
[train: Epoch 10, 625 / 625] FPS: 117.5 (119.3)  ,  DataTime: 0.005 (0.005)  ,  ForwardTime: 0.262  ,  TotalTime: 0.272  ,  Loss/total: 2.73232  ,  Loss/giou: 0.64088  ,  Loss/l1: 0.09121  ,  Loss/location: 0.98033  ,  pro_loss: 0.07093  ,  IoU: 0.45155
[val: Epoch 10, 50 / 156] FPS: 217.4 (246.0)  ,  DataTime: 0.021 (0.007)  ,  ForwardTime: 0.119  ,  TotalTime: 0.147  ,  Loss/total: 1.34109  ,  Loss/giou: 0.33465  ,  Loss/l1: 0.03156  ,  Loss/location: 0.51398  ,  pro_loss: 0.00001  ,  IoU: 0.70194
[val: Epoch 10, 100 / 156] FPS: 230.6 (244.6)  ,  DataTime: 0.013 (0.007)  ,  ForwardTime: 0.119  ,  TotalTime: 0.139  ,  Loss/total: 1.34221  ,  Loss/giou: 0.33018  ,  Loss/l1: 0.03080  ,  Loss/location: 0.52783  ,  pro_loss: 0.00001  ,  IoU: 0.70457
[val: Epoch 10, 150 / 156] FPS: 235.2 (248.8)  ,  DataTime: 0.010 (0.007)  ,  ForwardTime: 0.120  ,  TotalTime: 0.136  ,  Loss/total: 1.35280  ,  Loss/giou: 0.33280  ,  Loss/l1: 0.03136  ,  Loss/location: 0.53041  ,  pro_loss: 0.00001  ,  IoU: 0.70325
[val: Epoch 10, 156 / 156] FPS: 235.8 (250.9)  ,  DataTime: 0.010 (0.007)  ,  ForwardTime: 0.120  ,  TotalTime: 0.136  ,  Loss/total: 1.35499  ,  Loss/giou: 0.33295  ,  Loss/l1: 0.03147  ,  Loss/location: 0.53176  ,  pro_loss: 0.00001  ,  IoU: 0.70321
[train: Epoch 11, 50 / 625] FPS: 112.6 (117.8)  ,  DataTime: 0.017 (0.006)  ,  ForwardTime: 0.262  ,  TotalTime: 0.284  ,  Loss/total: 2.68201  ,  Loss/giou: 0.63247  ,  Loss/l1: 0.08833  ,  Loss/location: 0.96220  ,  pro_loss: 0.06606  ,  IoU: 0.45705
[train: Epoch 11, 100 / 625] FPS: 115.2 (118.0)  ,  DataTime: 0.011 (0.006)  ,  ForwardTime: 0.262  ,  TotalTime: 0.278  ,  Loss/total: 2.70722  ,  Loss/giou: 0.64177  ,  Loss/l1: 0.08902  ,  Loss/location: 0.96446  ,  pro_loss: 0.07054  ,  IoU: 0.45320
[train: Epoch 11, 150 / 625] FPS: 116.1 (118.1)  ,  DataTime: 0.008 (0.006)  ,  ForwardTime: 0.262  ,  TotalTime: 0.276  ,  Loss/total: 2.66989  ,  Loss/giou: 0.63304  ,  Loss/l1: 0.08729  ,  Loss/location: 0.95319  ,  pro_loss: 0.07099  ,  IoU: 0.45945
[train: Epoch 11, 200 / 625] FPS: 116.5 (118.0)  ,  DataTime: 0.007 (0.006)  ,  ForwardTime: 0.262  ,  TotalTime: 0.275  ,  Loss/total: 2.69363  ,  Loss/giou: 0.63687  ,  Loss/l1: 0.08866  ,  Loss/location: 0.96259  ,  pro_loss: 0.07004  ,  IoU: 0.45759
[train: Epoch 11, 250 / 625] FPS: 116.8 (118.2)  ,  DataTime: 0.007 (0.005)  ,  ForwardTime: 0.262  ,  TotalTime: 0.274  ,  Loss/total: 2.67264  ,  Loss/giou: 0.63111  ,  Loss/l1: 0.08778  ,  Loss/location: 0.95747  ,  pro_loss: 0.07017  ,  IoU: 0.46100
[train: Epoch 11, 300 / 625] FPS: 117.0 (118.0)  ,  DataTime: 0.006 (0.005)  ,  ForwardTime: 0.262  ,  TotalTime: 0.274  ,  Loss/total: 2.67388  ,  Loss/giou: 0.63173  ,  Loss/l1: 0.08795  ,  Loss/location: 0.95656  ,  pro_loss: 0.07046  ,  IoU: 0.46038
[train: Epoch 11, 350 / 625] FPS: 117.1 (118.3)  ,  DataTime: 0.006 (0.005)  ,  ForwardTime: 0.262  ,  TotalTime: 0.273  ,  Loss/total: 2.65404  ,  Loss/giou: 0.62702  ,  Loss/l1: 0.08695  ,  Loss/location: 0.95107  ,  pro_loss: 0.07087  ,  IoU: 0.46374
[train: Epoch 11, 400 / 625] FPS: 117.2 (117.1)  ,  DataTime: 0.006 (0.005)  ,  ForwardTime: 0.262  ,  TotalTime: 0.273  ,  Loss/total: 2.65335  ,  Loss/giou: 0.62721  ,  Loss/l1: 0.08687  ,  Loss/location: 0.95047  ,  pro_loss: 0.07064  ,  IoU: 0.46419
[train: Epoch 11, 450 / 625] FPS: 117.3 (117.3)  ,  DataTime: 0.006 (0.005)  ,  ForwardTime: 0.262  ,  TotalTime: 0.273  ,  Loss/total: 2.64975  ,  Loss/giou: 0.62596  ,  Loss/l1: 0.08684  ,  Loss/location: 0.94935  ,  pro_loss: 0.07131  ,  IoU: 0.46461
[train: Epoch 11, 500 / 625] FPS: 117.4 (117.8)  ,  DataTime: 0.005 (0.005)  ,  ForwardTime: 0.262  ,  TotalTime: 0.273  ,  Loss/total: 2.65471  ,  Loss/giou: 0.62725  ,  Loss/l1: 0.08722  ,  Loss/location: 0.94982  ,  pro_loss: 0.07143  ,  IoU: 0.46334
[train: Epoch 11, 550 / 625] FPS: 117.4 (117.9)  ,  DataTime: 0.005 (0.005)  ,  ForwardTime: 0.262  ,  TotalTime: 0.273  ,  Loss/total: 2.64722  ,  Loss/giou: 0.62515  ,  Loss/l1: 0.08691  ,  Loss/location: 0.94799  ,  pro_loss: 0.07183  ,  IoU: 0.46440
[train: Epoch 11, 600 / 625] FPS: 117.4 (117.7)  ,  DataTime: 0.005 (0.005)  ,  ForwardTime: 0.262  ,  TotalTime: 0.272  ,  Loss/total: 2.64775  ,  Loss/giou: 0.62533  ,  Loss/l1: 0.08693  ,  Loss/location: 0.94804  ,  pro_loss: 0.07193  ,  IoU: 0.46410
[train: Epoch 11, 625 / 625] FPS: 117.5 (118.6)  ,  DataTime: 0.005 (0.005)  ,  ForwardTime: 0.262  ,  TotalTime: 0.272  ,  Loss/total: 2.64702  ,  Loss/giou: 0.62484  ,  Loss/l1: 0.08694  ,  Loss/location: 0.94830  ,  pro_loss: 0.07155  ,  IoU: 0.46413
[train: Epoch 12, 50 / 625] FPS: 112.5 (118.2)  ,  DataTime: 0.017 (0.006)  ,  ForwardTime: 0.262  ,  TotalTime: 0.284  ,  Loss/total: 2.61626  ,  Loss/giou: 0.62182  ,  Loss/l1: 0.08509  ,  Loss/location: 0.93247  ,  pro_loss: 0.07355  ,  IoU: 0.46483
[train: Epoch 12, 100 / 625] FPS: 115.2 (118.1)  ,  DataTime: 0.011 (0.006)  ,  ForwardTime: 0.262  ,  TotalTime: 0.278  ,  Loss/total: 2.63946  ,  Loss/giou: 0.62380  ,  Loss/l1: 0.08576  ,  Loss/location: 0.94873  ,  pro_loss: 0.07168  ,  IoU: 0.46215
[train: Epoch 12, 150 / 625] FPS: 116.0 (118.0)  ,  DataTime: 0.009 (0.006)  ,  ForwardTime: 0.262  ,  TotalTime: 0.276  ,  Loss/total: 2.62026  ,  Loss/giou: 0.61791  ,  Loss/l1: 0.08520  ,  Loss/location: 0.94394  ,  pro_loss: 0.07244  ,  IoU: 0.46721
[train: Epoch 12, 200 / 625] FPS: 116.5 (118.0)  ,  DataTime: 0.007 (0.006)  ,  ForwardTime: 0.262  ,  TotalTime: 0.275  ,  Loss/total: 2.61960  ,  Loss/giou: 0.61830  ,  Loss/l1: 0.08549  ,  Loss/location: 0.94087  ,  pro_loss: 0.07345  ,  IoU: 0.46805
[train: Epoch 12, 250 / 625] FPS: 116.8 (117.8)  ,  DataTime: 0.007 (0.006)  ,  ForwardTime: 0.262  ,  TotalTime: 0.274  ,  Loss/total: 2.64038  ,  Loss/giou: 0.62320  ,  Loss/l1: 0.08609  ,  Loss/location: 0.94875  ,  pro_loss: 0.07382  ,  IoU: 0.46494
[train: Epoch 12, 300 / 625] FPS: 117.0 (118.3)  ,  DataTime: 0.006 (0.006)  ,  ForwardTime: 0.262  ,  TotalTime: 0.274  ,  Loss/total: 2.66019  ,  Loss/giou: 0.62759  ,  Loss/l1: 0.08721  ,  Loss/location: 0.95421  ,  pro_loss: 0.07384  ,  IoU: 0.46160
[train: Epoch 12, 350 / 625] FPS: 117.1 (118.2)  ,  DataTime: 0.006 (0.006)  ,  ForwardTime: 0.262  ,  TotalTime: 0.273  ,  Loss/total: 2.66265  ,  Loss/giou: 0.62770  ,  Loss/l1: 0.08745  ,  Loss/location: 0.95518  ,  pro_loss: 0.07409  ,  IoU: 0.46223
[train: Epoch 12, 400 / 625] FPS: 117.2 (118.3)  ,  DataTime: 0.006 (0.006)  ,  ForwardTime: 0.262  ,  TotalTime: 0.273  ,  Loss/total: 2.65606  ,  Loss/giou: 0.62653  ,  Loss/l1: 0.08717  ,  Loss/location: 0.95242  ,  pro_loss: 0.07375  ,  IoU: 0.46311
[train: Epoch 12, 450 / 625] FPS: 117.3 (118.1)  ,  DataTime: 0.006 (0.006)  ,  ForwardTime: 0.262  ,  TotalTime: 0.273  ,  Loss/total: 2.65946  ,  Loss/giou: 0.62814  ,  Loss/l1: 0.08758  ,  Loss/location: 0.95046  ,  pro_loss: 0.07407  ,  IoU: 0.46227
[train: Epoch 12, 500 / 625] FPS: 117.4 (117.8)  ,  DataTime: 0.006 (0.006)  ,  ForwardTime: 0.262  ,  TotalTime: 0.273  ,  Loss/total: 2.65844  ,  Loss/giou: 0.62791  ,  Loss/l1: 0.08756  ,  Loss/location: 0.94986  ,  pro_loss: 0.07473  ,  IoU: 0.46221
[train: Epoch 12, 550 / 625] FPS: 117.4 (118.7)  ,  DataTime: 0.005 (0.006)  ,  ForwardTime: 0.262  ,  TotalTime: 0.272  ,  Loss/total: 2.65993  ,  Loss/giou: 0.62844  ,  Loss/l1: 0.08762  ,  Loss/location: 0.95001  ,  pro_loss: 0.07470  ,  IoU: 0.46158
[train: Epoch 12, 600 / 625] FPS: 117.5 (118.6)  ,  DataTime: 0.005 (0.006)  ,  ForwardTime: 0.262  ,  TotalTime: 0.272  ,  Loss/total: 2.65078  ,  Loss/giou: 0.62609  ,  Loss/l1: 0.08707  ,  Loss/location: 0.94831  ,  pro_loss: 0.07473  ,  IoU: 0.46305
[train: Epoch 12, 625 / 625] FPS: 117.5 (118.9)  ,  DataTime: 0.005 (0.006)  ,  ForwardTime: 0.262  ,  TotalTime: 0.272  ,  Loss/total: 2.65058  ,  Loss/giou: 0.62617  ,  Loss/l1: 0.08714  ,  Loss/location: 0.94763  ,  pro_loss: 0.07452  ,  IoU: 0.46294
[train: Epoch 13, 50 / 625] FPS: 112.4 (118.3)  ,  DataTime: 0.018 (0.006)  ,  ForwardTime: 0.261  ,  TotalTime: 0.285  ,  Loss/total: 2.68567  ,  Loss/giou: 0.63718  ,  Loss/l1: 0.09001  ,  Loss/location: 0.94561  ,  pro_loss: 0.07834  ,  IoU: 0.45604
[train: Epoch 13, 100 / 625] FPS: 115.1 (117.8)  ,  DataTime: 0.011 (0.006)  ,  ForwardTime: 0.261  ,  TotalTime: 0.278  ,  Loss/total: 2.66062  ,  Loss/giou: 0.62669  ,  Loss/l1: 0.08975  ,  Loss/location: 0.94270  ,  pro_loss: 0.07897  ,  IoU: 0.46312
[train: Epoch 13, 150 / 625] FPS: 116.0 (118.1)  ,  DataTime: 0.009 (0.006)  ,  ForwardTime: 0.261  ,  TotalTime: 0.276  ,  Loss/total: 2.66536  ,  Loss/giou: 0.62819  ,  Loss/l1: 0.08984  ,  Loss/location: 0.94424  ,  pro_loss: 0.07771  ,  IoU: 0.46209
[train: Epoch 13, 200 / 625] FPS: 116.4 (117.7)  ,  DataTime: 0.008 (0.006)  ,  ForwardTime: 0.261  ,  TotalTime: 0.275  ,  Loss/total: 2.65759  ,  Loss/giou: 0.62697  ,  Loss/l1: 0.08907  ,  Loss/location: 0.94272  ,  pro_loss: 0.07777  ,  IoU: 0.46323
[train: Epoch 13, 250 / 625] FPS: 116.7 (118.1)  ,  DataTime: 0.007 (0.006)  ,  ForwardTime: 0.262  ,  TotalTime: 0.274  ,  Loss/total: 2.65382  ,  Loss/giou: 0.62645  ,  Loss/l1: 0.08886  ,  Loss/location: 0.94113  ,  pro_loss: 0.07734  ,  IoU: 0.46382
[train: Epoch 13, 300 / 625] FPS: 116.9 (118.2)  ,  DataTime: 0.007 (0.006)  ,  ForwardTime: 0.262  ,  TotalTime: 0.274  ,  Loss/total: 2.65547  ,  Loss/giou: 0.62803  ,  Loss/l1: 0.08882  ,  Loss/location: 0.93999  ,  pro_loss: 0.07654  ,  IoU: 0.46314
[train: Epoch 13, 350 / 625] FPS: 117.0 (118.7)  ,  DataTime: 0.006 (0.006)  ,  ForwardTime: 0.262  ,  TotalTime: 0.274  ,  Loss/total: 2.63815  ,  Loss/giou: 0.62405  ,  Loss/l1: 0.08797  ,  Loss/location: 0.93489  ,  pro_loss: 0.07656  ,  IoU: 0.46611
[train: Epoch 13, 400 / 625] FPS: 117.1 (118.4)  ,  DataTime: 0.006 (0.006)  ,  ForwardTime: 0.262  ,  TotalTime: 0.273  ,  Loss/total: 2.62879  ,  Loss/giou: 0.62148  ,  Loss/l1: 0.08733  ,  Loss/location: 0.93394  ,  pro_loss: 0.07623  ,  IoU: 0.46802
[train: Epoch 13, 450 / 625] FPS: 117.2 (118.3)  ,  DataTime: 0.006 (0.006)  ,  ForwardTime: 0.262  ,  TotalTime: 0.273  ,  Loss/total: 2.62644  ,  Loss/giou: 0.62081  ,  Loss/l1: 0.08722  ,  Loss/location: 0.93360  ,  pro_loss: 0.07566  ,  IoU: 0.46832
[train: Epoch 13, 500 / 625] FPS: 117.2 (117.7)  ,  DataTime: 0.006 (0.006)  ,  ForwardTime: 0.262  ,  TotalTime: 0.273  ,  Loss/total: 2.62511  ,  Loss/giou: 0.62054  ,  Loss/l1: 0.08712  ,  Loss/location: 0.93323  ,  pro_loss: 0.07593  ,  IoU: 0.46846
[train: Epoch 13, 550 / 625] FPS: 117.3 (117.0)  ,  DataTime: 0.006 (0.006)  ,  ForwardTime: 0.262  ,  TotalTime: 0.273  ,  Loss/total: 2.62962  ,  Loss/giou: 0.62153  ,  Loss/l1: 0.08737  ,  Loss/location: 0.93452  ,  pro_loss: 0.07581  ,  IoU: 0.46729
[train: Epoch 13, 600 / 625] FPS: 117.3 (117.8)  ,  DataTime: 0.006 (0.006)  ,  ForwardTime: 0.262  ,  TotalTime: 0.273  ,  Loss/total: 2.62942  ,  Loss/giou: 0.62133  ,  Loss/l1: 0.08732  ,  Loss/location: 0.93505  ,  pro_loss: 0.07558  ,  IoU: 0.46735
[train: Epoch 13, 625 / 625] FPS: 117.3 (118.5)  ,  DataTime: 0.005 (0.006)  ,  ForwardTime: 0.262  ,  TotalTime: 0.273  ,  Loss/total: 2.62663  ,  Loss/giou: 0.62059  ,  Loss/l1: 0.08720  ,  Loss/location: 0.93434  ,  pro_loss: 0.07559  ,  IoU: 0.46777
[train: Epoch 14, 50 / 625] FPS: 112.6 (118.0)  ,  DataTime: 0.017 (0.006)  ,  ForwardTime: 0.262  ,  TotalTime: 0.284  ,  Loss/total: 2.63022  ,  Loss/giou: 0.62525  ,  Loss/l1: 0.08681  ,  Loss/location: 0.93165  ,  pro_loss: 0.07022  ,  IoU: 0.46357
[train: Epoch 14, 100 / 625] FPS: 115.2 (117.9)  ,  DataTime: 0.011 (0.006)  ,  ForwardTime: 0.262  ,  TotalTime: 0.278  ,  Loss/total: 2.64710  ,  Loss/giou: 0.62736  ,  Loss/l1: 0.08892  ,  Loss/location: 0.93331  ,  pro_loss: 0.07242  ,  IoU: 0.46374
[train: Epoch 14, 150 / 625] FPS: 116.0 (118.4)  ,  DataTime: 0.009 (0.006)  ,  ForwardTime: 0.262  ,  TotalTime: 0.276  ,  Loss/total: 2.65525  ,  Loss/giou: 0.62911  ,  Loss/l1: 0.08988  ,  Loss/location: 0.93280  ,  pro_loss: 0.07412  ,  IoU: 0.46178
[train: Epoch 14, 200 / 625] FPS: 116.5 (118.8)  ,  DataTime: 0.007 (0.006)  ,  ForwardTime: 0.262  ,  TotalTime: 0.275  ,  Loss/total: 2.66086  ,  Loss/giou: 0.63001  ,  Loss/l1: 0.08950  ,  Loss/location: 0.93847  ,  pro_loss: 0.07424  ,  IoU: 0.46056
[train: Epoch 14, 250 / 625] FPS: 116.7 (118.1)  ,  DataTime: 0.007 (0.006)  ,  ForwardTime: 0.262  ,  TotalTime: 0.274  ,  Loss/total: 2.64324  ,  Loss/giou: 0.62487  ,  Loss/l1: 0.08871  ,  Loss/location: 0.93510  ,  pro_loss: 0.07423  ,  IoU: 0.46393
[train: Epoch 14, 300 / 625] FPS: 116.9 (117.9)  ,  DataTime: 0.006 (0.006)  ,  ForwardTime: 0.262  ,  TotalTime: 0.274  ,  Loss/total: 2.64222  ,  Loss/giou: 0.62476  ,  Loss/l1: 0.08850  ,  Loss/location: 0.93532  ,  pro_loss: 0.07432  ,  IoU: 0.46426
[train: Epoch 14, 350 / 625] FPS: 117.0 (117.8)  ,  DataTime: 0.006 (0.006)  ,  ForwardTime: 0.262  ,  TotalTime: 0.274  ,  Loss/total: 2.63411  ,  Loss/giou: 0.62242  ,  Loss/l1: 0.08792  ,  Loss/location: 0.93473  ,  pro_loss: 0.07487  ,  IoU: 0.46616
[train: Epoch 14, 400 / 625] FPS: 117.1 (117.0)  ,  DataTime: 0.006 (0.006)  ,  ForwardTime: 0.262  ,  TotalTime: 0.273  ,  Loss/total: 2.63000  ,  Loss/giou: 0.62143  ,  Loss/l1: 0.08750  ,  Loss/location: 0.93471  ,  pro_loss: 0.07460  ,  IoU: 0.46724
[train: Epoch 14, 450 / 625] FPS: 117.1 (117.7)  ,  DataTime: 0.006 (0.006)  ,  ForwardTime: 0.262  ,  TotalTime: 0.273  ,  Loss/total: 2.62799  ,  Loss/giou: 0.62139  ,  Loss/l1: 0.08735  ,  Loss/location: 0.93351  ,  pro_loss: 0.07465  ,  IoU: 0.46749
[train: Epoch 14, 500 / 625] FPS: 117.2 (117.4)  ,  DataTime: 0.006 (0.006)  ,  ForwardTime: 0.262  ,  TotalTime: 0.273  ,  Loss/total: 2.62817  ,  Loss/giou: 0.62113  ,  Loss/l1: 0.08727  ,  Loss/location: 0.93468  ,  pro_loss: 0.07449  ,  IoU: 0.46783
[train: Epoch 14, 550 / 625] FPS: 117.2 (117.4)  ,  DataTime: 0.006 (0.006)  ,  ForwardTime: 0.262  ,  TotalTime: 0.273  ,  Loss/total: 2.62050  ,  Loss/giou: 0.61963  ,  Loss/l1: 0.08700  ,  Loss/location: 0.93140  ,  pro_loss: 0.07426  ,  IoU: 0.46913
[train: Epoch 14, 600 / 625] FPS: 117.2 (117.8)  ,  DataTime: 0.006 (0.006)  ,  ForwardTime: 0.262  ,  TotalTime: 0.273  ,  Loss/total: 2.61341  ,  Loss/giou: 0.61803  ,  Loss/l1: 0.08657  ,  Loss/location: 0.92971  ,  pro_loss: 0.07399  ,  IoU: 0.47035
[train: Epoch 14, 625 / 625] FPS: 117.2 (118.6)  ,  DataTime: 0.006 (0.006)  ,  ForwardTime: 0.262  ,  TotalTime: 0.273  ,  Loss/total: 2.60741  ,  Loss/giou: 0.61684  ,  Loss/l1: 0.08628  ,  Loss/location: 0.92744  ,  pro_loss: 0.07456  ,  IoU: 0.47129
[train: Epoch 15, 50 / 625] FPS: 112.4 (117.6)  ,  DataTime: 0.017 (0.006)  ,  ForwardTime: 0.262  ,  TotalTime: 0.285  ,  Loss/total: 2.56067  ,  Loss/giou: 0.60914  ,  Loss/l1: 0.08255  ,  Loss/location: 0.91344  ,  pro_loss: 0.08085  ,  IoU: 0.48072
[train: Epoch 15, 100 / 625] FPS: 115.0 (118.0)  ,  DataTime: 0.011 (0.006)  ,  ForwardTime: 0.262  ,  TotalTime: 0.278  ,  Loss/total: 2.54973  ,  Loss/giou: 0.60404  ,  Loss/l1: 0.08267  ,  Loss/location: 0.91210  ,  pro_loss: 0.08095  ,  IoU: 0.48139
[train: Epoch 15, 150 / 625] FPS: 115.7 (117.7)  ,  DataTime: 0.009 (0.006)  ,  ForwardTime: 0.262  ,  TotalTime: 0.277  ,  Loss/total: 2.53691  ,  Loss/giou: 0.60256  ,  Loss/l1: 0.08227  ,  Loss/location: 0.90435  ,  pro_loss: 0.08050  ,  IoU: 0.48228
[train: Epoch 15, 200 / 625] FPS: 116.2 (117.0)  ,  DataTime: 0.008 (0.006)  ,  ForwardTime: 0.262  ,  TotalTime: 0.275  ,  Loss/total: 2.54270  ,  Loss/giou: 0.60243  ,  Loss/l1: 0.08301  ,  Loss/location: 0.90680  ,  pro_loss: 0.08007  ,  IoU: 0.48300
[train: Epoch 15, 250 / 625] FPS: 116.4 (117.5)  ,  DataTime: 0.007 (0.006)  ,  ForwardTime: 0.262  ,  TotalTime: 0.275  ,  Loss/total: 2.56251  ,  Loss/giou: 0.60779  ,  Loss/l1: 0.08440  ,  Loss/location: 0.90911  ,  pro_loss: 0.07910  ,  IoU: 0.47970
[train: Epoch 15, 300 / 625] FPS: 116.6 (117.7)  ,  DataTime: 0.007 (0.006)  ,  ForwardTime: 0.262  ,  TotalTime: 0.274  ,  Loss/total: 2.54960  ,  Loss/giou: 0.60547  ,  Loss/l1: 0.08330  ,  Loss/location: 0.90636  ,  pro_loss: 0.07911  ,  IoU: 0.48089
[train: Epoch 15, 350 / 625] FPS: 116.7 (117.7)  ,  DataTime: 0.007 (0.006)  ,  ForwardTime: 0.262  ,  TotalTime: 0.274  ,  Loss/total: 2.55520  ,  Loss/giou: 0.60640  ,  Loss/l1: 0.08347  ,  Loss/location: 0.90922  ,  pro_loss: 0.07921  ,  IoU: 0.48033
[train: Epoch 15, 400 / 625] FPS: 116.8 (117.3)  ,  DataTime: 0.006 (0.006)  ,  ForwardTime: 0.262  ,  TotalTime: 0.274  ,  Loss/total: 2.55238  ,  Loss/giou: 0.60652  ,  Loss/l1: 0.08378  ,  Loss/location: 0.90474  ,  pro_loss: 0.07856  ,  IoU: 0.48066
[train: Epoch 15, 450 / 625] FPS: 116.9 (117.5)  ,  DataTime: 0.006 (0.006)  ,  ForwardTime: 0.262  ,  TotalTime: 0.274  ,  Loss/total: 2.55331  ,  Loss/giou: 0.60643  ,  Loss/l1: 0.08371  ,  Loss/location: 0.90608  ,  pro_loss: 0.07921  ,  IoU: 0.48059
[train: Epoch 15, 500 / 625] FPS: 117.0 (117.9)  ,  DataTime: 0.006 (0.006)  ,  ForwardTime: 0.262  ,  TotalTime: 0.274  ,  Loss/total: 2.54995  ,  Loss/giou: 0.60592  ,  Loss/l1: 0.08353  ,  Loss/location: 0.90465  ,  pro_loss: 0.07898  ,  IoU: 0.48117
[train: Epoch 15, 550 / 625] FPS: 117.0 (117.5)  ,  DataTime: 0.006 (0.006)  ,  ForwardTime: 0.262  ,  TotalTime: 0.273  ,  Loss/total: 2.54946  ,  Loss/giou: 0.60554  ,  Loss/l1: 0.08367  ,  Loss/location: 0.90433  ,  pro_loss: 0.07849  ,  IoU: 0.48129
[train: Epoch 15, 600 / 625] FPS: 117.1 (117.8)  ,  DataTime: 0.006 (0.006)  ,  ForwardTime: 0.262  ,  TotalTime: 0.273  ,  Loss/total: 2.54488  ,  Loss/giou: 0.60460  ,  Loss/l1: 0.08335  ,  Loss/location: 0.90321  ,  pro_loss: 0.07870  ,  IoU: 0.48163
[train: Epoch 15, 625 / 625] FPS: 117.1 (118.4)  ,  DataTime: 0.006 (0.006)  ,  ForwardTime: 0.262  ,  TotalTime: 0.273  ,  Loss/total: 2.54672  ,  Loss/giou: 0.60493  ,  Loss/l1: 0.08335  ,  Loss/location: 0.90438  ,  pro_loss: 0.07854  ,  IoU: 0.48148
[val: Epoch 15, 50 / 156] FPS: 216.9 (243.1)  ,  DataTime: 0.021 (0.007)  ,  ForwardTime: 0.120  ,  TotalTime: 0.148  ,  Loss/total: 1.14894  ,  Loss/giou: 0.29091  ,  Loss/l1: 0.02592  ,  Loss/location: 0.43750  ,  pro_loss: 0.00000  ,  IoU: 0.73722
[val: Epoch 15, 100 / 156] FPS: 229.1 (242.2)  ,  DataTime: 0.013 (0.007)  ,  ForwardTime: 0.119  ,  TotalTime: 0.140  ,  Loss/total: 1.16218  ,  Loss/giou: 0.29335  ,  Loss/l1: 0.02662  ,  Loss/location: 0.44238  ,  pro_loss: 0.00000  ,  IoU: 0.73577
[val: Epoch 15, 150 / 156] FPS: 233.4 (241.7)  ,  DataTime: 0.010 (0.007)  ,  ForwardTime: 0.119  ,  TotalTime: 0.137  ,  Loss/total: 1.15747  ,  Loss/giou: 0.29236  ,  Loss/l1: 0.02639  ,  Loss/location: 0.44080  ,  pro_loss: 0.00000  ,  IoU: 0.73654
[val: Epoch 15, 156 / 156] FPS: 234.0 (250.0)  ,  DataTime: 0.010 (0.007)  ,  ForwardTime: 0.119  ,  TotalTime: 0.137  ,  Loss/total: 1.15354  ,  Loss/giou: 0.29158  ,  Loss/l1: 0.02630  ,  Loss/location: 0.43889  ,  pro_loss: 0.00000  ,  IoU: 0.73715
[train: Epoch 16, 50 / 625] FPS: 112.3 (118.4)  ,  DataTime: 0.018 (0.006)  ,  ForwardTime: 0.262  ,  TotalTime: 0.285  ,  Loss/total: 2.50911  ,  Loss/giou: 0.59720  ,  Loss/l1: 0.08067  ,  Loss/location: 0.89609  ,  pro_loss: 0.07648  ,  IoU: 0.48484
[train: Epoch 16, 100 / 625] FPS: 114.9 (117.2)  ,  DataTime: 0.011 (0.006)  ,  ForwardTime: 0.262  ,  TotalTime: 0.278  ,  Loss/total: 2.54034  ,  Loss/giou: 0.60505  ,  Loss/l1: 0.08175  ,  Loss/location: 0.90612  ,  pro_loss: 0.07689  ,  IoU: 0.48028
[train: Epoch 16, 150 / 625] FPS: 115.8 (117.8)  ,  DataTime: 0.009 (0.006)  ,  ForwardTime: 0.262  ,  TotalTime: 0.276  ,  Loss/total: 2.55215  ,  Loss/giou: 0.60583  ,  Loss/l1: 0.08274  ,  Loss/location: 0.91171  ,  pro_loss: 0.07536  ,  IoU: 0.47933
[train: Epoch 16, 200 / 625] FPS: 116.2 (117.0)  ,  DataTime: 0.008 (0.006)  ,  ForwardTime: 0.262  ,  TotalTime: 0.275  ,  Loss/total: 2.54957  ,  Loss/giou: 0.60531  ,  Loss/l1: 0.08302  ,  Loss/location: 0.90879  ,  pro_loss: 0.07537  ,  IoU: 0.47950
[train: Epoch 16, 250 / 625] FPS: 116.5 (117.8)  ,  DataTime: 0.007 (0.006)  ,  ForwardTime: 0.262  ,  TotalTime: 0.275  ,  Loss/total: 2.54577  ,  Loss/giou: 0.60338  ,  Loss/l1: 0.08283  ,  Loss/location: 0.90953  ,  pro_loss: 0.07651  ,  IoU: 0.48148
[train: Epoch 16, 300 / 625] FPS: 116.6 (117.3)  ,  DataTime: 0.007 (0.006)  ,  ForwardTime: 0.262  ,  TotalTime: 0.275  ,  Loss/total: 2.54954  ,  Loss/giou: 0.60373  ,  Loss/l1: 0.08300  ,  Loss/location: 0.91182  ,  pro_loss: 0.07633  ,  IoU: 0.48053
[train: Epoch 16, 350 / 625] FPS: 116.7 (116.9)  ,  DataTime: 0.007 (0.006)  ,  ForwardTime: 0.262  ,  TotalTime: 0.274  ,  Loss/total: 2.55793  ,  Loss/giou: 0.60589  ,  Loss/l1: 0.08373  ,  Loss/location: 0.91215  ,  pro_loss: 0.07662  ,  IoU: 0.47876
[train: Epoch 16, 400 / 625] FPS: 116.8 (117.6)  ,  DataTime: 0.006 (0.006)  ,  ForwardTime: 0.262  ,  TotalTime: 0.274  ,  Loss/total: 2.56265  ,  Loss/giou: 0.60669  ,  Loss/l1: 0.08392  ,  Loss/location: 0.91434  ,  pro_loss: 0.07670  ,  IoU: 0.47767
[train: Epoch 16, 450 / 625] FPS: 116.9 (117.5)  ,  DataTime: 0.006 (0.006)  ,  ForwardTime: 0.262  ,  TotalTime: 0.274  ,  Loss/total: 2.55681  ,  Loss/giou: 0.60553  ,  Loss/l1: 0.08373  ,  Loss/location: 0.91171  ,  pro_loss: 0.07684  ,  IoU: 0.47884
[train: Epoch 16, 500 / 625] FPS: 116.9 (117.7)  ,  DataTime: 0.006 (0.006)  ,  ForwardTime: 0.262  ,  TotalTime: 0.274  ,  Loss/total: 2.55548  ,  Loss/giou: 0.60496  ,  Loss/l1: 0.08379  ,  Loss/location: 0.91121  ,  pro_loss: 0.07713  ,  IoU: 0.47918
[train: Epoch 16, 550 / 625] FPS: 117.0 (117.7)  ,  DataTime: 0.006 (0.006)  ,  ForwardTime: 0.262  ,  TotalTime: 0.274  ,  Loss/total: 2.56013  ,  Loss/giou: 0.60587  ,  Loss/l1: 0.08403  ,  Loss/location: 0.91286  ,  pro_loss: 0.07702  ,  IoU: 0.47885
[train: Epoch 16, 600 / 625] FPS: 117.0 (118.1)  ,  DataTime: 0.006 (0.006)  ,  ForwardTime: 0.262  ,  TotalTime: 0.273  ,  Loss/total: 2.56143  ,  Loss/giou: 0.60617  ,  Loss/l1: 0.08414  ,  Loss/location: 0.91295  ,  pro_loss: 0.07728  ,  IoU: 0.47831
[train: Epoch 16, 625 / 625] FPS: 117.1 (119.0)  ,  DataTime: 0.006 (0.006)  ,  ForwardTime: 0.262  ,  TotalTime: 0.273  ,  Loss/total: 2.55955  ,  Loss/giou: 0.60582  ,  Loss/l1: 0.08409  ,  Loss/location: 0.91198  ,  pro_loss: 0.07731  ,  IoU: 0.47853
[train: Epoch 17, 50 / 625] FPS: 111.9 (117.8)  ,  DataTime: 0.018 (0.006)  ,  ForwardTime: 0.262  ,  TotalTime: 0.286  ,  Loss/total: 2.50559  ,  Loss/giou: 0.59306  ,  Loss/l1: 0.08154  ,  Loss/location: 0.89468  ,  pro_loss: 0.08548  ,  IoU: 0.48337
[train: Epoch 17, 100 / 625] FPS: 114.7 (118.2)  ,  DataTime: 0.011 (0.006)  ,  ForwardTime: 0.262  ,  TotalTime: 0.279  ,  Loss/total: 2.48439  ,  Loss/giou: 0.58940  ,  Loss/l1: 0.08029  ,  Loss/location: 0.88744  ,  pro_loss: 0.08348  ,  IoU: 0.48802
[train: Epoch 17, 150 / 625] FPS: 115.6 (117.5)  ,  DataTime: 0.009 (0.006)  ,  ForwardTime: 0.262  ,  TotalTime: 0.277  ,  Loss/total: 2.49933  ,  Loss/giou: 0.59200  ,  Loss/l1: 0.08111  ,  Loss/location: 0.89368  ,  pro_loss: 0.08059  ,  IoU: 0.48695
[train: Epoch 17, 200 / 625] FPS: 116.1 (118.0)  ,  DataTime: 0.008 (0.006)  ,  ForwardTime: 0.262  ,  TotalTime: 0.276  ,  Loss/total: 2.50024  ,  Loss/giou: 0.59221  ,  Loss/l1: 0.08088  ,  Loss/location: 0.89548  ,  pro_loss: 0.07972  ,  IoU: 0.48776
[train: Epoch 17, 250 / 625] FPS: 116.3 (117.5)  ,  DataTime: 0.007 (0.006)  ,  ForwardTime: 0.262  ,  TotalTime: 0.275  ,  Loss/total: 2.50116  ,  Loss/giou: 0.59112  ,  Loss/l1: 0.08098  ,  Loss/location: 0.89822  ,  pro_loss: 0.07903  ,  IoU: 0.48812
[train: Epoch 17, 300 / 625] FPS: 116.5 (117.7)  ,  DataTime: 0.007 (0.006)  ,  ForwardTime: 0.262  ,  TotalTime: 0.275  ,  Loss/total: 2.50177  ,  Loss/giou: 0.59183  ,  Loss/l1: 0.08102  ,  Loss/location: 0.89716  ,  pro_loss: 0.07926  ,  IoU: 0.48870
[train: Epoch 17, 350 / 625] FPS: 116.7 (117.8)  ,  DataTime: 0.007 (0.006)  ,  ForwardTime: 0.262  ,  TotalTime: 0.274  ,  Loss/total: 2.50489  ,  Loss/giou: 0.59302  ,  Loss/l1: 0.08096  ,  Loss/location: 0.89827  ,  pro_loss: 0.07884  ,  IoU: 0.48856
[train: Epoch 17, 400 / 625] FPS: 116.7 (116.7)  ,  DataTime: 0.006 (0.006)  ,  ForwardTime: 0.262  ,  TotalTime: 0.274  ,  Loss/total: 2.50787  ,  Loss/giou: 0.59414  ,  Loss/l1: 0.08116  ,  Loss/location: 0.89786  ,  pro_loss: 0.07971  ,  IoU: 0.48796
[train: Epoch 17, 450 / 625] FPS: 116.8 (116.8)  ,  DataTime: 0.006 (0.006)  ,  ForwardTime: 0.262  ,  TotalTime: 0.274  ,  Loss/total: 2.51096  ,  Loss/giou: 0.59440  ,  Loss/l1: 0.08143  ,  Loss/location: 0.89915  ,  pro_loss: 0.07935  ,  IoU: 0.48785
[train: Epoch 17, 500 / 625] FPS: 116.8 (117.7)  ,  DataTime: 0.006 (0.006)  ,  ForwardTime: 0.262  ,  TotalTime: 0.274  ,  Loss/total: 2.51731  ,  Loss/giou: 0.59606  ,  Loss/l1: 0.08179  ,  Loss/location: 0.90036  ,  pro_loss: 0.07954  ,  IoU: 0.48663
[train: Epoch 17, 550 / 625] FPS: 116.8 (117.5)  ,  DataTime: 0.006 (0.006)  ,  ForwardTime: 0.262  ,  TotalTime: 0.274  ,  Loss/total: 2.52536  ,  Loss/giou: 0.59749  ,  Loss/l1: 0.08226  ,  Loss/location: 0.90326  ,  pro_loss: 0.07913  ,  IoU: 0.48528
[train: Epoch 17, 600 / 625] FPS: 116.9 (117.8)  ,  DataTime: 0.006 (0.006)  ,  ForwardTime: 0.262  ,  TotalTime: 0.274  ,  Loss/total: 2.52046  ,  Loss/giou: 0.59640  ,  Loss/l1: 0.08197  ,  Loss/location: 0.90197  ,  pro_loss: 0.07907  ,  IoU: 0.48602
[train: Epoch 17, 625 / 625] FPS: 116.9 (118.5)  ,  DataTime: 0.006 (0.006)  ,  ForwardTime: 0.262  ,  TotalTime: 0.274  ,  Loss/total: 2.52288  ,  Loss/giou: 0.59736  ,  Loss/l1: 0.08211  ,  Loss/location: 0.90184  ,  pro_loss: 0.07897  ,  IoU: 0.48542
[train: Epoch 18, 50 / 625] FPS: 111.4 (118.0)  ,  DataTime: 0.019 (0.006)  ,  ForwardTime: 0.262  ,  TotalTime: 0.287  ,  Loss/total: 2.51759  ,  Loss/giou: 0.60011  ,  Loss/l1: 0.08303  ,  Loss/location: 0.88668  ,  pro_loss: 0.07772  ,  IoU: 0.48276
[train: Epoch 18, 100 / 625] FPS: 114.4 (118.2)  ,  DataTime: 0.012 (0.006)  ,  ForwardTime: 0.262  ,  TotalTime: 0.280  ,  Loss/total: 2.52966  ,  Loss/giou: 0.59853  ,  Loss/l1: 0.08351  ,  Loss/location: 0.89933  ,  pro_loss: 0.07865  ,  IoU: 0.48293
[train: Epoch 18, 150 / 625] FPS: 115.5 (117.4)  ,  DataTime: 0.010 (0.006)  ,  ForwardTime: 0.262  ,  TotalTime: 0.277  ,  Loss/total: 2.50863  ,  Loss/giou: 0.59322  ,  Loss/l1: 0.08277  ,  Loss/location: 0.89274  ,  pro_loss: 0.07799  ,  IoU: 0.48709
[train: Epoch 18, 200 / 625] FPS: 116.0 (117.7)  ,  DataTime: 0.008 (0.006)  ,  ForwardTime: 0.262  ,  TotalTime: 0.276  ,  Loss/total: 2.49607  ,  Loss/giou: 0.58897  ,  Loss/l1: 0.08235  ,  Loss/location: 0.89055  ,  pro_loss: 0.07923  ,  IoU: 0.49033
[train: Epoch 18, 250 / 625] FPS: 116.3 (117.0)  ,  DataTime: 0.008 (0.006)  ,  ForwardTime: 0.262  ,  TotalTime: 0.275  ,  Loss/total: 2.51374  ,  Loss/giou: 0.59320  ,  Loss/l1: 0.08292  ,  Loss/location: 0.89677  ,  pro_loss: 0.07993  ,  IoU: 0.48699
[train: Epoch 18, 300 / 625] FPS: 116.5 (117.2)  ,  DataTime: 0.007 (0.006)  ,  ForwardTime: 0.262  ,  TotalTime: 0.275  ,  Loss/total: 2.52325  ,  Loss/giou: 0.59547  ,  Loss/l1: 0.08318  ,  Loss/location: 0.90026  ,  pro_loss: 0.08067  ,  IoU: 0.48601
[train: Epoch 18, 350 / 625] FPS: 116.6 (117.6)  ,  DataTime: 0.007 (0.006)  ,  ForwardTime: 0.262  ,  TotalTime: 0.274  ,  Loss/total: 2.52254  ,  Loss/giou: 0.59633  ,  Loss/l1: 0.08329  ,  Loss/location: 0.89704  ,  pro_loss: 0.08180  ,  IoU: 0.48521
[train: Epoch 18, 400 / 625] FPS: 116.7 (117.4)  ,  DataTime: 0.007 (0.006)  ,  ForwardTime: 0.262  ,  TotalTime: 0.274  ,  Loss/total: 2.50303  ,  Loss/giou: 0.59213  ,  Loss/l1: 0.08217  ,  Loss/location: 0.89152  ,  pro_loss: 0.08189  ,  IoU: 0.48845
[train: Epoch 18, 450 / 625] FPS: 116.8 (117.6)  ,  DataTime: 0.006 (0.006)  ,  ForwardTime: 0.262  ,  TotalTime: 0.274  ,  Loss/total: 2.51815  ,  Loss/giou: 0.59594  ,  Loss/l1: 0.08269  ,  Loss/location: 0.89652  ,  pro_loss: 0.08135  ,  IoU: 0.48590
[train: Epoch 18, 500 / 625] FPS: 116.9 (117.4)  ,  DataTime: 0.006 (0.006)  ,  ForwardTime: 0.262  ,  TotalTime: 0.274  ,  Loss/total: 2.51564  ,  Loss/giou: 0.59598  ,  Loss/l1: 0.08245  ,  Loss/location: 0.89516  ,  pro_loss: 0.08124  ,  IoU: 0.48621
[train: Epoch 18, 550 / 625] FPS: 116.9 (117.5)  ,  DataTime: 0.006 (0.006)  ,  ForwardTime: 0.262  ,  TotalTime: 0.274  ,  Loss/total: 2.51231  ,  Loss/giou: 0.59524  ,  Loss/l1: 0.08213  ,  Loss/location: 0.89480  ,  pro_loss: 0.08177  ,  IoU: 0.48688
[train: Epoch 18, 600 / 625] FPS: 117.0 (117.3)  ,  DataTime: 0.006 (0.006)  ,  ForwardTime: 0.262  ,  TotalTime: 0.274  ,  Loss/total: 2.51130  ,  Loss/giou: 0.59559  ,  Loss/l1: 0.08202  ,  Loss/location: 0.89358  ,  pro_loss: 0.08220  ,  IoU: 0.48669
[train: Epoch 18, 625 / 625] FPS: 117.0 (118.9)  ,  DataTime: 0.006 (0.006)  ,  ForwardTime: 0.262  ,  TotalTime: 0.274  ,  Loss/total: 2.51240  ,  Loss/giou: 0.59591  ,  Loss/l1: 0.08207  ,  Loss/location: 0.89383  ,  pro_loss: 0.08196  ,  IoU: 0.48653
[train: Epoch 19, 50 / 625] FPS: 111.9 (118.0)  ,  DataTime: 0.019 (0.006)  ,  ForwardTime: 0.262  ,  TotalTime: 0.286  ,  Loss/total: 2.53322  ,  Loss/giou: 0.60023  ,  Loss/l1: 0.08456  ,  Loss/location: 0.89206  ,  pro_loss: 0.08959  ,  IoU: 0.48478
[train: Epoch 19, 100 / 625] FPS: 114.7 (117.6)  ,  DataTime: 0.012 (0.006)  ,  ForwardTime: 0.262  ,  TotalTime: 0.279  ,  Loss/total: 2.56257  ,  Loss/giou: 0.60771  ,  Loss/l1: 0.08500  ,  Loss/location: 0.90462  ,  pro_loss: 0.08771  ,  IoU: 0.47946
[train: Epoch 19, 150 / 625] FPS: 115.6 (117.3)  ,  DataTime: 0.009 (0.006)  ,  ForwardTime: 0.262  ,  TotalTime: 0.277  ,  Loss/total: 2.52617  ,  Loss/giou: 0.59808  ,  Loss/l1: 0.08277  ,  Loss/location: 0.89895  ,  pro_loss: 0.08598  ,  IoU: 0.48642
[train: Epoch 19, 200 / 625] FPS: 116.1 (118.0)  ,  DataTime: 0.008 (0.006)  ,  ForwardTime: 0.262  ,  TotalTime: 0.276  ,  Loss/total: 2.50785  ,  Loss/giou: 0.59483  ,  Loss/l1: 0.08196  ,  Loss/location: 0.89106  ,  pro_loss: 0.08657  ,  IoU: 0.48864
[train: Epoch 19, 250 / 625] FPS: 116.3 (117.4)  ,  DataTime: 0.008 (0.006)  ,  ForwardTime: 0.262  ,  TotalTime: 0.275  ,  Loss/total: 2.49697  ,  Loss/giou: 0.59370  ,  Loss/l1: 0.08160  ,  Loss/location: 0.88439  ,  pro_loss: 0.08588  ,  IoU: 0.48937
[train: Epoch 19, 300 / 625] FPS: 116.5 (115.7)  ,  DataTime: 0.007 (0.006)  ,  ForwardTime: 0.262  ,  TotalTime: 0.275  ,  Loss/total: 2.50030  ,  Loss/giou: 0.59377  ,  Loss/l1: 0.08144  ,  Loss/location: 0.88835  ,  pro_loss: 0.08612  ,  IoU: 0.48854
[train: Epoch 19, 350 / 625] FPS: 116.7 (117.6)  ,  DataTime: 0.007 (0.006)  ,  ForwardTime: 0.262  ,  TotalTime: 0.274  ,  Loss/total: 2.49020  ,  Loss/giou: 0.59135  ,  Loss/l1: 0.08089  ,  Loss/location: 0.88588  ,  pro_loss: 0.08572  ,  IoU: 0.49017
[train: Epoch 19, 400 / 625] FPS: 116.8 (117.7)  ,  DataTime: 0.006 (0.006)  ,  ForwardTime: 0.262  ,  TotalTime: 0.274  ,  Loss/total: 2.48195  ,  Loss/giou: 0.58991  ,  Loss/l1: 0.08068  ,  Loss/location: 0.88167  ,  pro_loss: 0.08524  ,  IoU: 0.49149
[train: Epoch 19, 450 / 625] FPS: 116.8 (117.2)  ,  DataTime: 0.006 (0.006)  ,  ForwardTime: 0.262  ,  TotalTime: 0.274  ,  Loss/total: 2.47842  ,  Loss/giou: 0.58901  ,  Loss/l1: 0.08040  ,  Loss/location: 0.88147  ,  pro_loss: 0.08459  ,  IoU: 0.49190
[train: Epoch 19, 500 / 625] FPS: 116.9 (117.5)  ,  DataTime: 0.006 (0.006)  ,  ForwardTime: 0.262  ,  TotalTime: 0.274  ,  Loss/total: 2.48585  ,  Loss/giou: 0.59098  ,  Loss/l1: 0.08088  ,  Loss/location: 0.88262  ,  pro_loss: 0.08438  ,  IoU: 0.49099
[train: Epoch 19, 550 / 625] FPS: 116.9 (117.2)  ,  DataTime: 0.006 (0.006)  ,  ForwardTime: 0.262  ,  TotalTime: 0.274  ,  Loss/total: 2.47943  ,  Loss/giou: 0.58965  ,  Loss/l1: 0.08062  ,  Loss/location: 0.88014  ,  pro_loss: 0.08447  ,  IoU: 0.49199
[train: Epoch 19, 600 / 625] FPS: 117.0 (117.5)  ,  DataTime: 0.006 (0.006)  ,  ForwardTime: 0.262  ,  TotalTime: 0.274  ,  Loss/total: 2.47881  ,  Loss/giou: 0.58926  ,  Loss/l1: 0.08065  ,  Loss/location: 0.88031  ,  pro_loss: 0.08372  ,  IoU: 0.49262
[train: Epoch 19, 625 / 625] FPS: 117.0 (118.4)  ,  DataTime: 0.006 (0.006)  ,  ForwardTime: 0.262  ,  TotalTime: 0.274  ,  Loss/total: 2.48038  ,  Loss/giou: 0.58961  ,  Loss/l1: 0.08068  ,  Loss/location: 0.88107  ,  pro_loss: 0.08352  ,  IoU: 0.49218
[train: Epoch 20, 50 / 625] FPS: 112.0 (116.5)  ,  DataTime: 0.018 (0.006)  ,  ForwardTime: 0.262  ,  TotalTime: 0.286  ,  Loss/total: 2.44766  ,  Loss/giou: 0.58471  ,  Loss/l1: 0.07830  ,  Loss/location: 0.87077  ,  pro_loss: 0.07979  ,  IoU: 0.49270
[train: Epoch 20, 100 / 625] FPS: 114.7 (117.9)  ,  DataTime: 0.011 (0.006)  ,  ForwardTime: 0.262  ,  TotalTime: 0.279  ,  Loss/total: 2.45523  ,  Loss/giou: 0.58342  ,  Loss/l1: 0.07886  ,  Loss/location: 0.87745  ,  pro_loss: 0.08313  ,  IoU: 0.49478
[train: Epoch 20, 150 / 625] FPS: 115.6 (116.9)  ,  DataTime: 0.009 (0.006)  ,  ForwardTime: 0.262  ,  TotalTime: 0.277  ,  Loss/total: 2.46090  ,  Loss/giou: 0.58469  ,  Loss/l1: 0.07932  ,  Loss/location: 0.87861  ,  pro_loss: 0.08160  ,  IoU: 0.49564
[train: Epoch 20, 200 / 625] FPS: 116.1 (117.6)  ,  DataTime: 0.008 (0.006)  ,  ForwardTime: 0.262  ,  TotalTime: 0.276  ,  Loss/total: 2.45358  ,  Loss/giou: 0.58390  ,  Loss/l1: 0.07912  ,  Loss/location: 0.87411  ,  pro_loss: 0.08021  ,  IoU: 0.49722
[train: Epoch 20, 250 / 625] FPS: 116.4 (117.4)  ,  DataTime: 0.007 (0.006)  ,  ForwardTime: 0.262  ,  TotalTime: 0.275  ,  Loss/total: 2.45010  ,  Loss/giou: 0.58201  ,  Loss/l1: 0.07909  ,  Loss/location: 0.87425  ,  pro_loss: 0.08188  ,  IoU: 0.49878
[train: Epoch 20, 300 / 625] FPS: 116.6 (117.9)  ,  DataTime: 0.007 (0.006)  ,  ForwardTime: 0.262  ,  TotalTime: 0.274  ,  Loss/total: 2.45606  ,  Loss/giou: 0.58308  ,  Loss/l1: 0.07957  ,  Loss/location: 0.87581  ,  pro_loss: 0.08111  ,  IoU: 0.49802
[train: Epoch 20, 350 / 625] FPS: 116.7 (116.6)  ,  DataTime: 0.007 (0.006)  ,  ForwardTime: 0.262  ,  TotalTime: 0.274  ,  Loss/total: 2.46238  ,  Loss/giou: 0.58424  ,  Loss/l1: 0.07984  ,  Loss/location: 0.87851  ,  pro_loss: 0.08084  ,  IoU: 0.49720
[train: Epoch 20, 400 / 625] FPS: 116.8 (118.2)  ,  DataTime: 0.006 (0.006)  ,  ForwardTime: 0.262  ,  TotalTime: 0.274  ,  Loss/total: 2.47150  ,  Loss/giou: 0.58716  ,  Loss/l1: 0.08042  ,  Loss/location: 0.87888  ,  pro_loss: 0.08104  ,  IoU: 0.49484
[train: Epoch 20, 450 / 625] FPS: 116.8 (117.0)  ,  DataTime: 0.006 (0.006)  ,  ForwardTime: 0.262  ,  TotalTime: 0.274  ,  Loss/total: 2.47762  ,  Loss/giou: 0.58854  ,  Loss/l1: 0.08067  ,  Loss/location: 0.88097  ,  pro_loss: 0.08104  ,  IoU: 0.49341
[train: Epoch 20, 500 / 625] FPS: 116.9 (116.6)  ,  DataTime: 0.006 (0.006)  ,  ForwardTime: 0.262  ,  TotalTime: 0.274  ,  Loss/total: 2.47286  ,  Loss/giou: 0.58733  ,  Loss/l1: 0.08044  ,  Loss/location: 0.87981  ,  pro_loss: 0.08100  ,  IoU: 0.49390
[train: Epoch 20, 550 / 625] FPS: 116.9 (117.8)  ,  DataTime: 0.006 (0.006)  ,  ForwardTime: 0.262  ,  TotalTime: 0.274  ,  Loss/total: 2.47186  ,  Loss/giou: 0.58714  ,  Loss/l1: 0.08026  ,  Loss/location: 0.88009  ,  pro_loss: 0.08095  ,  IoU: 0.49403
[train: Epoch 20, 600 / 625] FPS: 117.0 (117.5)  ,  DataTime: 0.006 (0.006)  ,  ForwardTime: 0.262  ,  TotalTime: 0.274  ,  Loss/total: 2.47036  ,  Loss/giou: 0.58722  ,  Loss/l1: 0.08019  ,  Loss/location: 0.87865  ,  pro_loss: 0.08160  ,  IoU: 0.49423
[train: Epoch 20, 625 / 625] FPS: 117.0 (118.1)  ,  DataTime: 0.006 (0.006)  ,  ForwardTime: 0.262  ,  TotalTime: 0.273  ,  Loss/total: 2.46993  ,  Loss/giou: 0.58719  ,  Loss/l1: 0.08011  ,  Loss/location: 0.87870  ,  pro_loss: 0.08147  ,  IoU: 0.49414
[val: Epoch 20, 50 / 156] FPS: 216.9 (246.8)  ,  DataTime: 0.021 (0.007)  ,  ForwardTime: 0.120  ,  TotalTime: 0.148  ,  Loss/total: 1.08703  ,  Loss/giou: 0.27339  ,  Loss/l1: 0.02354  ,  Loss/location: 0.42253  ,  pro_loss: 0.00000  ,  IoU: 0.75019
[val: Epoch 20, 100 / 156] FPS: 229.2 (242.6)  ,  DataTime: 0.013 (0.007)  ,  ForwardTime: 0.120  ,  TotalTime: 0.140  ,  Loss/total: 1.08580  ,  Loss/giou: 0.27360  ,  Loss/l1: 0.02352  ,  Loss/location: 0.42099  ,  pro_loss: 0.00000  ,  IoU: 0.75012
[val: Epoch 20, 150 / 156] FPS: 233.7 (244.0)  ,  DataTime: 0.010 (0.007)  ,  ForwardTime: 0.120  ,  TotalTime: 0.137  ,  Loss/total: 1.08876  ,  Loss/giou: 0.27402  ,  Loss/l1: 0.02344  ,  Loss/location: 0.42350  ,  pro_loss: 0.00000  ,  IoU: 0.74962
[val: Epoch 20, 156 / 156] FPS: 234.2 (248.2)  ,  DataTime: 0.010 (0.007)  ,  ForwardTime: 0.120  ,  TotalTime: 0.137  ,  Loss/total: 1.09008  ,  Loss/giou: 0.27442  ,  Loss/l1: 0.02344  ,  Loss/location: 0.42405  ,  pro_loss: 0.00000  ,  IoU: 0.74932
[train: Epoch 21, 50 / 625] FPS: 111.9 (118.0)  ,  DataTime: 0.018 (0.006)  ,  ForwardTime: 0.262  ,  TotalTime: 0.286  ,  Loss/total: 2.41668  ,  Loss/giou: 0.57480  ,  Loss/l1: 0.07708  ,  Loss/location: 0.86520  ,  pro_loss: 0.08250  ,  IoU: 0.50649
[train: Epoch 21, 100 / 625] FPS: 114.7 (117.5)  ,  DataTime: 0.012 (0.006)  ,  ForwardTime: 0.262  ,  TotalTime: 0.279  ,  Loss/total: 2.44674  ,  Loss/giou: 0.58064  ,  Loss/l1: 0.07866  ,  Loss/location: 0.87533  ,  pro_loss: 0.08417  ,  IoU: 0.50085
[train: Epoch 21, 150 / 625] FPS: 115.6 (117.3)  ,  DataTime: 0.009 (0.006)  ,  ForwardTime: 0.262  ,  TotalTime: 0.277  ,  Loss/total: 2.45834  ,  Loss/giou: 0.58549  ,  Loss/l1: 0.07984  ,  Loss/location: 0.87128  ,  pro_loss: 0.08445  ,  IoU: 0.49759
[train: Epoch 21, 200 / 625] FPS: 116.1 (117.8)  ,  DataTime: 0.008 (0.006)  ,  ForwardTime: 0.262  ,  TotalTime: 0.276  ,  Loss/total: 2.44401  ,  Loss/giou: 0.58124  ,  Loss/l1: 0.07876  ,  Loss/location: 0.87086  ,  pro_loss: 0.08422  ,  IoU: 0.49999
[train: Epoch 21, 250 / 625] FPS: 116.4 (117.8)  ,  DataTime: 0.007 (0.006)  ,  ForwardTime: 0.262  ,  TotalTime: 0.275  ,  Loss/total: 2.45074  ,  Loss/giou: 0.58270  ,  Loss/l1: 0.07927  ,  Loss/location: 0.87207  ,  pro_loss: 0.08459  ,  IoU: 0.49849
[train: Epoch 21, 300 / 625] FPS: 116.6 (117.5)  ,  DataTime: 0.007 (0.006)  ,  ForwardTime: 0.262  ,  TotalTime: 0.274  ,  Loss/total: 2.46696  ,  Loss/giou: 0.58621  ,  Loss/l1: 0.08014  ,  Loss/location: 0.87717  ,  pro_loss: 0.08341  ,  IoU: 0.49488
[train: Epoch 21, 350 / 625] FPS: 116.7 (117.6)  ,  DataTime: 0.007 (0.006)  ,  ForwardTime: 0.262  ,  TotalTime: 0.274  ,  Loss/total: 2.47284  ,  Loss/giou: 0.58766  ,  Loss/l1: 0.08016  ,  Loss/location: 0.87996  ,  pro_loss: 0.08370  ,  IoU: 0.49404
[train: Epoch 21, 400 / 625] FPS: 116.8 (118.0)  ,  DataTime: 0.006 (0.006)  ,  ForwardTime: 0.262  ,  TotalTime: 0.274  ,  Loss/total: 2.47678  ,  Loss/giou: 0.58788  ,  Loss/l1: 0.08030  ,  Loss/location: 0.88288  ,  pro_loss: 0.08313  ,  IoU: 0.49382
[train: Epoch 21, 450 / 625] FPS: 116.9 (117.6)  ,  DataTime: 0.006 (0.006)  ,  ForwardTime: 0.262  ,  TotalTime: 0.274  ,  Loss/total: 2.47500  ,  Loss/giou: 0.58771  ,  Loss/l1: 0.08029  ,  Loss/location: 0.88136  ,  pro_loss: 0.08371  ,  IoU: 0.49438
[train: Epoch 21, 500 / 625] FPS: 116.9 (117.4)  ,  DataTime: 0.006 (0.006)  ,  ForwardTime: 0.262  ,  TotalTime: 0.274  ,  Loss/total: 2.46591  ,  Loss/giou: 0.58569  ,  Loss/l1: 0.07977  ,  Loss/location: 0.87897  ,  pro_loss: 0.08344  ,  IoU: 0.49547
[train: Epoch 21, 550 / 625] FPS: 116.9 (117.8)  ,  DataTime: 0.006 (0.006)  ,  ForwardTime: 0.262  ,  TotalTime: 0.274  ,  Loss/total: 2.46804  ,  Loss/giou: 0.58641  ,  Loss/l1: 0.07996  ,  Loss/location: 0.87855  ,  pro_loss: 0.08444  ,  IoU: 0.49535
[train: Epoch 21, 600 / 625] FPS: 117.0 (117.7)  ,  DataTime: 0.006 (0.006)  ,  ForwardTime: 0.262  ,  TotalTime: 0.274  ,  Loss/total: 2.46899  ,  Loss/giou: 0.58681  ,  Loss/l1: 0.08005  ,  Loss/location: 0.87829  ,  pro_loss: 0.08414  ,  IoU: 0.49485
[train: Epoch 21, 625 / 625] FPS: 117.0 (118.1)  ,  DataTime: 0.006 (0.006)  ,  ForwardTime: 0.262  ,  TotalTime: 0.274  ,  Loss/total: 2.47107  ,  Loss/giou: 0.58701  ,  Loss/l1: 0.08012  ,  Loss/location: 0.87963  ,  pro_loss: 0.08412  ,  IoU: 0.49472
[train: Epoch 22, 50 / 625] FPS: 112.2 (118.3)  ,  DataTime: 0.017 (0.006)  ,  ForwardTime: 0.262  ,  TotalTime: 0.285  ,  Loss/total: 2.46962  ,  Loss/giou: 0.58745  ,  Loss/l1: 0.08113  ,  Loss/location: 0.87319  ,  pro_loss: 0.07938  ,  IoU: 0.49511
[train: Epoch 22, 100 / 625] FPS: 114.7 (117.4)  ,  DataTime: 0.011 (0.006)  ,  ForwardTime: 0.262  ,  TotalTime: 0.279  ,  Loss/total: 2.50290  ,  Loss/giou: 0.59421  ,  Loss/l1: 0.08226  ,  Loss/location: 0.88693  ,  pro_loss: 0.08115  ,  IoU: 0.49165
[train: Epoch 22, 150 / 625] FPS: 115.6 (117.3)  ,  DataTime: 0.009 (0.006)  ,  ForwardTime: 0.262  ,  TotalTime: 0.277  ,  Loss/total: 2.49099  ,  Loss/giou: 0.59024  ,  Loss/l1: 0.08190  ,  Loss/location: 0.88471  ,  pro_loss: 0.08160  ,  IoU: 0.49399
[train: Epoch 22, 200 / 625] FPS: 116.1 (118.1)  ,  DataTime: 0.008 (0.006)  ,  ForwardTime: 0.262  ,  TotalTime: 0.276  ,  Loss/total: 2.48498  ,  Loss/giou: 0.58891  ,  Loss/l1: 0.08090  ,  Loss/location: 0.88615  ,  pro_loss: 0.08256  ,  IoU: 0.49402
[train: Epoch 22, 250 / 625] FPS: 116.4 (117.7)  ,  DataTime: 0.007 (0.006)  ,  ForwardTime: 0.262  ,  TotalTime: 0.275  ,  Loss/total: 2.48693  ,  Loss/giou: 0.58970  ,  Loss/l1: 0.08096  ,  Loss/location: 0.88612  ,  pro_loss: 0.08305  ,  IoU: 0.49475
[train: Epoch 22, 300 / 625] FPS: 116.6 (117.6)  ,  DataTime: 0.007 (0.006)  ,  ForwardTime: 0.262  ,  TotalTime: 0.274  ,  Loss/total: 2.48713  ,  Loss/giou: 0.58981  ,  Loss/l1: 0.08117  ,  Loss/location: 0.88495  ,  pro_loss: 0.08369  ,  IoU: 0.49463
[train: Epoch 22, 350 / 625] FPS: 116.7 (117.3)  ,  DataTime: 0.007 (0.006)  ,  ForwardTime: 0.262  ,  TotalTime: 0.274  ,  Loss/total: 2.47857  ,  Loss/giou: 0.58756  ,  Loss/l1: 0.08068  ,  Loss/location: 0.88321  ,  pro_loss: 0.08417  ,  IoU: 0.49589
[train: Epoch 22, 400 / 625] FPS: 116.8 (116.6)  ,  DataTime: 0.006 (0.006)  ,  ForwardTime: 0.262  ,  TotalTime: 0.274  ,  Loss/total: 2.47885  ,  Loss/giou: 0.58793  ,  Loss/l1: 0.08097  ,  Loss/location: 0.88141  ,  pro_loss: 0.08360  ,  IoU: 0.49597
[train: Epoch 22, 450 / 625] FPS: 116.9 (118.3)  ,  DataTime: 0.006 (0.006)  ,  ForwardTime: 0.262  ,  TotalTime: 0.274  ,  Loss/total: 2.47764  ,  Loss/giou: 0.58797  ,  Loss/l1: 0.08101  ,  Loss/location: 0.87996  ,  pro_loss: 0.08343  ,  IoU: 0.49618
[train: Epoch 22, 500 / 625] FPS: 116.9 (117.8)  ,  DataTime: 0.006 (0.006)  ,  ForwardTime: 0.262  ,  TotalTime: 0.274  ,  Loss/total: 2.47531  ,  Loss/giou: 0.58782  ,  Loss/l1: 0.08094  ,  Loss/location: 0.87828  ,  pro_loss: 0.08340  ,  IoU: 0.49637
[train: Epoch 22, 550 / 625] FPS: 117.0 (117.2)  ,  DataTime: 0.006 (0.006)  ,  ForwardTime: 0.262  ,  TotalTime: 0.274  ,  Loss/total: 2.48232  ,  Loss/giou: 0.58911  ,  Loss/l1: 0.08145  ,  Loss/location: 0.88012  ,  pro_loss: 0.08370  ,  IoU: 0.49539
[train: Epoch 22, 600 / 625] FPS: 117.0 (117.0)  ,  DataTime: 0.006 (0.006)  ,  ForwardTime: 0.262  ,  TotalTime: 0.273  ,  Loss/total: 2.47707  ,  Loss/giou: 0.58810  ,  Loss/l1: 0.08141  ,  Loss/location: 0.87702  ,  pro_loss: 0.08403  ,  IoU: 0.49610
[train: Epoch 22, 625 / 625] FPS: 117.0 (118.2)  ,  DataTime: 0.006 (0.006)  ,  ForwardTime: 0.262  ,  TotalTime: 0.273  ,  Loss/total: 2.47436  ,  Loss/giou: 0.58758  ,  Loss/l1: 0.08129  ,  Loss/location: 0.87596  ,  pro_loss: 0.08387  ,  IoU: 0.49636
[train: Epoch 23, 50 / 625] FPS: 111.9 (117.7)  ,  DataTime: 0.018 (0.006)  ,  ForwardTime: 0.262  ,  TotalTime: 0.286  ,  Loss/total: 2.32596  ,  Loss/giou: 0.55450  ,  Loss/l1: 0.07368  ,  Loss/location: 0.83330  ,  pro_loss: 0.07646  ,  IoU: 0.52157
[train: Epoch 23, 100 / 625] FPS: 114.6 (117.2)  ,  DataTime: 0.012 (0.006)  ,  ForwardTime: 0.262  ,  TotalTime: 0.279  ,  Loss/total: 2.40210  ,  Loss/giou: 0.57199  ,  Loss/l1: 0.07711  ,  Loss/location: 0.85616  ,  pro_loss: 0.08209  ,  IoU: 0.50962
[train: Epoch 23, 150 / 625] FPS: 115.6 (117.7)  ,  DataTime: 0.009 (0.006)  ,  ForwardTime: 0.262  ,  TotalTime: 0.277  ,  Loss/total: 2.44114  ,  Loss/giou: 0.58054  ,  Loss/l1: 0.07912  ,  Loss/location: 0.86806  ,  pro_loss: 0.08203  ,  IoU: 0.50214
[train: Epoch 23, 200 / 625] FPS: 116.1 (117.2)  ,  DataTime: 0.008 (0.006)  ,  ForwardTime: 0.262  ,  TotalTime: 0.276  ,  Loss/total: 2.44437  ,  Loss/giou: 0.58120  ,  Loss/l1: 0.07916  ,  Loss/location: 0.86960  ,  pro_loss: 0.08288  ,  IoU: 0.50056
[train: Epoch 23, 250 / 625] FPS: 116.4 (116.9)  ,  DataTime: 0.007 (0.006)  ,  ForwardTime: 0.262  ,  TotalTime: 0.275  ,  Loss/total: 2.44561  ,  Loss/giou: 0.58075  ,  Loss/l1: 0.07912  ,  Loss/location: 0.87218  ,  pro_loss: 0.08172  ,  IoU: 0.50058
[train: Epoch 23, 300 / 625] FPS: 116.6 (117.6)  ,  DataTime: 0.007 (0.006)  ,  ForwardTime: 0.262  ,  TotalTime: 0.275  ,  Loss/total: 2.44682  ,  Loss/giou: 0.58111  ,  Loss/l1: 0.07932  ,  Loss/location: 0.87168  ,  pro_loss: 0.08150  ,  IoU: 0.50022
[train: Epoch 23, 350 / 625] FPS: 116.7 (118.0)  ,  DataTime: 0.007 (0.006)  ,  ForwardTime: 0.262  ,  TotalTime: 0.274  ,  Loss/total: 2.44013  ,  Loss/giou: 0.57983  ,  Loss/l1: 0.07930  ,  Loss/location: 0.86762  ,  pro_loss: 0.08186  ,  IoU: 0.50117
[train: Epoch 23, 400 / 625] FPS: 116.8 (116.8)  ,  DataTime: 0.006 (0.006)  ,  ForwardTime: 0.262  ,  TotalTime: 0.274  ,  Loss/total: 2.43817  ,  Loss/giou: 0.57941  ,  Loss/l1: 0.07919  ,  Loss/location: 0.86699  ,  pro_loss: 0.08207  ,  IoU: 0.50159
[train: Epoch 23, 450 / 625] FPS: 116.9 (116.9)  ,  DataTime: 0.006 (0.006)  ,  ForwardTime: 0.262  ,  TotalTime: 0.274  ,  Loss/total: 2.43907  ,  Loss/giou: 0.58016  ,  Loss/l1: 0.07907  ,  Loss/location: 0.86696  ,  pro_loss: 0.08216  ,  IoU: 0.50045
[train: Epoch 23, 500 / 625] FPS: 116.9 (113.4)  ,  DataTime: 0.006 (0.006)  ,  ForwardTime: 0.262  ,  TotalTime: 0.274  ,  Loss/total: 2.43887  ,  Loss/giou: 0.58050  ,  Loss/l1: 0.07908  ,  Loss/location: 0.86604  ,  pro_loss: 0.08226  ,  IoU: 0.50032
[train: Epoch 23, 550 / 625] FPS: 117.0 (117.9)  ,  DataTime: 0.006 (0.006)  ,  ForwardTime: 0.262  ,  TotalTime: 0.274  ,  Loss/total: 2.43614  ,  Loss/giou: 0.57978  ,  Loss/l1: 0.07883  ,  Loss/location: 0.86593  ,  pro_loss: 0.08247  ,  IoU: 0.50076
[train: Epoch 23, 600 / 625] FPS: 117.0 (118.1)  ,  DataTime: 0.006 (0.006)  ,  ForwardTime: 0.262  ,  TotalTime: 0.273  ,  Loss/total: 2.44178  ,  Loss/giou: 0.58129  ,  Loss/l1: 0.07911  ,  Loss/location: 0.86714  ,  pro_loss: 0.08265  ,  IoU: 0.49976
[train: Epoch 23, 625 / 625] FPS: 117.1 (118.7)  ,  DataTime: 0.006 (0.006)  ,  ForwardTime: 0.262  ,  TotalTime: 0.273  ,  Loss/total: 2.44388  ,  Loss/giou: 0.58164  ,  Loss/l1: 0.07918  ,  Loss/location: 0.86815  ,  pro_loss: 0.08266  ,  IoU: 0.49961
[train: Epoch 24, 50 / 625] FPS: 111.8 (117.9)  ,  DataTime: 0.018 (0.006)  ,  ForwardTime: 0.261  ,  TotalTime: 0.286  ,  Loss/total: 2.44572  ,  Loss/giou: 0.58853  ,  Loss/l1: 0.07982  ,  Loss/location: 0.85203  ,  pro_loss: 0.08773  ,  IoU: 0.49361
[train: Epoch 24, 100 / 625] FPS: 114.6 (117.8)  ,  DataTime: 0.012 (0.006)  ,  ForwardTime: 0.262  ,  TotalTime: 0.279  ,  Loss/total: 2.42484  ,  Loss/giou: 0.58273  ,  Loss/l1: 0.07937  ,  Loss/location: 0.84527  ,  pro_loss: 0.08636  ,  IoU: 0.49804
[train: Epoch 24, 150 / 625] FPS: 115.6 (117.8)  ,  DataTime: 0.009 (0.006)  ,  ForwardTime: 0.262  ,  TotalTime: 0.277  ,  Loss/total: 2.42776  ,  Loss/giou: 0.58060  ,  Loss/l1: 0.07996  ,  Loss/location: 0.84964  ,  pro_loss: 0.08563  ,  IoU: 0.49987
[train: Epoch 24, 200 / 625] FPS: 116.1 (117.5)  ,  DataTime: 0.008 (0.006)  ,  ForwardTime: 0.262  ,  TotalTime: 0.276  ,  Loss/total: 2.42202  ,  Loss/giou: 0.57765  ,  Loss/l1: 0.07934  ,  Loss/location: 0.85330  ,  pro_loss: 0.08355  ,  IoU: 0.50154
[train: Epoch 24, 250 / 625] FPS: 116.4 (118.0)  ,  DataTime: 0.007 (0.006)  ,  ForwardTime: 0.261  ,  TotalTime: 0.275  ,  Loss/total: 2.42343  ,  Loss/giou: 0.57873  ,  Loss/l1: 0.07927  ,  Loss/location: 0.85263  ,  pro_loss: 0.08496  ,  IoU: 0.50067
[train: Epoch 24, 300 / 625] FPS: 116.6 (116.9)  ,  DataTime: 0.007 (0.006)  ,  ForwardTime: 0.262  ,  TotalTime: 0.275  ,  Loss/total: 2.41634  ,  Loss/giou: 0.57767  ,  Loss/l1: 0.07867  ,  Loss/location: 0.85064  ,  pro_loss: 0.08490  ,  IoU: 0.50134
[train: Epoch 24, 350 / 625] FPS: 116.7 (117.6)  ,  DataTime: 0.007 (0.006)  ,  ForwardTime: 0.262  ,  TotalTime: 0.274  ,  Loss/total: 2.43124  ,  Loss/giou: 0.58078  ,  Loss/l1: 0.07946  ,  Loss/location: 0.85526  ,  pro_loss: 0.08572  ,  IoU: 0.49918
[train: Epoch 24, 400 / 625] FPS: 116.8 (116.8)  ,  DataTime: 0.006 (0.006)  ,  ForwardTime: 0.262  ,  TotalTime: 0.274  ,  Loss/total: 2.43613  ,  Loss/giou: 0.58142  ,  Loss/l1: 0.07964  ,  Loss/location: 0.85787  ,  pro_loss: 0.08615  ,  IoU: 0.49802
[train: Epoch 24, 450 / 625] FPS: 116.9 (117.8)  ,  DataTime: 0.006 (0.006)  ,  ForwardTime: 0.262  ,  TotalTime: 0.274  ,  Loss/total: 2.43093  ,  Loss/giou: 0.58000  ,  Loss/l1: 0.07922  ,  Loss/location: 0.85749  ,  pro_loss: 0.08672  ,  IoU: 0.49894
[train: Epoch 24, 500 / 625] FPS: 117.0 (117.8)  ,  DataTime: 0.006 (0.006)  ,  ForwardTime: 0.262  ,  TotalTime: 0.274  ,  Loss/total: 2.43416  ,  Loss/giou: 0.58065  ,  Loss/l1: 0.07935  ,  Loss/location: 0.85883  ,  pro_loss: 0.08640  ,  IoU: 0.49874
[train: Epoch 24, 550 / 625] FPS: 117.0 (118.2)  ,  DataTime: 0.006 (0.006)  ,  ForwardTime: 0.262  ,  TotalTime: 0.273  ,  Loss/total: 2.43629  ,  Loss/giou: 0.58140  ,  Loss/l1: 0.07938  ,  Loss/location: 0.85930  ,  pro_loss: 0.08637  ,  IoU: 0.49836
[train: Epoch 24, 600 / 625] FPS: 117.1 (117.4)  ,  DataTime: 0.006 (0.006)  ,  ForwardTime: 0.262  ,  TotalTime: 0.273  ,  Loss/total: 2.44200  ,  Loss/giou: 0.58261  ,  Loss/l1: 0.07987  ,  Loss/location: 0.86020  ,  pro_loss: 0.08621  ,  IoU: 0.49756
[train: Epoch 24, 625 / 625] FPS: 117.1 (118.3)  ,  DataTime: 0.006 (0.006)  ,  ForwardTime: 0.262  ,  TotalTime: 0.273  ,  Loss/total: 2.44335  ,  Loss/giou: 0.58292  ,  Loss/l1: 0.07998  ,  Loss/location: 0.86036  ,  pro_loss: 0.08617  ,  IoU: 0.49740
[train: Epoch 25, 50 / 625] FPS: 112.5 (118.2)  ,  DataTime: 0.017 (0.006)  ,  ForwardTime: 0.262  ,  TotalTime: 0.284  ,  Loss/total: 2.36104  ,  Loss/giou: 0.56263  ,  Loss/l1: 0.07418  ,  Loss/location: 0.84712  ,  pro_loss: 0.08875  ,  IoU: 0.51229
[train: Epoch 25, 100 / 625] FPS: 115.0 (118.1)  ,  DataTime: 0.011 (0.006)  ,  ForwardTime: 0.261  ,  TotalTime: 0.278  ,  Loss/total: 2.40934  ,  Loss/giou: 0.57369  ,  Loss/l1: 0.07731  ,  Loss/location: 0.85793  ,  pro_loss: 0.08730  ,  IoU: 0.50485
[train: Epoch 25, 150 / 625] FPS: 115.9 (117.3)  ,  DataTime: 0.009 (0.006)  ,  ForwardTime: 0.262  ,  TotalTime: 0.276  ,  Loss/total: 2.41997  ,  Loss/giou: 0.57538  ,  Loss/l1: 0.07681  ,  Loss/location: 0.86777  ,  pro_loss: 0.08681  ,  IoU: 0.50223
[train: Epoch 25, 200 / 625] FPS: 116.3 (117.8)  ,  DataTime: 0.008 (0.006)  ,  ForwardTime: 0.262  ,  TotalTime: 0.275  ,  Loss/total: 2.41995  ,  Loss/giou: 0.57657  ,  Loss/l1: 0.07726  ,  Loss/location: 0.86316  ,  pro_loss: 0.08667  ,  IoU: 0.50243
[train: Epoch 25, 250 / 625] FPS: 116.6 (117.8)  ,  DataTime: 0.007 (0.006)  ,  ForwardTime: 0.262  ,  TotalTime: 0.274  ,  Loss/total: 2.40910  ,  Loss/giou: 0.57307  ,  Loss/l1: 0.07710  ,  Loss/location: 0.86014  ,  pro_loss: 0.08671  ,  IoU: 0.50563
[train: Epoch 25, 300 / 625] FPS: 116.8 (116.9)  ,  DataTime: 0.007 (0.006)  ,  ForwardTime: 0.262  ,  TotalTime: 0.274  ,  Loss/total: 2.41603  ,  Loss/giou: 0.57501  ,  Loss/l1: 0.07760  ,  Loss/location: 0.86074  ,  pro_loss: 0.08626  ,  IoU: 0.50377
[train: Epoch 25, 350 / 625] FPS: 116.9 (117.9)  ,  DataTime: 0.006 (0.006)  ,  ForwardTime: 0.262  ,  TotalTime: 0.274  ,  Loss/total: 2.41598  ,  Loss/giou: 0.57472  ,  Loss/l1: 0.07760  ,  Loss/location: 0.86128  ,  pro_loss: 0.08635  ,  IoU: 0.50418
[train: Epoch 25, 400 / 625] FPS: 117.0 (118.3)  ,  DataTime: 0.006 (0.006)  ,  ForwardTime: 0.262  ,  TotalTime: 0.274  ,  Loss/total: 2.41342  ,  Loss/giou: 0.57382  ,  Loss/l1: 0.07767  ,  Loss/location: 0.86020  ,  pro_loss: 0.08615  ,  IoU: 0.50450
[train: Epoch 25, 450 / 625] FPS: 117.1 (117.5)  ,  DataTime: 0.006 (0.006)  ,  ForwardTime: 0.262  ,  TotalTime: 0.273  ,  Loss/total: 2.41531  ,  Loss/giou: 0.57442  ,  Loss/l1: 0.07781  ,  Loss/location: 0.86013  ,  pro_loss: 0.08658  ,  IoU: 0.50364
[train: Epoch 25, 500 / 625] FPS: 117.1 (117.6)  ,  DataTime: 0.006 (0.006)  ,  ForwardTime: 0.262  ,  TotalTime: 0.273  ,  Loss/total: 2.41981  ,  Loss/giou: 0.57541  ,  Loss/l1: 0.07802  ,  Loss/location: 0.86146  ,  pro_loss: 0.08717  ,  IoU: 0.50319
[train: Epoch 25, 550 / 625] FPS: 117.1 (117.3)  ,  DataTime: 0.006 (0.006)  ,  ForwardTime: 0.262  ,  TotalTime: 0.273  ,  Loss/total: 2.41454  ,  Loss/giou: 0.57432  ,  Loss/l1: 0.07773  ,  Loss/location: 0.85977  ,  pro_loss: 0.08739  ,  IoU: 0.50379
[train: Epoch 25, 600 / 625] FPS: 117.2 (117.6)  ,  DataTime: 0.006 (0.006)  ,  ForwardTime: 0.262  ,  TotalTime: 0.273  ,  Loss/total: 2.40909  ,  Loss/giou: 0.57303  ,  Loss/l1: 0.07766  ,  Loss/location: 0.85719  ,  pro_loss: 0.08772  ,  IoU: 0.50484
[train: Epoch 25, 625 / 625] FPS: 117.2 (118.9)  ,  DataTime: 0.006 (0.006)  ,  ForwardTime: 0.262  ,  TotalTime: 0.273  ,  Loss/total: 2.41011  ,  Loss/giou: 0.57336  ,  Loss/l1: 0.07770  ,  Loss/location: 0.85736  ,  pro_loss: 0.08764  ,  IoU: 0.50466
[val: Epoch 25, 50 / 156] FPS: 218.9 (243.4)  ,  DataTime: 0.019 (0.007)  ,  ForwardTime: 0.120  ,  TotalTime: 0.146  ,  Loss/total: 1.08077  ,  Loss/giou: 0.27572  ,  Loss/l1: 0.02399  ,  Loss/location: 0.40938  ,  pro_loss: 0.00000  ,  IoU: 0.75013
[val: Epoch 25, 100 / 156] FPS: 230.6 (243.9)  ,  DataTime: 0.012 (0.007)  ,  ForwardTime: 0.120  ,  TotalTime: 0.139  ,  Loss/total: 1.04672  ,  Loss/giou: 0.26732  ,  Loss/l1: 0.02183  ,  Loss/location: 0.40292  ,  pro_loss: 0.00000  ,  IoU: 0.75503
[val: Epoch 25, 150 / 156] FPS: 234.6 (245.1)  ,  DataTime: 0.010 (0.007)  ,  ForwardTime: 0.120  ,  TotalTime: 0.136  ,  Loss/total: 1.05137  ,  Loss/giou: 0.26933  ,  Loss/l1: 0.02210  ,  Loss/location: 0.40220  ,  pro_loss: 0.00000  ,  IoU: 0.75327
[val: Epoch 25, 156 / 156] FPS: 235.0 (249.0)  ,  DataTime: 0.009 (0.007)  ,  ForwardTime: 0.120  ,  TotalTime: 0.136  ,  Loss/total: 1.04733  ,  Loss/giou: 0.26891  ,  Loss/l1: 0.02201  ,  Loss/location: 0.39947  ,  pro_loss: 0.00000  ,  IoU: 0.75345
[train: Epoch 26, 50 / 625] FPS: 111.9 (117.6)  ,  DataTime: 0.019 (0.006)  ,  ForwardTime: 0.261  ,  TotalTime: 0.286  ,  Loss/total: 2.43117  ,  Loss/giou: 0.57892  ,  Loss/l1: 0.07868  ,  Loss/location: 0.86154  ,  pro_loss: 0.09188  ,  IoU: 0.49860
[train: Epoch 26, 100 / 625] FPS: 114.7 (117.4)  ,  DataTime: 0.012 (0.006)  ,  ForwardTime: 0.262  ,  TotalTime: 0.279  ,  Loss/total: 2.42591  ,  Loss/giou: 0.57718  ,  Loss/l1: 0.07877  ,  Loss/location: 0.86019  ,  pro_loss: 0.08750  ,  IoU: 0.50026
[train: Epoch 26, 150 / 625] FPS: 115.7 (117.5)  ,  DataTime: 0.009 (0.006)  ,  ForwardTime: 0.262  ,  TotalTime: 0.277  ,  Loss/total: 2.43572  ,  Loss/giou: 0.57999  ,  Loss/l1: 0.07916  ,  Loss/location: 0.86273  ,  pro_loss: 0.08604  ,  IoU: 0.49837
[train: Epoch 26, 200 / 625] FPS: 116.2 (118.2)  ,  DataTime: 0.008 (0.006)  ,  ForwardTime: 0.262  ,  TotalTime: 0.275  ,  Loss/total: 2.42215  ,  Loss/giou: 0.57745  ,  Loss/l1: 0.07868  ,  Loss/location: 0.85641  ,  pro_loss: 0.08724  ,  IoU: 0.50040
[train: Epoch 26, 250 / 625] FPS: 116.5 (118.2)  ,  DataTime: 0.007 (0.006)  ,  ForwardTime: 0.262  ,  TotalTime: 0.275  ,  Loss/total: 2.43423  ,  Loss/giou: 0.57985  ,  Loss/l1: 0.07924  ,  Loss/location: 0.86088  ,  pro_loss: 0.08725  ,  IoU: 0.49854
[train: Epoch 26, 300 / 625] FPS: 116.7 (117.4)  ,  DataTime: 0.007 (0.006)  ,  ForwardTime: 0.262  ,  TotalTime: 0.274  ,  Loss/total: 2.42881  ,  Loss/giou: 0.57851  ,  Loss/l1: 0.07881  ,  Loss/location: 0.86028  ,  pro_loss: 0.08747  ,  IoU: 0.49912
[train: Epoch 26, 350 / 625] FPS: 116.8 (117.8)  ,  DataTime: 0.007 (0.006)  ,  ForwardTime: 0.262  ,  TotalTime: 0.274  ,  Loss/total: 2.42344  ,  Loss/giou: 0.57695  ,  Loss/l1: 0.07859  ,  Loss/location: 0.85933  ,  pro_loss: 0.08640  ,  IoU: 0.50091
[train: Epoch 26, 400 / 625] FPS: 116.9 (118.2)  ,  DataTime: 0.006 (0.006)  ,  ForwardTime: 0.262  ,  TotalTime: 0.274  ,  Loss/total: 2.42164  ,  Loss/giou: 0.57640  ,  Loss/l1: 0.07860  ,  Loss/location: 0.85839  ,  pro_loss: 0.08737  ,  IoU: 0.50177
[train: Epoch 26, 450 / 625] FPS: 117.0 (117.5)  ,  DataTime: 0.006 (0.006)  ,  ForwardTime: 0.262  ,  TotalTime: 0.273  ,  Loss/total: 2.41588  ,  Loss/giou: 0.57500  ,  Loss/l1: 0.07836  ,  Loss/location: 0.85650  ,  pro_loss: 0.08792  ,  IoU: 0.50252
[train: Epoch 26, 500 / 625] FPS: 117.1 (117.1)  ,  DataTime: 0.006 (0.006)  ,  ForwardTime: 0.262  ,  TotalTime: 0.273  ,  Loss/total: 2.41721  ,  Loss/giou: 0.57573  ,  Loss/l1: 0.07858  ,  Loss/location: 0.85522  ,  pro_loss: 0.08805  ,  IoU: 0.50231
[train: Epoch 26, 550 / 625] FPS: 117.1 (118.2)  ,  DataTime: 0.006 (0.006)  ,  ForwardTime: 0.262  ,  TotalTime: 0.273  ,  Loss/total: 2.41990  ,  Loss/giou: 0.57631  ,  Loss/l1: 0.07884  ,  Loss/location: 0.85546  ,  pro_loss: 0.08821  ,  IoU: 0.50197
[train: Epoch 26, 600 / 625] FPS: 117.2 (117.4)  ,  DataTime: 0.006 (0.006)  ,  ForwardTime: 0.262  ,  TotalTime: 0.273  ,  Loss/total: 2.41566  ,  Loss/giou: 0.57531  ,  Loss/l1: 0.07857  ,  Loss/location: 0.85468  ,  pro_loss: 0.08752  ,  IoU: 0.50267
[train: Epoch 26, 625 / 625] FPS: 117.2 (118.5)  ,  DataTime: 0.006 (0.006)  ,  ForwardTime: 0.262  ,  TotalTime: 0.273  ,  Loss/total: 2.41588  ,  Loss/giou: 0.57541  ,  Loss/l1: 0.07857  ,  Loss/location: 0.85470  ,  pro_loss: 0.08751  ,  IoU: 0.50263
[train: Epoch 27, 50 / 625] FPS: 112.2 (118.0)  ,  DataTime: 0.018 (0.006)  ,  ForwardTime: 0.261  ,  TotalTime: 0.285  ,  Loss/total: 2.42011  ,  Loss/giou: 0.57513  ,  Loss/l1: 0.08054  ,  Loss/location: 0.85013  ,  pro_loss: 0.08521  ,  IoU: 0.50657
[train: Epoch 27, 100 / 625] FPS: 114.8 (114.2)  ,  DataTime: 0.011 (0.006)  ,  ForwardTime: 0.262  ,  TotalTime: 0.279  ,  Loss/total: 2.44905  ,  Loss/giou: 0.58136  ,  Loss/l1: 0.08126  ,  Loss/location: 0.86319  ,  pro_loss: 0.08427  ,  IoU: 0.50074
[train: Epoch 27, 150 / 625] FPS: 115.8 (117.7)  ,  DataTime: 0.009 (0.006)  ,  ForwardTime: 0.262  ,  TotalTime: 0.276  ,  Loss/total: 2.45716  ,  Loss/giou: 0.58422  ,  Loss/l1: 0.08148  ,  Loss/location: 0.86427  ,  pro_loss: 0.08528  ,  IoU: 0.49773
[train: Epoch 27, 200 / 625] FPS: 116.3 (117.7)  ,  DataTime: 0.008 (0.006)  ,  ForwardTime: 0.262  ,  TotalTime: 0.275  ,  Loss/total: 2.42533  ,  Loss/giou: 0.57684  ,  Loss/l1: 0.07989  ,  Loss/location: 0.85515  ,  pro_loss: 0.08516  ,  IoU: 0.50288
[train: Epoch 27, 250 / 625] FPS: 116.6 (117.8)  ,  DataTime: 0.007 (0.006)  ,  ForwardTime: 0.262  ,  TotalTime: 0.275  ,  Loss/total: 2.39986  ,  Loss/giou: 0.57208  ,  Loss/l1: 0.07843  ,  Loss/location: 0.84669  ,  pro_loss: 0.08438  ,  IoU: 0.50580
[train: Epoch 27, 300 / 625] FPS: 116.7 (118.0)  ,  DataTime: 0.007 (0.006)  ,  ForwardTime: 0.262  ,  TotalTime: 0.274  ,  Loss/total: 2.37933  ,  Loss/giou: 0.56790  ,  Loss/l1: 0.07698  ,  Loss/location: 0.84165  ,  pro_loss: 0.08497  ,  IoU: 0.50939
[train: Epoch 27, 350 / 625] FPS: 116.9 (118.2)  ,  DataTime: 0.007 (0.006)  ,  ForwardTime: 0.262  ,  TotalTime: 0.274  ,  Loss/total: 2.37843  ,  Loss/giou: 0.56881  ,  Loss/l1: 0.07662  ,  Loss/location: 0.84053  ,  pro_loss: 0.08590  ,  IoU: 0.50891
[train: Epoch 27, 400 / 625] FPS: 117.0 (117.8)  ,  DataTime: 0.006 (0.006)  ,  ForwardTime: 0.262  ,  TotalTime: 0.274  ,  Loss/total: 2.37912  ,  Loss/giou: 0.56896  ,  Loss/l1: 0.07670  ,  Loss/location: 0.84052  ,  pro_loss: 0.08597  ,  IoU: 0.50909
[train: Epoch 27, 450 / 625] FPS: 117.1 (117.9)  ,  DataTime: 0.006 (0.006)  ,  ForwardTime: 0.262  ,  TotalTime: 0.273  ,  Loss/total: 2.37097  ,  Loss/giou: 0.56670  ,  Loss/l1: 0.07636  ,  Loss/location: 0.83860  ,  pro_loss: 0.08598  ,  IoU: 0.51068
[train: Epoch 27, 500 / 625] FPS: 117.1 (117.0)  ,  DataTime: 0.006 (0.006)  ,  ForwardTime: 0.262  ,  TotalTime: 0.273  ,  Loss/total: 2.38254  ,  Loss/giou: 0.56929  ,  Loss/l1: 0.07693  ,  Loss/location: 0.84208  ,  pro_loss: 0.08628  ,  IoU: 0.50833
[train: Epoch 27, 550 / 625] FPS: 117.1 (118.4)  ,  DataTime: 0.006 (0.006)  ,  ForwardTime: 0.262  ,  TotalTime: 0.273  ,  Loss/total: 2.38200  ,  Loss/giou: 0.56879  ,  Loss/l1: 0.07701  ,  Loss/location: 0.84204  ,  pro_loss: 0.08664  ,  IoU: 0.50845
[train: Epoch 27, 600 / 625] FPS: 117.2 (117.5)  ,  DataTime: 0.006 (0.006)  ,  ForwardTime: 0.262  ,  TotalTime: 0.273  ,  Loss/total: 2.38339  ,  Loss/giou: 0.56887  ,  Loss/l1: 0.07707  ,  Loss/location: 0.84284  ,  pro_loss: 0.08730  ,  IoU: 0.50864
[train: Epoch 27, 625 / 625] FPS: 117.2 (118.6)  ,  DataTime: 0.006 (0.006)  ,  ForwardTime: 0.262  ,  TotalTime: 0.273  ,  Loss/total: 2.38469  ,  Loss/giou: 0.56909  ,  Loss/l1: 0.07718  ,  Loss/location: 0.84315  ,  pro_loss: 0.08731  ,  IoU: 0.50856
[train: Epoch 28, 50 / 625] FPS: 112.5 (118.0)  ,  DataTime: 0.017 (0.006)  ,  ForwardTime: 0.262  ,  TotalTime: 0.284  ,  Loss/total: 2.40038  ,  Loss/giou: 0.56763  ,  Loss/l1: 0.07668  ,  Loss/location: 0.86406  ,  pro_loss: 0.08833  ,  IoU: 0.51108
[train: Epoch 28, 100 / 625] FPS: 115.1 (117.7)  ,  DataTime: 0.011 (0.006)  ,  ForwardTime: 0.262  ,  TotalTime: 0.278  ,  Loss/total: 2.38085  ,  Loss/giou: 0.56449  ,  Loss/l1: 0.07650  ,  Loss/location: 0.85249  ,  pro_loss: 0.08448  ,  IoU: 0.51233
[train: Epoch 28, 150 / 625] FPS: 115.9 (118.3)  ,  DataTime: 0.009 (0.006)  ,  ForwardTime: 0.262  ,  TotalTime: 0.276  ,  Loss/total: 2.36907  ,  Loss/giou: 0.56232  ,  Loss/l1: 0.07610  ,  Loss/location: 0.84681  ,  pro_loss: 0.08549  ,  IoU: 0.51424
[train: Epoch 28, 200 / 625] FPS: 116.4 (118.1)  ,  DataTime: 0.008 (0.006)  ,  ForwardTime: 0.262  ,  TotalTime: 0.275  ,  Loss/total: 2.36160  ,  Loss/giou: 0.56179  ,  Loss/l1: 0.07569  ,  Loss/location: 0.84211  ,  pro_loss: 0.08729  ,  IoU: 0.51494
[train: Epoch 28, 250 / 625] FPS: 116.6 (118.0)  ,  DataTime: 0.007 (0.006)  ,  ForwardTime: 0.262  ,  TotalTime: 0.274  ,  Loss/total: 2.37091  ,  Loss/giou: 0.56542  ,  Loss/l1: 0.07655  ,  Loss/location: 0.83979  ,  pro_loss: 0.08776  ,  IoU: 0.51365
[train: Epoch 28, 300 / 625] FPS: 116.8 (118.3)  ,  DataTime: 0.007 (0.006)  ,  ForwardTime: 0.262  ,  TotalTime: 0.274  ,  Loss/total: 2.36981  ,  Loss/giou: 0.56518  ,  Loss/l1: 0.07658  ,  Loss/location: 0.83894  ,  pro_loss: 0.08803  ,  IoU: 0.51372
[train: Epoch 28, 350 / 625] FPS: 116.9 (117.7)  ,  DataTime: 0.006 (0.006)  ,  ForwardTime: 0.262  ,  TotalTime: 0.274  ,  Loss/total: 2.37807  ,  Loss/giou: 0.56764  ,  Loss/l1: 0.07709  ,  Loss/location: 0.83976  ,  pro_loss: 0.08789  ,  IoU: 0.51285
[train: Epoch 28, 400 / 625] FPS: 117.0 (116.6)  ,  DataTime: 0.006 (0.006)  ,  ForwardTime: 0.262  ,  TotalTime: 0.273  ,  Loss/total: 2.38222  ,  Loss/giou: 0.56855  ,  Loss/l1: 0.07723  ,  Loss/location: 0.84157  ,  pro_loss: 0.08711  ,  IoU: 0.51175
[train: Epoch 28, 450 / 625] FPS: 117.1 (117.6)  ,  DataTime: 0.006 (0.006)  ,  ForwardTime: 0.262  ,  TotalTime: 0.273  ,  Loss/total: 2.37903  ,  Loss/giou: 0.56764  ,  Loss/l1: 0.07695  ,  Loss/location: 0.84173  ,  pro_loss: 0.08656  ,  IoU: 0.51218
[train: Epoch 28, 500 / 625] FPS: 117.1 (118.0)  ,  DataTime: 0.006 (0.006)  ,  ForwardTime: 0.262  ,  TotalTime: 0.273  ,  Loss/total: 2.36888  ,  Loss/giou: 0.56606  ,  Loss/l1: 0.07658  ,  Loss/location: 0.83656  ,  pro_loss: 0.08657  ,  IoU: 0.51368
[train: Epoch 28, 550 / 625] FPS: 117.2 (117.9)  ,  DataTime: 0.006 (0.006)  ,  ForwardTime: 0.262  ,  TotalTime: 0.273  ,  Loss/total: 2.36933  ,  Loss/giou: 0.56638  ,  Loss/l1: 0.07656  ,  Loss/location: 0.83634  ,  pro_loss: 0.08716  ,  IoU: 0.51332
[train: Epoch 28, 600 / 625] FPS: 117.2 (118.0)  ,  DataTime: 0.006 (0.006)  ,  ForwardTime: 0.262  ,  TotalTime: 0.273  ,  Loss/total: 2.37913  ,  Loss/giou: 0.56814  ,  Loss/l1: 0.07687  ,  Loss/location: 0.84111  ,  pro_loss: 0.08697  ,  IoU: 0.51209
[train: Epoch 28, 625 / 625] FPS: 117.2 (118.6)  ,  DataTime: 0.005 (0.006)  ,  ForwardTime: 0.262  ,  TotalTime: 0.273  ,  Loss/total: 2.37790  ,  Loss/giou: 0.56801  ,  Loss/l1: 0.07688  ,  Loss/location: 0.84005  ,  pro_loss: 0.08712  ,  IoU: 0.51221
[train: Epoch 29, 50 / 625] FPS: 111.9 (118.2)  ,  DataTime: 0.018 (0.006)  ,  ForwardTime: 0.262  ,  TotalTime: 0.286  ,  Loss/total: 2.42474  ,  Loss/giou: 0.57909  ,  Loss/l1: 0.07905  ,  Loss/location: 0.85489  ,  pro_loss: 0.08208  ,  IoU: 0.50581
[train: Epoch 29, 100 / 625] FPS: 114.7 (118.3)  ,  DataTime: 0.011 (0.006)  ,  ForwardTime: 0.262  ,  TotalTime: 0.279  ,  Loss/total: 2.41331  ,  Loss/giou: 0.57650  ,  Loss/l1: 0.07883  ,  Loss/location: 0.84940  ,  pro_loss: 0.08385  ,  IoU: 0.50562
[train: Epoch 29, 150 / 625] FPS: 115.7 (118.5)  ,  DataTime: 0.009 (0.006)  ,  ForwardTime: 0.262  ,  TotalTime: 0.277  ,  Loss/total: 2.43161  ,  Loss/giou: 0.57870  ,  Loss/l1: 0.07879  ,  Loss/location: 0.86310  ,  pro_loss: 0.08570  ,  IoU: 0.50276
[train: Epoch 29, 200 / 625] FPS: 116.2 (117.7)  ,  DataTime: 0.008 (0.006)  ,  ForwardTime: 0.262  ,  TotalTime: 0.275  ,  Loss/total: 2.43240  ,  Loss/giou: 0.58037  ,  Loss/l1: 0.07905  ,  Loss/location: 0.85906  ,  pro_loss: 0.08688  ,  IoU: 0.50095
[train: Epoch 29, 250 / 625] FPS: 116.5 (117.4)  ,  DataTime: 0.007 (0.006)  ,  ForwardTime: 0.262  ,  TotalTime: 0.275  ,  Loss/total: 2.43197  ,  Loss/giou: 0.58056  ,  Loss/l1: 0.07902  ,  Loss/location: 0.85842  ,  pro_loss: 0.08667  ,  IoU: 0.50094
[train: Epoch 29, 300 / 625] FPS: 116.7 (118.1)  ,  DataTime: 0.007 (0.006)  ,  ForwardTime: 0.262  ,  TotalTime: 0.274  ,  Loss/total: 2.41577  ,  Loss/giou: 0.57715  ,  Loss/l1: 0.07852  ,  Loss/location: 0.85128  ,  pro_loss: 0.08802  ,  IoU: 0.50329
[train: Epoch 29, 350 / 625] FPS: 116.9 (117.8)  ,  DataTime: 0.006 (0.006)  ,  ForwardTime: 0.262  ,  TotalTime: 0.274  ,  Loss/total: 2.40982  ,  Loss/giou: 0.57577  ,  Loss/l1: 0.07818  ,  Loss/location: 0.84978  ,  pro_loss: 0.08795  ,  IoU: 0.50472
[train: Epoch 29, 400 / 625] FPS: 117.0 (118.3)  ,  DataTime: 0.006 (0.006)  ,  ForwardTime: 0.262  ,  TotalTime: 0.274  ,  Loss/total: 2.40820  ,  Loss/giou: 0.57496  ,  Loss/l1: 0.07808  ,  Loss/location: 0.85026  ,  pro_loss: 0.08800  ,  IoU: 0.50508
[train: Epoch 29, 450 / 625] FPS: 117.1 (117.5)  ,  DataTime: 0.006 (0.006)  ,  ForwardTime: 0.262  ,  TotalTime: 0.273  ,  Loss/total: 2.39477  ,  Loss/giou: 0.57210  ,  Loss/l1: 0.07758  ,  Loss/location: 0.84514  ,  pro_loss: 0.08757  ,  IoU: 0.50697
[train: Epoch 29, 500 / 625] FPS: 117.1 (118.2)  ,  DataTime: 0.006 (0.006)  ,  ForwardTime: 0.262  ,  TotalTime: 0.273  ,  Loss/total: 2.39957  ,  Loss/giou: 0.57361  ,  Loss/l1: 0.07798  ,  Loss/location: 0.84485  ,  pro_loss: 0.08788  ,  IoU: 0.50620
[train: Epoch 29, 550 / 625] FPS: 117.2 (117.2)  ,  DataTime: 0.006 (0.006)  ,  ForwardTime: 0.262  ,  TotalTime: 0.273  ,  Loss/total: 2.39644  ,  Loss/giou: 0.57317  ,  Loss/l1: 0.07800  ,  Loss/location: 0.84236  ,  pro_loss: 0.08862  ,  IoU: 0.50707
[train: Epoch 29, 600 / 625] FPS: 117.3 (118.1)  ,  DataTime: 0.006 (0.006)  ,  ForwardTime: 0.262  ,  TotalTime: 0.273  ,  Loss/total: 2.39857  ,  Loss/giou: 0.57312  ,  Loss/l1: 0.07817  ,  Loss/location: 0.84386  ,  pro_loss: 0.08808  ,  IoU: 0.50714
[train: Epoch 29, 625 / 625] FPS: 117.3 (118.6)  ,  DataTime: 0.006 (0.006)  ,  ForwardTime: 0.262  ,  TotalTime: 0.273  ,  Loss/total: 2.39931  ,  Loss/giou: 0.57312  ,  Loss/l1: 0.07824  ,  Loss/location: 0.84431  ,  pro_loss: 0.08785  ,  IoU: 0.50711
[train: Epoch 30, 50 / 625] FPS: 112.5 (118.0)  ,  DataTime: 0.017 (0.006)  ,  ForwardTime: 0.261  ,  TotalTime: 0.284  ,  Loss/total: 2.38868  ,  Loss/giou: 0.57607  ,  Loss/l1: 0.07832  ,  Loss/location: 0.82874  ,  pro_loss: 0.08104  ,  IoU: 0.50830
[train: Epoch 30, 100 / 625] FPS: 115.1 (118.0)  ,  DataTime: 0.011 (0.006)  ,  ForwardTime: 0.262  ,  TotalTime: 0.278  ,  Loss/total: 2.39058  ,  Loss/giou: 0.57474  ,  Loss/l1: 0.07756  ,  Loss/location: 0.83671  ,  pro_loss: 0.08302  ,  IoU: 0.50630
[train: Epoch 30, 150 / 625] FPS: 116.0 (118.2)  ,  DataTime: 0.009 (0.006)  ,  ForwardTime: 0.262  ,  TotalTime: 0.276  ,  Loss/total: 2.38130  ,  Loss/giou: 0.57223  ,  Loss/l1: 0.07666  ,  Loss/location: 0.83683  ,  pro_loss: 0.08340  ,  IoU: 0.50798
[train: Epoch 30, 200 / 625] FPS: 116.4 (117.8)  ,  DataTime: 0.008 (0.006)  ,  ForwardTime: 0.262  ,  TotalTime: 0.275  ,  Loss/total: 2.38003  ,  Loss/giou: 0.57090  ,  Loss/l1: 0.07589  ,  Loss/location: 0.84153  ,  pro_loss: 0.08625  ,  IoU: 0.50777
[train: Epoch 30, 250 / 625] FPS: 116.7 (116.5)  ,  DataTime: 0.007 (0.006)  ,  ForwardTime: 0.262  ,  TotalTime: 0.274  ,  Loss/total: 2.37783  ,  Loss/giou: 0.56973  ,  Loss/l1: 0.07608  ,  Loss/location: 0.84082  ,  pro_loss: 0.08571  ,  IoU: 0.50835
[train: Epoch 30, 300 / 625] FPS: 116.9 (118.0)  ,  DataTime: 0.007 (0.006)  ,  ForwardTime: 0.262  ,  TotalTime: 0.274  ,  Loss/total: 2.36942  ,  Loss/giou: 0.56854  ,  Loss/l1: 0.07558  ,  Loss/location: 0.83714  ,  pro_loss: 0.08643  ,  IoU: 0.50939
[train: Epoch 30, 350 / 625] FPS: 117.0 (117.9)  ,  DataTime: 0.006 (0.006)  ,  ForwardTime: 0.262  ,  TotalTime: 0.274  ,  Loss/total: 2.36937  ,  Loss/giou: 0.56783  ,  Loss/l1: 0.07563  ,  Loss/location: 0.83821  ,  pro_loss: 0.08668  ,  IoU: 0.51016
[train: Epoch 30, 400 / 625] FPS: 117.0 (117.7)  ,  DataTime: 0.006 (0.006)  ,  ForwardTime: 0.262  ,  TotalTime: 0.273  ,  Loss/total: 2.37702  ,  Loss/giou: 0.56915  ,  Loss/l1: 0.07608  ,  Loss/location: 0.84102  ,  pro_loss: 0.08642  ,  IoU: 0.50961
[train: Epoch 30, 450 / 625] FPS: 117.1 (118.2)  ,  DataTime: 0.006 (0.006)  ,  ForwardTime: 0.262  ,  TotalTime: 0.273  ,  Loss/total: 2.37306  ,  Loss/giou: 0.56842  ,  Loss/l1: 0.07596  ,  Loss/location: 0.83924  ,  pro_loss: 0.08584  ,  IoU: 0.51053
[train: Epoch 30, 500 / 625] FPS: 117.2 (117.9)  ,  DataTime: 0.006 (0.006)  ,  ForwardTime: 0.262  ,  TotalTime: 0.273  ,  Loss/total: 2.37275  ,  Loss/giou: 0.56837  ,  Loss/l1: 0.07601  ,  Loss/location: 0.83881  ,  pro_loss: 0.08570  ,  IoU: 0.51073
[train: Epoch 30, 550 / 625] FPS: 117.2 (116.7)  ,  DataTime: 0.006 (0.006)  ,  ForwardTime: 0.262  ,  TotalTime: 0.273  ,  Loss/total: 2.37556  ,  Loss/giou: 0.56914  ,  Loss/l1: 0.07638  ,  Loss/location: 0.83834  ,  pro_loss: 0.08526  ,  IoU: 0.51045
[train: Epoch 30, 600 / 625] FPS: 117.2 (117.7)  ,  DataTime: 0.006 (0.006)  ,  ForwardTime: 0.262  ,  TotalTime: 0.273  ,  Loss/total: 2.37231  ,  Loss/giou: 0.56815  ,  Loss/l1: 0.07633  ,  Loss/location: 0.83724  ,  pro_loss: 0.08569  ,  IoU: 0.51094
[train: Epoch 30, 625 / 625] FPS: 117.3 (118.8)  ,  DataTime: 0.006 (0.006)  ,  ForwardTime: 0.262  ,  TotalTime: 0.273  ,  Loss/total: 2.37341  ,  Loss/giou: 0.56840  ,  Loss/l1: 0.07643  ,  Loss/location: 0.83735  ,  pro_loss: 0.08564  ,  IoU: 0.51093
[val: Epoch 30, 50 / 156] FPS: 220.0 (246.4)  ,  DataTime: 0.019 (0.007)  ,  ForwardTime: 0.119  ,  TotalTime: 0.145  ,  Loss/total: 1.00398  ,  Loss/giou: 0.25335  ,  Loss/l1: 0.02073  ,  Loss/location: 0.39364  ,  pro_loss: 0.00000  ,  IoU: 0.76666
[val: Epoch 30, 100 / 156] FPS: 231.4 (243.2)  ,  DataTime: 0.012 (0.007)  ,  ForwardTime: 0.119  ,  TotalTime: 0.138  ,  Loss/total: 0.99677  ,  Loss/giou: 0.25319  ,  Loss/l1: 0.02086  ,  Loss/location: 0.38611  ,  pro_loss: 0.00000  ,  IoU: 0.76738
[val: Epoch 30, 150 / 156] FPS: 235.4 (247.2)  ,  DataTime: 0.009 (0.007)  ,  ForwardTime: 0.119  ,  TotalTime: 0.136  ,  Loss/total: 0.99034  ,  Loss/giou: 0.25236  ,  Loss/l1: 0.02071  ,  Loss/location: 0.38206  ,  pro_loss: 0.00000  ,  IoU: 0.76853
[val: Epoch 30, 156 / 156] FPS: 235.9 (251.7)  ,  DataTime: 0.009 (0.007)  ,  ForwardTime: 0.119  ,  TotalTime: 0.136  ,  Loss/total: 0.98680  ,  Loss/giou: 0.25119  ,  Loss/l1: 0.02059  ,  Loss/location: 0.38148  ,  pro_loss: 0.00000  ,  IoU: 0.76941
[train: Epoch 31, 50 / 625] FPS: 112.5 (118.2)  ,  DataTime: 0.017 (0.006)  ,  ForwardTime: 0.262  ,  TotalTime: 0.284  ,  Loss/total: 2.33146  ,  Loss/giou: 0.55773  ,  Loss/l1: 0.07609  ,  Loss/location: 0.81813  ,  pro_loss: 0.08708  ,  IoU: 0.51665
[train: Epoch 31, 100 / 625] FPS: 115.1 (117.9)  ,  DataTime: 0.011 (0.006)  ,  ForwardTime: 0.262  ,  TotalTime: 0.278  ,  Loss/total: 2.34730  ,  Loss/giou: 0.56270  ,  Loss/l1: 0.07686  ,  Loss/location: 0.82028  ,  pro_loss: 0.08656  ,  IoU: 0.51397
[train: Epoch 31, 150 / 625] FPS: 115.9 (117.8)  ,  DataTime: 0.009 (0.006)  ,  ForwardTime: 0.262  ,  TotalTime: 0.276  ,  Loss/total: 2.33101  ,  Loss/giou: 0.55830  ,  Loss/l1: 0.07612  ,  Loss/location: 0.81670  ,  pro_loss: 0.08549  ,  IoU: 0.51699
[train: Epoch 31, 200 / 625] FPS: 116.4 (117.0)  ,  DataTime: 0.008 (0.006)  ,  ForwardTime: 0.262  ,  TotalTime: 0.275  ,  Loss/total: 2.34087  ,  Loss/giou: 0.56143  ,  Loss/l1: 0.07609  ,  Loss/location: 0.82030  ,  pro_loss: 0.08635  ,  IoU: 0.51441
[train: Epoch 31, 250 / 625] FPS: 116.6 (118.6)  ,  DataTime: 0.007 (0.006)  ,  ForwardTime: 0.262  ,  TotalTime: 0.274  ,  Loss/total: 2.35819  ,  Loss/giou: 0.56495  ,  Loss/l1: 0.07692  ,  Loss/location: 0.82640  ,  pro_loss: 0.08638  ,  IoU: 0.51209
[train: Epoch 31, 300 / 625] FPS: 116.7 (118.1)  ,  DataTime: 0.007 (0.006)  ,  ForwardTime: 0.262  ,  TotalTime: 0.274  ,  Loss/total: 2.36538  ,  Loss/giou: 0.56627  ,  Loss/l1: 0.07695  ,  Loss/location: 0.83075  ,  pro_loss: 0.08671  ,  IoU: 0.51139
[train: Epoch 31, 350 / 625] FPS: 116.9 (117.9)  ,  DataTime: 0.006 (0.006)  ,  ForwardTime: 0.262  ,  TotalTime: 0.274  ,  Loss/total: 2.35929  ,  Loss/giou: 0.56383  ,  Loss/l1: 0.07665  ,  Loss/location: 0.83090  ,  pro_loss: 0.08742  ,  IoU: 0.51342
[train: Epoch 31, 400 / 625] FPS: 117.0 (117.7)  ,  DataTime: 0.006 (0.006)  ,  ForwardTime: 0.262  ,  TotalTime: 0.274  ,  Loss/total: 2.36019  ,  Loss/giou: 0.56444  ,  Loss/l1: 0.07693  ,  Loss/location: 0.82926  ,  pro_loss: 0.08701  ,  IoU: 0.51324
[train: Epoch 31, 450 / 625] FPS: 117.1 (116.5)  ,  DataTime: 0.006 (0.006)  ,  ForwardTime: 0.262  ,  TotalTime: 0.273  ,  Loss/total: 2.36341  ,  Loss/giou: 0.56544  ,  Loss/l1: 0.07699  ,  Loss/location: 0.83008  ,  pro_loss: 0.08743  ,  IoU: 0.51253
[train: Epoch 31, 500 / 625] FPS: 117.1 (118.3)  ,  DataTime: 0.006 (0.006)  ,  ForwardTime: 0.262  ,  TotalTime: 0.273  ,  Loss/total: 2.37150  ,  Loss/giou: 0.56741  ,  Loss/l1: 0.07748  ,  Loss/location: 0.83172  ,  pro_loss: 0.08773  ,  IoU: 0.51144
[train: Epoch 31, 550 / 625] FPS: 117.2 (117.6)  ,  DataTime: 0.006 (0.006)  ,  ForwardTime: 0.262  ,  TotalTime: 0.273  ,  Loss/total: 2.36982  ,  Loss/giou: 0.56659  ,  Loss/l1: 0.07724  ,  Loss/location: 0.83297  ,  pro_loss: 0.08735  ,  IoU: 0.51166
[train: Epoch 31, 600 / 625] FPS: 117.2 (117.6)  ,  DataTime: 0.006 (0.006)  ,  ForwardTime: 0.262  ,  TotalTime: 0.273  ,  Loss/total: 2.37015  ,  Loss/giou: 0.56667  ,  Loss/l1: 0.07712  ,  Loss/location: 0.83380  ,  pro_loss: 0.08707  ,  IoU: 0.51199
[train: Epoch 31, 625 / 625] FPS: 117.2 (118.8)  ,  DataTime: 0.006 (0.006)  ,  ForwardTime: 0.262  ,  TotalTime: 0.273  ,  Loss/total: 2.36713  ,  Loss/giou: 0.56608  ,  Loss/l1: 0.07706  ,  Loss/location: 0.83227  ,  pro_loss: 0.08697  ,  IoU: 0.51259
[train: Epoch 32, 50 / 625] FPS: 112.0 (118.0)  ,  DataTime: 0.018 (0.006)  ,  ForwardTime: 0.262  ,  TotalTime: 0.286  ,  Loss/total: 2.39091  ,  Loss/giou: 0.56895  ,  Loss/l1: 0.07817  ,  Loss/location: 0.84493  ,  pro_loss: 0.08604  ,  IoU: 0.50818
[train: Epoch 32, 100 / 625] FPS: 114.8 (118.3)  ,  DataTime: 0.011 (0.006)  ,  ForwardTime: 0.262  ,  TotalTime: 0.279  ,  Loss/total: 2.32676  ,  Loss/giou: 0.55596  ,  Loss/l1: 0.07491  ,  Loss/location: 0.82299  ,  pro_loss: 0.08635  ,  IoU: 0.51959
[train: Epoch 32, 150 / 625] FPS: 115.8 (117.9)  ,  DataTime: 0.009 (0.006)  ,  ForwardTime: 0.262  ,  TotalTime: 0.276  ,  Loss/total: 2.33703  ,  Loss/giou: 0.55935  ,  Loss/l1: 0.07530  ,  Loss/location: 0.82445  ,  pro_loss: 0.08688  ,  IoU: 0.51860
[train: Epoch 32, 200 / 625] FPS: 116.3 (118.5)  ,  DataTime: 0.008 (0.006)  ,  ForwardTime: 0.262  ,  TotalTime: 0.275  ,  Loss/total: 2.32523  ,  Loss/giou: 0.55635  ,  Loss/l1: 0.07459  ,  Loss/location: 0.82214  ,  pro_loss: 0.08714  ,  IoU: 0.52030
[train: Epoch 32, 250 / 625] FPS: 116.6 (117.7)  ,  DataTime: 0.007 (0.006)  ,  ForwardTime: 0.262  ,  TotalTime: 0.274  ,  Loss/total: 2.32747  ,  Loss/giou: 0.55686  ,  Loss/l1: 0.07452  ,  Loss/location: 0.82389  ,  pro_loss: 0.08625  ,  IoU: 0.51978
[train: Epoch 32, 300 / 625] FPS: 116.8 (117.6)  ,  DataTime: 0.007 (0.006)  ,  ForwardTime: 0.262  ,  TotalTime: 0.274  ,  Loss/total: 2.31807  ,  Loss/giou: 0.55455  ,  Loss/l1: 0.07403  ,  Loss/location: 0.82132  ,  pro_loss: 0.08750  ,  IoU: 0.52120
[train: Epoch 32, 350 / 625] FPS: 116.9 (118.1)  ,  DataTime: 0.006 (0.006)  ,  ForwardTime: 0.262  ,  TotalTime: 0.274  ,  Loss/total: 2.32559  ,  Loss/giou: 0.55694  ,  Loss/l1: 0.07430  ,  Loss/location: 0.82285  ,  pro_loss: 0.08693  ,  IoU: 0.51923
[train: Epoch 32, 400 / 625] FPS: 117.0 (117.7)  ,  DataTime: 0.006 (0.006)  ,  ForwardTime: 0.262  ,  TotalTime: 0.274  ,  Loss/total: 2.32778  ,  Loss/giou: 0.55713  ,  Loss/l1: 0.07438  ,  Loss/location: 0.82430  ,  pro_loss: 0.08651  ,  IoU: 0.51899
[train: Epoch 32, 450 / 625] FPS: 117.0 (118.0)  ,  DataTime: 0.006 (0.006)  ,  ForwardTime: 0.262  ,  TotalTime: 0.273  ,  Loss/total: 2.32334  ,  Loss/giou: 0.55579  ,  Loss/l1: 0.07397  ,  Loss/location: 0.82461  ,  pro_loss: 0.08657  ,  IoU: 0.51985
[train: Epoch 32, 500 / 625] FPS: 117.1 (117.2)  ,  DataTime: 0.006 (0.006)  ,  ForwardTime: 0.262  ,  TotalTime: 0.273  ,  Loss/total: 2.33047  ,  Loss/giou: 0.55706  ,  Loss/l1: 0.07420  ,  Loss/location: 0.82808  ,  pro_loss: 0.08638  ,  IoU: 0.51867
[train: Epoch 32, 550 / 625] FPS: 117.2 (117.5)  ,  DataTime: 0.006 (0.006)  ,  ForwardTime: 0.262  ,  TotalTime: 0.273  ,  Loss/total: 2.33671  ,  Loss/giou: 0.55880  ,  Loss/l1: 0.07460  ,  Loss/location: 0.82890  ,  pro_loss: 0.08596  ,  IoU: 0.51753
[train: Epoch 32, 600 / 625] FPS: 117.2 (117.9)  ,  DataTime: 0.006 (0.006)  ,  ForwardTime: 0.262  ,  TotalTime: 0.273  ,  Loss/total: 2.33558  ,  Loss/giou: 0.55851  ,  Loss/l1: 0.07447  ,  Loss/location: 0.82903  ,  pro_loss: 0.08588  ,  IoU: 0.51772
[train: Epoch 32, 625 / 625] FPS: 117.2 (118.5)  ,  DataTime: 0.006 (0.006)  ,  ForwardTime: 0.262  ,  TotalTime: 0.273  ,  Loss/total: 2.33978  ,  Loss/giou: 0.55956  ,  Loss/l1: 0.07468  ,  Loss/location: 0.83008  ,  pro_loss: 0.08585  ,  IoU: 0.51708
[train: Epoch 33, 50 / 625] FPS: 112.1 (117.7)  ,  DataTime: 0.018 (0.006)  ,  ForwardTime: 0.262  ,  TotalTime: 0.285  ,  Loss/total: 2.32520  ,  Loss/giou: 0.55916  ,  Loss/l1: 0.07270  ,  Loss/location: 0.82434  ,  pro_loss: 0.09521  ,  IoU: 0.51990
[train: Epoch 33, 100 / 625] FPS: 114.9 (117.9)  ,  DataTime: 0.011 (0.006)  ,  ForwardTime: 0.262  ,  TotalTime: 0.279  ,  Loss/total: 2.31423  ,  Loss/giou: 0.55481  ,  Loss/l1: 0.07317  ,  Loss/location: 0.82033  ,  pro_loss: 0.09208  ,  IoU: 0.52355
[train: Epoch 33, 150 / 625] FPS: 115.9 (117.9)  ,  DataTime: 0.009 (0.006)  ,  ForwardTime: 0.262  ,  TotalTime: 0.276  ,  Loss/total: 2.32528  ,  Loss/giou: 0.55758  ,  Loss/l1: 0.07428  ,  Loss/location: 0.82047  ,  pro_loss: 0.09118  ,  IoU: 0.52270
[train: Epoch 33, 200 / 625] FPS: 116.4 (117.4)  ,  DataTime: 0.008 (0.006)  ,  ForwardTime: 0.262  ,  TotalTime: 0.275  ,  Loss/total: 2.32959  ,  Loss/giou: 0.55819  ,  Loss/l1: 0.07440  ,  Loss/location: 0.82292  ,  pro_loss: 0.09135  ,  IoU: 0.52107
[train: Epoch 33, 250 / 625] FPS: 116.7 (117.6)  ,  DataTime: 0.007 (0.006)  ,  ForwardTime: 0.262  ,  TotalTime: 0.274  ,  Loss/total: 2.35188  ,  Loss/giou: 0.56197  ,  Loss/l1: 0.07599  ,  Loss/location: 0.82979  ,  pro_loss: 0.09104  ,  IoU: 0.51837
[train: Epoch 33, 300 / 625] FPS: 116.9 (117.7)  ,  DataTime: 0.007 (0.006)  ,  ForwardTime: 0.262  ,  TotalTime: 0.274  ,  Loss/total: 2.35540  ,  Loss/giou: 0.56252  ,  Loss/l1: 0.07614  ,  Loss/location: 0.83133  ,  pro_loss: 0.09167  ,  IoU: 0.51779
[train: Epoch 33, 350 / 625] FPS: 117.0 (118.3)  ,  DataTime: 0.006 (0.006)  ,  ForwardTime: 0.262  ,  TotalTime: 0.273  ,  Loss/total: 2.35455  ,  Loss/giou: 0.56259  ,  Loss/l1: 0.07611  ,  Loss/location: 0.83058  ,  pro_loss: 0.09116  ,  IoU: 0.51741
[train: Epoch 33, 400 / 625] FPS: 117.1 (117.7)  ,  DataTime: 0.006 (0.006)  ,  ForwardTime: 0.262  ,  TotalTime: 0.273  ,  Loss/total: 2.36070  ,  Loss/giou: 0.56436  ,  Loss/l1: 0.07663  ,  Loss/location: 0.83075  ,  pro_loss: 0.09047  ,  IoU: 0.51621
[train: Epoch 33, 450 / 625] FPS: 117.2 (116.0)  ,  DataTime: 0.006 (0.006)  ,  ForwardTime: 0.262  ,  TotalTime: 0.273  ,  Loss/total: 2.36072  ,  Loss/giou: 0.56419  ,  Loss/l1: 0.07653  ,  Loss/location: 0.83164  ,  pro_loss: 0.09014  ,  IoU: 0.51591
[train: Epoch 33, 500 / 625] FPS: 117.2 (118.1)  ,  DataTime: 0.006 (0.006)  ,  ForwardTime: 0.262  ,  TotalTime: 0.273  ,  Loss/total: 2.35652  ,  Loss/giou: 0.56402  ,  Loss/l1: 0.07637  ,  Loss/location: 0.82864  ,  pro_loss: 0.08979  ,  IoU: 0.51588
[train: Epoch 33, 550 / 625] FPS: 117.3 (117.9)  ,  DataTime: 0.006 (0.006)  ,  ForwardTime: 0.262  ,  TotalTime: 0.273  ,  Loss/total: 2.35342  ,  Loss/giou: 0.56366  ,  Loss/l1: 0.07625  ,  Loss/location: 0.82689  ,  pro_loss: 0.08975  ,  IoU: 0.51606
[train: Epoch 33, 600 / 625] FPS: 117.3 (117.1)  ,  DataTime: 0.006 (0.006)  ,  ForwardTime: 0.262  ,  TotalTime: 0.273  ,  Loss/total: 2.35247  ,  Loss/giou: 0.56373  ,  Loss/l1: 0.07615  ,  Loss/location: 0.82644  ,  pro_loss: 0.08925  ,  IoU: 0.51618
[train: Epoch 33, 625 / 625] FPS: 117.3 (118.9)  ,  DataTime: 0.005 (0.006)  ,  ForwardTime: 0.262  ,  TotalTime: 0.273  ,  Loss/total: 2.35280  ,  Loss/giou: 0.56398  ,  Loss/l1: 0.07624  ,  Loss/location: 0.82573  ,  pro_loss: 0.08955  ,  IoU: 0.51618
[train: Epoch 34, 50 / 625] FPS: 112.7 (117.8)  ,  DataTime: 0.017 (0.006)  ,  ForwardTime: 0.261  ,  TotalTime: 0.284  ,  Loss/total: 2.30968  ,  Loss/giou: 0.55316  ,  Loss/l1: 0.07293  ,  Loss/location: 0.82071  ,  pro_loss: 0.09000  ,  IoU: 0.52363
[train: Epoch 34, 100 / 625] FPS: 115.3 (117.5)  ,  DataTime: 0.011 (0.006)  ,  ForwardTime: 0.261  ,  TotalTime: 0.278  ,  Loss/total: 2.33952  ,  Loss/giou: 0.55656  ,  Loss/l1: 0.07446  ,  Loss/location: 0.83603  ,  pro_loss: 0.09021  ,  IoU: 0.52051
[train: Epoch 34, 150 / 625] FPS: 116.1 (117.3)  ,  DataTime: 0.009 (0.006)  ,  ForwardTime: 0.261  ,  TotalTime: 0.276  ,  Loss/total: 2.34019  ,  Loss/giou: 0.55776  ,  Loss/l1: 0.07414  ,  Loss/location: 0.83609  ,  pro_loss: 0.08944  ,  IoU: 0.51860
[train: Epoch 34, 200 / 625] FPS: 116.5 (117.8)  ,  DataTime: 0.008 (0.006)  ,  ForwardTime: 0.261  ,  TotalTime: 0.275  ,  Loss/total: 2.34798  ,  Loss/giou: 0.56124  ,  Loss/l1: 0.07494  ,  Loss/location: 0.83313  ,  pro_loss: 0.08818  ,  IoU: 0.51669
[train: Epoch 34, 250 / 625] FPS: 116.7 (118.0)  ,  DataTime: 0.007 (0.006)  ,  ForwardTime: 0.262  ,  TotalTime: 0.274  ,  Loss/total: 2.33264  ,  Loss/giou: 0.55728  ,  Loss/l1: 0.07416  ,  Loss/location: 0.82985  ,  pro_loss: 0.08704  ,  IoU: 0.51902
[train: Epoch 34, 300 / 625] FPS: 116.9 (118.1)  ,  DataTime: 0.006 (0.006)  ,  ForwardTime: 0.262  ,  TotalTime: 0.274  ,  Loss/total: 2.34517  ,  Loss/giou: 0.55979  ,  Loss/l1: 0.07494  ,  Loss/location: 0.83359  ,  pro_loss: 0.08653  ,  IoU: 0.51683
[train: Epoch 34, 350 / 625] FPS: 117.1 (118.0)  ,  DataTime: 0.006 (0.006)  ,  ForwardTime: 0.262  ,  TotalTime: 0.273  ,  Loss/total: 2.34091  ,  Loss/giou: 0.55903  ,  Loss/l1: 0.07491  ,  Loss/location: 0.83127  ,  pro_loss: 0.08518  ,  IoU: 0.51802
[train: Epoch 34, 400 / 625] FPS: 117.2 (117.4)  ,  DataTime: 0.006 (0.006)  ,  ForwardTime: 0.262  ,  TotalTime: 0.273  ,  Loss/total: 2.33696  ,  Loss/giou: 0.55833  ,  Loss/l1: 0.07474  ,  Loss/location: 0.82946  ,  pro_loss: 0.08576  ,  IoU: 0.51897
[train: Epoch 34, 450 / 625] FPS: 117.2 (118.0)  ,  DataTime: 0.006 (0.006)  ,  ForwardTime: 0.262  ,  TotalTime: 0.273  ,  Loss/total: 2.32812  ,  Loss/giou: 0.55626  ,  Loss/l1: 0.07451  ,  Loss/location: 0.82570  ,  pro_loss: 0.08664  ,  IoU: 0.52052
[train: Epoch 34, 500 / 625] FPS: 117.3 (118.0)  ,  DataTime: 0.006 (0.006)  ,  ForwardTime: 0.262  ,  TotalTime: 0.273  ,  Loss/total: 2.33259  ,  Loss/giou: 0.55717  ,  Loss/l1: 0.07497  ,  Loss/location: 0.82592  ,  pro_loss: 0.08756  ,  IoU: 0.51990
[train: Epoch 34, 550 / 625] FPS: 117.3 (116.9)  ,  DataTime: 0.006 (0.006)  ,  ForwardTime: 0.262  ,  TotalTime: 0.273  ,  Loss/total: 2.32764  ,  Loss/giou: 0.55576  ,  Loss/l1: 0.07462  ,  Loss/location: 0.82556  ,  pro_loss: 0.08718  ,  IoU: 0.52031
[train: Epoch 34, 600 / 625] FPS: 117.3 (117.8)  ,  DataTime: 0.005 (0.006)  ,  ForwardTime: 0.262  ,  TotalTime: 0.273  ,  Loss/total: 2.33132  ,  Loss/giou: 0.55690  ,  Loss/l1: 0.07481  ,  Loss/location: 0.82590  ,  pro_loss: 0.08787  ,  IoU: 0.51934
[train: Epoch 34, 625 / 625] FPS: 117.4 (118.5)  ,  DataTime: 0.005 (0.006)  ,  ForwardTime: 0.262  ,  TotalTime: 0.273  ,  Loss/total: 2.33195  ,  Loss/giou: 0.55703  ,  Loss/l1: 0.07473  ,  Loss/location: 0.82666  ,  pro_loss: 0.08780  ,  IoU: 0.51926
[train: Epoch 35, 50 / 625] FPS: 112.2 (118.0)  ,  DataTime: 0.018 (0.006)  ,  ForwardTime: 0.262  ,  TotalTime: 0.285  ,  Loss/total: 2.25637  ,  Loss/giou: 0.54180  ,  Loss/l1: 0.07217  ,  Loss/location: 0.79368  ,  pro_loss: 0.09125  ,  IoU: 0.53204
[train: Epoch 35, 100 / 625] FPS: 115.0 (117.8)  ,  DataTime: 0.011 (0.006)  ,  ForwardTime: 0.262  ,  TotalTime: 0.278  ,  Loss/total: 2.28871  ,  Loss/giou: 0.55047  ,  Loss/l1: 0.07328  ,  Loss/location: 0.80322  ,  pro_loss: 0.09063  ,  IoU: 0.52534
[train: Epoch 35, 150 / 625] FPS: 115.9 (117.9)  ,  DataTime: 0.009 (0.005)  ,  ForwardTime: 0.262  ,  TotalTime: 0.276  ,  Loss/total: 2.28831  ,  Loss/giou: 0.55010  ,  Loss/l1: 0.07222  ,  Loss/location: 0.80877  ,  pro_loss: 0.09111  ,  IoU: 0.52454
[train: Epoch 35, 200 / 625] FPS: 116.3 (117.6)  ,  DataTime: 0.008 (0.006)  ,  ForwardTime: 0.262  ,  TotalTime: 0.275  ,  Loss/total: 2.28886  ,  Loss/giou: 0.55234  ,  Loss/l1: 0.07209  ,  Loss/location: 0.80591  ,  pro_loss: 0.08922  ,  IoU: 0.52327
[train: Epoch 35, 250 / 625] FPS: 116.6 (117.3)  ,  DataTime: 0.007 (0.006)  ,  ForwardTime: 0.262  ,  TotalTime: 0.275  ,  Loss/total: 2.30791  ,  Loss/giou: 0.55634  ,  Loss/l1: 0.07362  ,  Loss/location: 0.80927  ,  pro_loss: 0.08942  ,  IoU: 0.52066
[train: Epoch 35, 300 / 625] FPS: 116.8 (117.9)  ,  DataTime: 0.007 (0.006)  ,  ForwardTime: 0.262  ,  TotalTime: 0.274  ,  Loss/total: 2.30774  ,  Loss/giou: 0.55529  ,  Loss/l1: 0.07383  ,  Loss/location: 0.81022  ,  pro_loss: 0.08899  ,  IoU: 0.52120
[train: Epoch 35, 350 / 625] FPS: 116.9 (117.9)  ,  DataTime: 0.006 (0.006)  ,  ForwardTime: 0.262  ,  TotalTime: 0.274  ,  Loss/total: 2.32086  ,  Loss/giou: 0.55847  ,  Loss/l1: 0.07426  ,  Loss/location: 0.81475  ,  pro_loss: 0.08938  ,  IoU: 0.51896
[train: Epoch 35, 400 / 625] FPS: 117.0 (117.8)  ,  DataTime: 0.006 (0.006)  ,  ForwardTime: 0.262  ,  TotalTime: 0.274  ,  Loss/total: 2.31388  ,  Loss/giou: 0.55656  ,  Loss/l1: 0.07390  ,  Loss/location: 0.81343  ,  pro_loss: 0.08922  ,  IoU: 0.52049
[train: Epoch 35, 450 / 625] FPS: 117.0 (117.7)  ,  DataTime: 0.006 (0.006)  ,  ForwardTime: 0.262  ,  TotalTime: 0.273  ,  Loss/total: 2.30888  ,  Loss/giou: 0.55452  ,  Loss/l1: 0.07378  ,  Loss/location: 0.81319  ,  pro_loss: 0.08882  ,  IoU: 0.52137
[train: Epoch 35, 500 / 625] FPS: 117.1 (118.1)  ,  DataTime: 0.006 (0.006)  ,  ForwardTime: 0.262  ,  TotalTime: 0.273  ,  Loss/total: 2.30708  ,  Loss/giou: 0.55393  ,  Loss/l1: 0.07354  ,  Loss/location: 0.81369  ,  pro_loss: 0.08929  ,  IoU: 0.52185
[train: Epoch 35, 550 / 625] FPS: 117.1 (116.8)  ,  DataTime: 0.006 (0.006)  ,  ForwardTime: 0.262  ,  TotalTime: 0.273  ,  Loss/total: 2.31017  ,  Loss/giou: 0.55472  ,  Loss/l1: 0.07366  ,  Loss/location: 0.81458  ,  pro_loss: 0.08915  ,  IoU: 0.52150
[train: Epoch 35, 600 / 625] FPS: 117.2 (117.9)  ,  DataTime: 0.006 (0.006)  ,  ForwardTime: 0.262  ,  TotalTime: 0.273  ,  Loss/total: 2.30882  ,  Loss/giou: 0.55480  ,  Loss/l1: 0.07344  ,  Loss/location: 0.81420  ,  pro_loss: 0.08918  ,  IoU: 0.52139
[train: Epoch 35, 625 / 625] FPS: 117.2 (118.8)  ,  DataTime: 0.006 (0.006)  ,  ForwardTime: 0.262  ,  TotalTime: 0.273  ,  Loss/total: 2.30871  ,  Loss/giou: 0.55483  ,  Loss/l1: 0.07338  ,  Loss/location: 0.81434  ,  pro_loss: 0.08897  ,  IoU: 0.52119
[val: Epoch 35, 50 / 156] FPS: 219.3 (250.3)  ,  DataTime: 0.019 (0.007)  ,  ForwardTime: 0.119  ,  TotalTime: 0.146  ,  Loss/total: 0.88699  ,  Loss/giou: 0.22899  ,  Loss/l1: 0.01830  ,  Loss/location: 0.33750  ,  pro_loss: 0.00000  ,  IoU: 0.78826
[val: Epoch 35, 100 / 156] FPS: 231.4 (247.9)  ,  DataTime: 0.012 (0.007)  ,  ForwardTime: 0.119  ,  TotalTime: 0.138  ,  Loss/total: 0.91358  ,  Loss/giou: 0.23398  ,  Loss/l1: 0.01931  ,  Loss/location: 0.34910  ,  pro_loss: 0.00000  ,  IoU: 0.78502
[val: Epoch 35, 150 / 156] FPS: 235.6 (241.8)  ,  DataTime: 0.009 (0.007)  ,  ForwardTime: 0.119  ,  TotalTime: 0.136  ,  Loss/total: 0.91333  ,  Loss/giou: 0.23218  ,  Loss/l1: 0.01885  ,  Loss/location: 0.35470  ,  pro_loss: 0.00000  ,  IoU: 0.78582
[val: Epoch 35, 156 / 156] FPS: 236.2 (249.7)  ,  DataTime: 0.009 (0.007)  ,  ForwardTime: 0.119  ,  TotalTime: 0.136  ,  Loss/total: 0.91027  ,  Loss/giou: 0.23211  ,  Loss/l1: 0.01885  ,  Loss/location: 0.35181  ,  pro_loss: 0.00000  ,  IoU: 0.78593
[train: Epoch 36, 50 / 625] FPS: 111.9 (117.9)  ,  DataTime: 0.019 (0.006)  ,  ForwardTime: 0.261  ,  TotalTime: 0.286  ,  Loss/total: 2.30685  ,  Loss/giou: 0.55550  ,  Loss/l1: 0.07410  ,  Loss/location: 0.80780  ,  pro_loss: 0.08771  ,  IoU: 0.52256
[train: Epoch 36, 100 / 625] FPS: 114.8 (117.8)  ,  DataTime: 0.012 (0.006)  ,  ForwardTime: 0.262  ,  TotalTime: 0.279  ,  Loss/total: 2.24927  ,  Loss/giou: 0.53967  ,  Loss/l1: 0.07072  ,  Loss/location: 0.79805  ,  pro_loss: 0.09146  ,  IoU: 0.53448
[train: Epoch 36, 150 / 625] FPS: 115.8 (117.6)  ,  DataTime: 0.009 (0.006)  ,  ForwardTime: 0.262  ,  TotalTime: 0.276  ,  Loss/total: 2.27767  ,  Loss/giou: 0.54755  ,  Loss/l1: 0.07205  ,  Loss/location: 0.80404  ,  pro_loss: 0.09139  ,  IoU: 0.53000
[train: Epoch 36, 200 / 625] FPS: 116.2 (117.7)  ,  DataTime: 0.008 (0.006)  ,  ForwardTime: 0.262  ,  TotalTime: 0.275  ,  Loss/total: 2.29875  ,  Loss/giou: 0.55183  ,  Loss/l1: 0.07283  ,  Loss/location: 0.81272  ,  pro_loss: 0.09099  ,  IoU: 0.52653
[train: Epoch 36, 250 / 625] FPS: 116.5 (117.6)  ,  DataTime: 0.007 (0.006)  ,  ForwardTime: 0.262  ,  TotalTime: 0.275  ,  Loss/total: 2.30464  ,  Loss/giou: 0.55231  ,  Loss/l1: 0.07304  ,  Loss/location: 0.81678  ,  pro_loss: 0.09017  ,  IoU: 0.52616
[train: Epoch 36, 300 / 625] FPS: 116.7 (118.4)  ,  DataTime: 0.007 (0.006)  ,  ForwardTime: 0.262  ,  TotalTime: 0.274  ,  Loss/total: 2.32138  ,  Loss/giou: 0.55612  ,  Loss/l1: 0.07358  ,  Loss/location: 0.82314  ,  pro_loss: 0.09042  ,  IoU: 0.52315
[train: Epoch 36, 350 / 625] FPS: 116.9 (117.9)  ,  DataTime: 0.006 (0.006)  ,  ForwardTime: 0.262  ,  TotalTime: 0.274  ,  Loss/total: 2.32297  ,  Loss/giou: 0.55640  ,  Loss/l1: 0.07364  ,  Loss/location: 0.82399  ,  pro_loss: 0.08985  ,  IoU: 0.52344
[train: Epoch 36, 400 / 625] FPS: 117.0 (117.4)  ,  DataTime: 0.006 (0.006)  ,  ForwardTime: 0.262  ,  TotalTime: 0.274  ,  Loss/total: 2.32615  ,  Loss/giou: 0.55724  ,  Loss/l1: 0.07394  ,  Loss/location: 0.82402  ,  pro_loss: 0.08979  ,  IoU: 0.52285
[train: Epoch 36, 450 / 625] FPS: 117.0 (117.5)  ,  DataTime: 0.006 (0.006)  ,  ForwardTime: 0.262  ,  TotalTime: 0.273  ,  Loss/total: 2.32576  ,  Loss/giou: 0.55782  ,  Loss/l1: 0.07400  ,  Loss/location: 0.82209  ,  pro_loss: 0.09014  ,  IoU: 0.52248
[train: Epoch 36, 500 / 625] FPS: 117.1 (117.7)  ,  DataTime: 0.006 (0.006)  ,  ForwardTime: 0.262  ,  TotalTime: 0.273  ,  Loss/total: 2.32915  ,  Loss/giou: 0.55875  ,  Loss/l1: 0.07430  ,  Loss/location: 0.82218  ,  pro_loss: 0.08992  ,  IoU: 0.52154
[train: Epoch 36, 550 / 625] FPS: 117.2 (118.1)  ,  DataTime: 0.006 (0.006)  ,  ForwardTime: 0.262  ,  TotalTime: 0.273  ,  Loss/total: 2.33345  ,  Loss/giou: 0.55959  ,  Loss/l1: 0.07439  ,  Loss/location: 0.82449  ,  pro_loss: 0.08911  ,  IoU: 0.52038
[train: Epoch 36, 600 / 625] FPS: 117.2 (117.7)  ,  DataTime: 0.006 (0.006)  ,  ForwardTime: 0.262  ,  TotalTime: 0.273  ,  Loss/total: 2.33225  ,  Loss/giou: 0.55939  ,  Loss/l1: 0.07435  ,  Loss/location: 0.82397  ,  pro_loss: 0.08889  ,  IoU: 0.52026
[train: Epoch 36, 625 / 625] FPS: 117.3 (119.2)  ,  DataTime: 0.006 (0.006)  ,  ForwardTime: 0.262  ,  TotalTime: 0.273  ,  Loss/total: 2.33300  ,  Loss/giou: 0.55943  ,  Loss/l1: 0.07439  ,  Loss/location: 0.82447  ,  pro_loss: 0.08872  ,  IoU: 0.52007
[train: Epoch 37, 50 / 625] FPS: 112.6 (118.1)  ,  DataTime: 0.017 (0.006)  ,  ForwardTime: 0.261  ,  TotalTime: 0.284  ,  Loss/total: 2.33170  ,  Loss/giou: 0.55985  ,  Loss/l1: 0.07444  ,  Loss/location: 0.82182  ,  pro_loss: 0.08979  ,  IoU: 0.52187
[train: Epoch 37, 100 / 625] FPS: 115.2 (117.6)  ,  DataTime: 0.011 (0.006)  ,  ForwardTime: 0.261  ,  TotalTime: 0.278  ,  Loss/total: 2.30948  ,  Loss/giou: 0.55379  ,  Loss/l1: 0.07326  ,  Loss/location: 0.81861  ,  pro_loss: 0.08500  ,  IoU: 0.52458
[train: Epoch 37, 150 / 625] FPS: 116.0 (117.8)  ,  DataTime: 0.009 (0.006)  ,  ForwardTime: 0.262  ,  TotalTime: 0.276  ,  Loss/total: 2.33584  ,  Loss/giou: 0.55934  ,  Loss/l1: 0.07412  ,  Loss/location: 0.82961  ,  pro_loss: 0.08465  ,  IoU: 0.51933
[train: Epoch 37, 200 / 625] FPS: 116.4 (117.9)  ,  DataTime: 0.008 (0.006)  ,  ForwardTime: 0.262  ,  TotalTime: 0.275  ,  Loss/total: 2.32468  ,  Loss/giou: 0.55662  ,  Loss/l1: 0.07382  ,  Loss/location: 0.82520  ,  pro_loss: 0.08589  ,  IoU: 0.52063
[train: Epoch 37, 250 / 625] FPS: 116.7 (118.0)  ,  DataTime: 0.007 (0.006)  ,  ForwardTime: 0.262  ,  TotalTime: 0.274  ,  Loss/total: 2.31357  ,  Loss/giou: 0.55484  ,  Loss/l1: 0.07360  ,  Loss/location: 0.81884  ,  pro_loss: 0.08521  ,  IoU: 0.52201
[train: Epoch 37, 300 / 625] FPS: 116.8 (118.3)  ,  DataTime: 0.007 (0.006)  ,  ForwardTime: 0.262  ,  TotalTime: 0.274  ,  Loss/total: 2.30606  ,  Loss/giou: 0.55361  ,  Loss/l1: 0.07342  ,  Loss/location: 0.81474  ,  pro_loss: 0.08507  ,  IoU: 0.52333
[train: Epoch 37, 350 / 625] FPS: 116.9 (117.5)  ,  DataTime: 0.006 (0.006)  ,  ForwardTime: 0.262  ,  TotalTime: 0.274  ,  Loss/total: 2.31895  ,  Loss/giou: 0.55638  ,  Loss/l1: 0.07434  ,  Loss/location: 0.81744  ,  pro_loss: 0.08527  ,  IoU: 0.52118
[train: Epoch 37, 400 / 625] FPS: 117.0 (117.8)  ,  DataTime: 0.006 (0.006)  ,  ForwardTime: 0.262  ,  TotalTime: 0.273  ,  Loss/total: 2.31735  ,  Loss/giou: 0.55584  ,  Loss/l1: 0.07432  ,  Loss/location: 0.81689  ,  pro_loss: 0.08583  ,  IoU: 0.52154
[train: Epoch 37, 450 / 625] FPS: 117.1 (118.0)  ,  DataTime: 0.006 (0.006)  ,  ForwardTime: 0.262  ,  TotalTime: 0.273  ,  Loss/total: 2.32172  ,  Loss/giou: 0.55648  ,  Loss/l1: 0.07449  ,  Loss/location: 0.81909  ,  pro_loss: 0.08616  ,  IoU: 0.52075
[train: Epoch 37, 500 / 625] FPS: 117.2 (118.0)  ,  DataTime: 0.006 (0.006)  ,  ForwardTime: 0.262  ,  TotalTime: 0.273  ,  Loss/total: 2.31888  ,  Loss/giou: 0.55562  ,  Loss/l1: 0.07438  ,  Loss/location: 0.81853  ,  pro_loss: 0.08621  ,  IoU: 0.52184
[train: Epoch 37, 550 / 625] FPS: 117.2 (117.8)  ,  DataTime: 0.006 (0.006)  ,  ForwardTime: 0.262  ,  TotalTime: 0.273  ,  Loss/total: 2.31528  ,  Loss/giou: 0.55505  ,  Loss/l1: 0.07407  ,  Loss/location: 0.81763  ,  pro_loss: 0.08599  ,  IoU: 0.52218
[train: Epoch 37, 600 / 625] FPS: 117.3 (118.0)  ,  DataTime: 0.006 (0.006)  ,  ForwardTime: 0.262  ,  TotalTime: 0.273  ,  Loss/total: 2.30751  ,  Loss/giou: 0.55350  ,  Loss/l1: 0.07373  ,  Loss/location: 0.81455  ,  pro_loss: 0.08644  ,  IoU: 0.52355
[train: Epoch 37, 625 / 625] FPS: 117.3 (118.4)  ,  DataTime: 0.005 (0.006)  ,  ForwardTime: 0.262  ,  TotalTime: 0.273  ,  Loss/total: 2.30915  ,  Loss/giou: 0.55405  ,  Loss/l1: 0.07383  ,  Loss/location: 0.81460  ,  pro_loss: 0.08657  ,  IoU: 0.52335
[train: Epoch 38, 50 / 625] FPS: 112.3 (117.8)  ,  DataTime: 0.018 (0.006)  ,  ForwardTime: 0.262  ,  TotalTime: 0.285  ,  Loss/total: 2.33481  ,  Loss/giou: 0.56168  ,  Loss/l1: 0.07587  ,  Loss/location: 0.81313  ,  pro_loss: 0.09479  ,  IoU: 0.51850
[train: Epoch 38, 100 / 625] FPS: 115.0 (118.1)  ,  DataTime: 0.011 (0.006)  ,  ForwardTime: 0.262  ,  TotalTime: 0.278  ,  Loss/total: 2.31941  ,  Loss/giou: 0.55538  ,  Loss/l1: 0.07496  ,  Loss/location: 0.81542  ,  pro_loss: 0.09219  ,  IoU: 0.51944
[train: Epoch 38, 150 / 625] FPS: 116.0 (117.9)  ,  DataTime: 0.009 (0.006)  ,  ForwardTime: 0.262  ,  TotalTime: 0.276  ,  Loss/total: 2.29929  ,  Loss/giou: 0.55165  ,  Loss/l1: 0.07331  ,  Loss/location: 0.81096  ,  pro_loss: 0.09243  ,  IoU: 0.52307
[train: Epoch 38, 200 / 625] FPS: 116.4 (118.1)  ,  DataTime: 0.008 (0.006)  ,  ForwardTime: 0.262  ,  TotalTime: 0.275  ,  Loss/total: 2.31518  ,  Loss/giou: 0.55565  ,  Loss/l1: 0.07389  ,  Loss/location: 0.81624  ,  pro_loss: 0.09089  ,  IoU: 0.51964
[train: Epoch 38, 250 / 625] FPS: 116.7 (117.8)  ,  DataTime: 0.007 (0.006)  ,  ForwardTime: 0.262  ,  TotalTime: 0.274  ,  Loss/total: 2.31756  ,  Loss/giou: 0.55627  ,  Loss/l1: 0.07365  ,  Loss/location: 0.81896  ,  pro_loss: 0.08900  ,  IoU: 0.51962
[train: Epoch 38, 300 / 625] FPS: 116.9 (118.1)  ,  DataTime: 0.007 (0.006)  ,  ForwardTime: 0.262  ,  TotalTime: 0.274  ,  Loss/total: 2.31961  ,  Loss/giou: 0.55700  ,  Loss/l1: 0.07378  ,  Loss/location: 0.81891  ,  pro_loss: 0.08893  ,  IoU: 0.52004
[train: Epoch 38, 350 / 625] FPS: 117.0 (117.8)  ,  DataTime: 0.006 (0.006)  ,  ForwardTime: 0.262  ,  TotalTime: 0.273  ,  Loss/total: 2.31988  ,  Loss/giou: 0.55705  ,  Loss/l1: 0.07368  ,  Loss/location: 0.81979  ,  pro_loss: 0.08795  ,  IoU: 0.51998
[train: Epoch 38, 400 / 625] FPS: 117.1 (118.0)  ,  DataTime: 0.006 (0.006)  ,  ForwardTime: 0.262  ,  TotalTime: 0.273  ,  Loss/total: 2.31990  ,  Loss/giou: 0.55701  ,  Loss/l1: 0.07416  ,  Loss/location: 0.81747  ,  pro_loss: 0.08810  ,  IoU: 0.52053
[train: Epoch 38, 450 / 625] FPS: 117.2 (118.1)  ,  DataTime: 0.006 (0.006)  ,  ForwardTime: 0.262  ,  TotalTime: 0.273  ,  Loss/total: 2.31957  ,  Loss/giou: 0.55667  ,  Loss/l1: 0.07438  ,  Loss/location: 0.81675  ,  pro_loss: 0.08792  ,  IoU: 0.52090
[train: Epoch 38, 500 / 625] FPS: 117.3 (118.3)  ,  DataTime: 0.006 (0.006)  ,  ForwardTime: 0.262  ,  TotalTime: 0.273  ,  Loss/total: 2.32557  ,  Loss/giou: 0.55760  ,  Loss/l1: 0.07474  ,  Loss/location: 0.81905  ,  pro_loss: 0.08807  ,  IoU: 0.51997
[train: Epoch 38, 550 / 625] FPS: 117.3 (118.7)  ,  DataTime: 0.006 (0.006)  ,  ForwardTime: 0.262  ,  TotalTime: 0.273  ,  Loss/total: 2.32924  ,  Loss/giou: 0.55864  ,  Loss/l1: 0.07497  ,  Loss/location: 0.81943  ,  pro_loss: 0.08847  ,  IoU: 0.51902
[train: Epoch 38, 600 / 625] FPS: 117.3 (117.7)  ,  DataTime: 0.006 (0.006)  ,  ForwardTime: 0.262  ,  TotalTime: 0.273  ,  Loss/total: 2.32212  ,  Loss/giou: 0.55695  ,  Loss/l1: 0.07458  ,  Loss/location: 0.81746  ,  pro_loss: 0.08936  ,  IoU: 0.52018
[train: Epoch 38, 625 / 625] FPS: 117.4 (118.6)  ,  DataTime: 0.005 (0.006)  ,  ForwardTime: 0.262  ,  TotalTime: 0.273  ,  Loss/total: 2.32229  ,  Loss/giou: 0.55722  ,  Loss/l1: 0.07449  ,  Loss/location: 0.81756  ,  pro_loss: 0.08919  ,  IoU: 0.52015
[train: Epoch 39, 50 / 625] FPS: 112.1 (118.0)  ,  DataTime: 0.018 (0.006)  ,  ForwardTime: 0.261  ,  TotalTime: 0.286  ,  Loss/total: 2.26275  ,  Loss/giou: 0.54575  ,  Loss/l1: 0.07148  ,  Loss/location: 0.79643  ,  pro_loss: 0.08708  ,  IoU: 0.53063
[train: Epoch 39, 100 / 625] FPS: 114.9 (119.1)  ,  DataTime: 0.011 (0.006)  ,  ForwardTime: 0.261  ,  TotalTime: 0.278  ,  Loss/total: 2.27793  ,  Loss/giou: 0.54878  ,  Loss/l1: 0.07168  ,  Loss/location: 0.80319  ,  pro_loss: 0.09396  ,  IoU: 0.52863
[train: Epoch 39, 150 / 625] FPS: 115.7 (117.4)  ,  DataTime: 0.009 (0.006)  ,  ForwardTime: 0.262  ,  TotalTime: 0.277  ,  Loss/total: 2.29504  ,  Loss/giou: 0.55281  ,  Loss/l1: 0.07243  ,  Loss/location: 0.80871  ,  pro_loss: 0.09271  ,  IoU: 0.52563
[train: Epoch 39, 200 / 625] FPS: 116.2 (118.0)  ,  DataTime: 0.008 (0.006)  ,  ForwardTime: 0.262  ,  TotalTime: 0.275  ,  Loss/total: 2.31109  ,  Loss/giou: 0.55602  ,  Loss/l1: 0.07372  ,  Loss/location: 0.81183  ,  pro_loss: 0.09302  ,  IoU: 0.52226
[train: Epoch 39, 250 / 625] FPS: 116.5 (117.9)  ,  DataTime: 0.007 (0.006)  ,  ForwardTime: 0.262  ,  TotalTime: 0.275  ,  Loss/total: 2.31468  ,  Loss/giou: 0.55799  ,  Loss/l1: 0.07390  ,  Loss/location: 0.81043  ,  pro_loss: 0.09371  ,  IoU: 0.52056
[train: Epoch 39, 300 / 625] FPS: 116.7 (118.2)  ,  DataTime: 0.007 (0.006)  ,  ForwardTime: 0.262  ,  TotalTime: 0.274  ,  Loss/total: 2.31638  ,  Loss/giou: 0.55871  ,  Loss/l1: 0.07390  ,  Loss/location: 0.81083  ,  pro_loss: 0.09323  ,  IoU: 0.52029
[train: Epoch 39, 350 / 625] FPS: 116.9 (118.2)  ,  DataTime: 0.006 (0.006)  ,  ForwardTime: 0.262  ,  TotalTime: 0.274  ,  Loss/total: 2.31514  ,  Loss/giou: 0.55853  ,  Loss/l1: 0.07403  ,  Loss/location: 0.80927  ,  pro_loss: 0.09327  ,  IoU: 0.52057
[train: Epoch 39, 400 / 625] FPS: 117.0 (118.7)  ,  DataTime: 0.006 (0.006)  ,  ForwardTime: 0.262  ,  TotalTime: 0.273  ,  Loss/total: 2.31642  ,  Loss/giou: 0.55805  ,  Loss/l1: 0.07434  ,  Loss/location: 0.80970  ,  pro_loss: 0.09458  ,  IoU: 0.52132
[train: Epoch 39, 450 / 625] FPS: 117.1 (118.2)  ,  DataTime: 0.006 (0.006)  ,  ForwardTime: 0.262  ,  TotalTime: 0.273  ,  Loss/total: 2.31451  ,  Loss/giou: 0.55749  ,  Loss/l1: 0.07426  ,  Loss/location: 0.80936  ,  pro_loss: 0.09424  ,  IoU: 0.52127
[train: Epoch 39, 500 / 625] FPS: 117.2 (118.2)  ,  DataTime: 0.006 (0.006)  ,  ForwardTime: 0.262  ,  TotalTime: 0.273  ,  Loss/total: 2.31460  ,  Loss/giou: 0.55784  ,  Loss/l1: 0.07424  ,  Loss/location: 0.80877  ,  pro_loss: 0.09467  ,  IoU: 0.52080
[train: Epoch 39, 550 / 625] FPS: 117.2 (117.6)  ,  DataTime: 0.006 (0.006)  ,  ForwardTime: 0.262  ,  TotalTime: 0.273  ,  Loss/total: 2.30759  ,  Loss/giou: 0.55627  ,  Loss/l1: 0.07398  ,  Loss/location: 0.80625  ,  pro_loss: 0.09445  ,  IoU: 0.52189
[train: Epoch 39, 600 / 625] FPS: 117.3 (117.8)  ,  DataTime: 0.006 (0.006)  ,  ForwardTime: 0.262  ,  TotalTime: 0.273  ,  Loss/total: 2.30529  ,  Loss/giou: 0.55535  ,  Loss/l1: 0.07389  ,  Loss/location: 0.80622  ,  pro_loss: 0.09460  ,  IoU: 0.52236
[train: Epoch 39, 625 / 625] FPS: 117.3 (117.2)  ,  DataTime: 0.006 (0.006)  ,  ForwardTime: 0.262  ,  TotalTime: 0.273  ,  Loss/total: 2.30400  ,  Loss/giou: 0.55486  ,  Loss/l1: 0.07383  ,  Loss/location: 0.80615  ,  pro_loss: 0.09477  ,  IoU: 0.52260
[train: Epoch 40, 50 / 625] FPS: 112.4 (118.3)  ,  DataTime: 0.017 (0.006)  ,  ForwardTime: 0.262  ,  TotalTime: 0.285  ,  Loss/total: 2.27626  ,  Loss/giou: 0.54459  ,  Loss/l1: 0.07247  ,  Loss/location: 0.80804  ,  pro_loss: 0.08333  ,  IoU: 0.52778
[train: Epoch 40, 100 / 625] FPS: 115.1 (118.3)  ,  DataTime: 0.011 (0.006)  ,  ForwardTime: 0.262  ,  TotalTime: 0.278  ,  Loss/total: 2.28898  ,  Loss/giou: 0.54910  ,  Loss/l1: 0.07372  ,  Loss/location: 0.80497  ,  pro_loss: 0.08615  ,  IoU: 0.52587
[train: Epoch 40, 150 / 625] FPS: 116.0 (117.9)  ,  DataTime: 0.009 (0.006)  ,  ForwardTime: 0.262  ,  TotalTime: 0.276  ,  Loss/total: 2.27497  ,  Loss/giou: 0.54642  ,  Loss/l1: 0.07326  ,  Loss/location: 0.79851  ,  pro_loss: 0.08674  ,  IoU: 0.52756
[train: Epoch 40, 200 / 625] FPS: 116.4 (117.0)  ,  DataTime: 0.008 (0.006)  ,  ForwardTime: 0.262  ,  TotalTime: 0.275  ,  Loss/total: 2.27767  ,  Loss/giou: 0.54636  ,  Loss/l1: 0.07260  ,  Loss/location: 0.80447  ,  pro_loss: 0.08734  ,  IoU: 0.52713
[train: Epoch 40, 250 / 625] FPS: 116.7 (117.9)  ,  DataTime: 0.007 (0.006)  ,  ForwardTime: 0.262  ,  TotalTime: 0.274  ,  Loss/total: 2.29312  ,  Loss/giou: 0.54884  ,  Loss/l1: 0.07317  ,  Loss/location: 0.81165  ,  pro_loss: 0.08971  ,  IoU: 0.52439
[train: Epoch 40, 300 / 625] FPS: 116.9 (117.5)  ,  DataTime: 0.007 (0.006)  ,  ForwardTime: 0.262  ,  TotalTime: 0.274  ,  Loss/total: 2.29897  ,  Loss/giou: 0.55023  ,  Loss/l1: 0.07347  ,  Loss/location: 0.81310  ,  pro_loss: 0.09031  ,  IoU: 0.52364
[train: Epoch 40, 350 / 625] FPS: 117.0 (118.0)  ,  DataTime: 0.006 (0.006)  ,  ForwardTime: 0.262  ,  TotalTime: 0.273  ,  Loss/total: 2.29639  ,  Loss/giou: 0.55003  ,  Loss/l1: 0.07322  ,  Loss/location: 0.81213  ,  pro_loss: 0.09048  ,  IoU: 0.52393
[train: Epoch 40, 400 / 625] FPS: 117.1 (118.1)  ,  DataTime: 0.006 (0.006)  ,  ForwardTime: 0.262  ,  TotalTime: 0.273  ,  Loss/total: 2.29116  ,  Loss/giou: 0.54903  ,  Loss/l1: 0.07278  ,  Loss/location: 0.81111  ,  pro_loss: 0.09031  ,  IoU: 0.52423
[train: Epoch 40, 450 / 625] FPS: 117.1 (118.0)  ,  DataTime: 0.006 (0.006)  ,  ForwardTime: 0.262  ,  TotalTime: 0.273  ,  Loss/total: 2.29394  ,  Loss/giou: 0.54975  ,  Loss/l1: 0.07291  ,  Loss/location: 0.81182  ,  pro_loss: 0.09037  ,  IoU: 0.52343
[train: Epoch 40, 500 / 625] FPS: 117.2 (117.8)  ,  DataTime: 0.006 (0.006)  ,  ForwardTime: 0.262  ,  TotalTime: 0.273  ,  Loss/total: 2.29553  ,  Loss/giou: 0.55022  ,  Loss/l1: 0.07293  ,  Loss/location: 0.81243  ,  pro_loss: 0.09004  ,  IoU: 0.52328
[train: Epoch 40, 550 / 625] FPS: 117.2 (117.6)  ,  DataTime: 0.006 (0.006)  ,  ForwardTime: 0.262  ,  TotalTime: 0.273  ,  Loss/total: 2.29175  ,  Loss/giou: 0.54901  ,  Loss/l1: 0.07281  ,  Loss/location: 0.81168  ,  pro_loss: 0.08991  ,  IoU: 0.52408
[train: Epoch 40, 600 / 625] FPS: 117.3 (118.1)  ,  DataTime: 0.006 (0.006)  ,  ForwardTime: 0.262  ,  TotalTime: 0.273  ,  Loss/total: 2.29321  ,  Loss/giou: 0.54966  ,  Loss/l1: 0.07291  ,  Loss/location: 0.81142  ,  pro_loss: 0.08962  ,  IoU: 0.52361
[train: Epoch 40, 625 / 625] FPS: 117.3 (119.1)  ,  DataTime: 0.006 (0.006)  ,  ForwardTime: 0.262  ,  TotalTime: 0.273  ,  Loss/total: 2.29960  ,  Loss/giou: 0.55101  ,  Loss/l1: 0.07321  ,  Loss/location: 0.81359  ,  pro_loss: 0.08955  ,  IoU: 0.52284
[val: Epoch 40, 50 / 156] FPS: 218.0 (243.8)  ,  DataTime: 0.020 (0.007)  ,  ForwardTime: 0.119  ,  TotalTime: 0.147  ,  Loss/total: 0.85480  ,  Loss/giou: 0.21842  ,  Loss/l1: 0.01749  ,  Loss/location: 0.33052  ,  pro_loss: 0.00000  ,  IoU: 0.79862
[val: Epoch 40, 100 / 156] FPS: 230.4 (244.6)  ,  DataTime: 0.012 (0.007)  ,  ForwardTime: 0.119  ,  TotalTime: 0.139  ,  Loss/total: 0.86624  ,  Loss/giou: 0.22273  ,  Loss/l1: 0.01767  ,  Loss/location: 0.33243  ,  pro_loss: 0.00000  ,  IoU: 0.79418
[val: Epoch 40, 150 / 156] FPS: 234.7 (249.2)  ,  DataTime: 0.010 (0.007)  ,  ForwardTime: 0.119  ,  TotalTime: 0.136  ,  Loss/total: 0.86617  ,  Loss/giou: 0.22181  ,  Loss/l1: 0.01745  ,  Loss/location: 0.33530  ,  pro_loss: 0.00000  ,  IoU: 0.79473
[val: Epoch 40, 156 / 156] FPS: 235.3 (250.7)  ,  DataTime: 0.010 (0.007)  ,  ForwardTime: 0.119  ,  TotalTime: 0.136  ,  Loss/total: 0.86991  ,  Loss/giou: 0.22255  ,  Loss/l1: 0.01744  ,  Loss/location: 0.33763  ,  pro_loss: 0.00000  ,  IoU: 0.79390
[train: Epoch 41, 50 / 625] FPS: 111.3 (118.1)  ,  DataTime: 0.018 (0.006)  ,  ForwardTime: 0.264  ,  TotalTime: 0.288  ,  Loss/total: 2.21308  ,  Loss/giou: 0.53546  ,  Loss/l1: 0.06854  ,  Loss/location: 0.78173  ,  pro_loss: 0.08854  ,  IoU: 0.53646
[train: Epoch 41, 100 / 625] FPS: 114.6 (118.4)  ,  DataTime: 0.011 (0.006)  ,  ForwardTime: 0.262  ,  TotalTime: 0.279  ,  Loss/total: 2.22149  ,  Loss/giou: 0.53677  ,  Loss/l1: 0.06956  ,  Loss/location: 0.78163  ,  pro_loss: 0.09271  ,  IoU: 0.53693
[train: Epoch 41, 150 / 625] FPS: 115.6 (118.0)  ,  DataTime: 0.009 (0.006)  ,  ForwardTime: 0.262  ,  TotalTime: 0.277  ,  Loss/total: 2.26230  ,  Loss/giou: 0.54574  ,  Loss/l1: 0.07183  ,  Loss/location: 0.79362  ,  pro_loss: 0.09028  ,  IoU: 0.53125
[train: Epoch 41, 200 / 625] FPS: 116.2 (118.2)  ,  DataTime: 0.008 (0.006)  ,  ForwardTime: 0.262  ,  TotalTime: 0.275  ,  Loss/total: 2.26129  ,  Loss/giou: 0.54497  ,  Loss/l1: 0.07168  ,  Loss/location: 0.79494  ,  pro_loss: 0.09000  ,  IoU: 0.53130
[train: Epoch 41, 250 / 625] FPS: 116.4 (117.8)  ,  DataTime: 0.007 (0.006)  ,  ForwardTime: 0.262  ,  TotalTime: 0.275  ,  Loss/total: 2.25247  ,  Loss/giou: 0.54239  ,  Loss/l1: 0.07131  ,  Loss/location: 0.79305  ,  pro_loss: 0.09054  ,  IoU: 0.53303
[train: Epoch 41, 300 / 625] FPS: 116.6 (117.6)  ,  DataTime: 0.007 (0.006)  ,  ForwardTime: 0.262  ,  TotalTime: 0.274  ,  Loss/total: 2.25191  ,  Loss/giou: 0.54227  ,  Loss/l1: 0.07126  ,  Loss/location: 0.79285  ,  pro_loss: 0.09094  ,  IoU: 0.53316
[train: Epoch 41, 350 / 625] FPS: 116.8 (118.0)  ,  DataTime: 0.006 (0.006)  ,  ForwardTime: 0.262  ,  TotalTime: 0.274  ,  Loss/total: 2.25174  ,  Loss/giou: 0.54232  ,  Loss/l1: 0.07122  ,  Loss/location: 0.79279  ,  pro_loss: 0.09098  ,  IoU: 0.53292
[train: Epoch 41, 400 / 625] FPS: 116.9 (117.7)  ,  DataTime: 0.006 (0.006)  ,  ForwardTime: 0.262  ,  TotalTime: 0.274  ,  Loss/total: 2.24715  ,  Loss/giou: 0.54086  ,  Loss/l1: 0.07096  ,  Loss/location: 0.79240  ,  pro_loss: 0.09120  ,  IoU: 0.53409
[train: Epoch 41, 450 / 625] FPS: 117.0 (118.0)  ,  DataTime: 0.006 (0.006)  ,  ForwardTime: 0.262  ,  TotalTime: 0.273  ,  Loss/total: 2.24646  ,  Loss/giou: 0.54012  ,  Loss/l1: 0.07090  ,  Loss/location: 0.79363  ,  pro_loss: 0.09037  ,  IoU: 0.53460
[train: Epoch 41, 500 / 625] FPS: 117.1 (118.1)  ,  DataTime: 0.006 (0.006)  ,  ForwardTime: 0.262  ,  TotalTime: 0.273  ,  Loss/total: 2.24890  ,  Loss/giou: 0.54026  ,  Loss/l1: 0.07110  ,  Loss/location: 0.79488  ,  pro_loss: 0.09017  ,  IoU: 0.53463
[train: Epoch 41, 550 / 625] FPS: 117.2 (118.2)  ,  DataTime: 0.006 (0.006)  ,  ForwardTime: 0.262  ,  TotalTime: 0.273  ,  Loss/total: 2.24092  ,  Loss/giou: 0.53853  ,  Loss/l1: 0.07065  ,  Loss/location: 0.79260  ,  pro_loss: 0.09004  ,  IoU: 0.53576
[train: Epoch 41, 600 / 625] FPS: 117.2 (117.6)  ,  DataTime: 0.006 (0.006)  ,  ForwardTime: 0.262  ,  TotalTime: 0.273  ,  Loss/total: 2.23817  ,  Loss/giou: 0.53786  ,  Loss/l1: 0.07058  ,  Loss/location: 0.79139  ,  pro_loss: 0.09075  ,  IoU: 0.53636
[train: Epoch 41, 625 / 625] FPS: 117.3 (118.7)  ,  DataTime: 0.005 (0.006)  ,  ForwardTime: 0.262  ,  TotalTime: 0.273  ,  Loss/total: 2.23719  ,  Loss/giou: 0.53772  ,  Loss/l1: 0.07058  ,  Loss/location: 0.79074  ,  pro_loss: 0.09065  ,  IoU: 0.53645
[train: Epoch 42, 50 / 625] FPS: 112.4 (118.0)  ,  DataTime: 0.018 (0.006)  ,  ForwardTime: 0.261  ,  TotalTime: 0.285  ,  Loss/total: 2.26228  ,  Loss/giou: 0.54897  ,  Loss/l1: 0.07299  ,  Loss/location: 0.78148  ,  pro_loss: 0.08958  ,  IoU: 0.52849
[train: Epoch 42, 100 / 625] FPS: 115.1 (117.7)  ,  DataTime: 0.011 (0.006)  ,  ForwardTime: 0.262  ,  TotalTime: 0.278  ,  Loss/total: 2.29779  ,  Loss/giou: 0.55351  ,  Loss/l1: 0.07403  ,  Loss/location: 0.80240  ,  pro_loss: 0.09115  ,  IoU: 0.52400
[train: Epoch 42, 150 / 625] FPS: 116.0 (117.5)  ,  DataTime: 0.009 (0.006)  ,  ForwardTime: 0.262  ,  TotalTime: 0.276  ,  Loss/total: 2.29659  ,  Loss/giou: 0.55192  ,  Loss/l1: 0.07367  ,  Loss/location: 0.80632  ,  pro_loss: 0.09028  ,  IoU: 0.52508
[train: Epoch 42, 200 / 625] FPS: 116.4 (118.0)  ,  DataTime: 0.008 (0.006)  ,  ForwardTime: 0.262  ,  TotalTime: 0.275  ,  Loss/total: 2.28211  ,  Loss/giou: 0.54784  ,  Loss/l1: 0.07291  ,  Loss/location: 0.80396  ,  pro_loss: 0.08964  ,  IoU: 0.52838
[train: Epoch 42, 250 / 625] FPS: 116.7 (117.4)  ,  DataTime: 0.007 (0.006)  ,  ForwardTime: 0.262  ,  TotalTime: 0.274  ,  Loss/total: 2.28571  ,  Loss/giou: 0.54892  ,  Loss/l1: 0.07315  ,  Loss/location: 0.80420  ,  pro_loss: 0.08955  ,  IoU: 0.52768
[train: Epoch 42, 300 / 625] FPS: 116.8 (117.7)  ,  DataTime: 0.007 (0.006)  ,  ForwardTime: 0.262  ,  TotalTime: 0.274  ,  Loss/total: 2.28471  ,  Loss/giou: 0.54848  ,  Loss/l1: 0.07294  ,  Loss/location: 0.80531  ,  pro_loss: 0.08875  ,  IoU: 0.52800
[train: Epoch 42, 350 / 625] FPS: 116.9 (117.5)  ,  DataTime: 0.006 (0.006)  ,  ForwardTime: 0.262  ,  TotalTime: 0.274  ,  Loss/total: 2.27931  ,  Loss/giou: 0.54745  ,  Loss/l1: 0.07278  ,  Loss/location: 0.80264  ,  pro_loss: 0.08920  ,  IoU: 0.52931
[train: Epoch 42, 400 / 625] FPS: 117.1 (117.9)  ,  DataTime: 0.006 (0.006)  ,  ForwardTime: 0.262  ,  TotalTime: 0.273  ,  Loss/total: 2.27148  ,  Loss/giou: 0.54546  ,  Loss/l1: 0.07249  ,  Loss/location: 0.80013  ,  pro_loss: 0.09000  ,  IoU: 0.53076
[train: Epoch 42, 450 / 625] FPS: 117.1 (117.7)  ,  DataTime: 0.006 (0.006)  ,  ForwardTime: 0.262  ,  TotalTime: 0.273  ,  Loss/total: 2.26959  ,  Loss/giou: 0.54527  ,  Loss/l1: 0.07240  ,  Loss/location: 0.79904  ,  pro_loss: 0.09003  ,  IoU: 0.53086
[train: Epoch 42, 500 / 625] FPS: 117.2 (117.4)  ,  DataTime: 0.006 (0.006)  ,  ForwardTime: 0.262  ,  TotalTime: 0.273  ,  Loss/total: 2.26974  ,  Loss/giou: 0.54484  ,  Loss/l1: 0.07226  ,  Loss/location: 0.80080  ,  pro_loss: 0.08965  ,  IoU: 0.53103
[train: Epoch 42, 550 / 625] FPS: 117.2 (118.0)  ,  DataTime: 0.006 (0.006)  ,  ForwardTime: 0.262  ,  TotalTime: 0.273  ,  Loss/total: 2.26858  ,  Loss/giou: 0.54476  ,  Loss/l1: 0.07228  ,  Loss/location: 0.79969  ,  pro_loss: 0.08991  ,  IoU: 0.53137
[train: Epoch 42, 600 / 625] FPS: 117.3 (117.3)  ,  DataTime: 0.005 (0.006)  ,  ForwardTime: 0.262  ,  TotalTime: 0.273  ,  Loss/total: 2.26065  ,  Loss/giou: 0.54324  ,  Loss/l1: 0.07193  ,  Loss/location: 0.79653  ,  pro_loss: 0.08993  ,  IoU: 0.53240
[train: Epoch 42, 625 / 625] FPS: 117.3 (118.8)  ,  DataTime: 0.005 (0.006)  ,  ForwardTime: 0.262  ,  TotalTime: 0.273  ,  Loss/total: 2.25686  ,  Loss/giou: 0.54233  ,  Loss/l1: 0.07177  ,  Loss/location: 0.79530  ,  pro_loss: 0.09017  ,  IoU: 0.53324
[train: Epoch 43, 50 / 625] FPS: 112.3 (117.8)  ,  DataTime: 0.018 (0.006)  ,  ForwardTime: 0.262  ,  TotalTime: 0.285  ,  Loss/total: 2.21379  ,  Loss/giou: 0.53657  ,  Loss/l1: 0.07119  ,  Loss/location: 0.76637  ,  pro_loss: 0.09167  ,  IoU: 0.53639
[train: Epoch 43, 100 / 625] FPS: 115.1 (118.3)  ,  DataTime: 0.011 (0.006)  ,  ForwardTime: 0.261  ,  TotalTime: 0.278  ,  Loss/total: 2.27116  ,  Loss/giou: 0.54471  ,  Loss/l1: 0.07299  ,  Loss/location: 0.79900  ,  pro_loss: 0.08885  ,  IoU: 0.52937
[train: Epoch 43, 150 / 625] FPS: 116.0 (118.5)  ,  DataTime: 0.009 (0.006)  ,  ForwardTime: 0.261  ,  TotalTime: 0.276  ,  Loss/total: 2.26824  ,  Loss/giou: 0.54459  ,  Loss/l1: 0.07234  ,  Loss/location: 0.79954  ,  pro_loss: 0.08903  ,  IoU: 0.52930
[train: Epoch 43, 200 / 625] FPS: 116.5 (118.3)  ,  DataTime: 0.008 (0.006)  ,  ForwardTime: 0.261  ,  TotalTime: 0.275  ,  Loss/total: 2.26231  ,  Loss/giou: 0.54469  ,  Loss/l1: 0.07200  ,  Loss/location: 0.79485  ,  pro_loss: 0.09031  ,  IoU: 0.52870
[train: Epoch 43, 250 / 625] FPS: 116.8 (118.1)  ,  DataTime: 0.007 (0.006)  ,  ForwardTime: 0.261  ,  TotalTime: 0.274  ,  Loss/total: 2.26075  ,  Loss/giou: 0.54374  ,  Loss/l1: 0.07155  ,  Loss/location: 0.79755  ,  pro_loss: 0.08975  ,  IoU: 0.52904
[train: Epoch 43, 300 / 625] FPS: 117.0 (114.2)  ,  DataTime: 0.007 (0.006)  ,  ForwardTime: 0.262  ,  TotalTime: 0.274  ,  Loss/total: 2.24686  ,  Loss/giou: 0.53994  ,  Loss/l1: 0.07096  ,  Loss/location: 0.79425  ,  pro_loss: 0.08972  ,  IoU: 0.53199
[train: Epoch 43, 350 / 625] FPS: 117.0 (117.4)  ,  DataTime: 0.006 (0.006)  ,  ForwardTime: 0.262  ,  TotalTime: 0.273  ,  Loss/total: 2.24037  ,  Loss/giou: 0.53852  ,  Loss/l1: 0.07070  ,  Loss/location: 0.79181  ,  pro_loss: 0.09021  ,  IoU: 0.53317
[train: Epoch 43, 400 / 625] FPS: 117.1 (117.8)  ,  DataTime: 0.006 (0.006)  ,  ForwardTime: 0.262  ,  TotalTime: 0.273  ,  Loss/total: 2.24739  ,  Loss/giou: 0.54042  ,  Loss/l1: 0.07118  ,  Loss/location: 0.79279  ,  pro_loss: 0.08926  ,  IoU: 0.53189
[train: Epoch 43, 450 / 625] FPS: 117.2 (118.1)  ,  DataTime: 0.006 (0.006)  ,  ForwardTime: 0.262  ,  TotalTime: 0.273  ,  Loss/total: 2.24795  ,  Loss/giou: 0.54040  ,  Loss/l1: 0.07130  ,  Loss/location: 0.79265  ,  pro_loss: 0.09008  ,  IoU: 0.53235
[train: Epoch 43, 500 / 625] FPS: 117.3 (117.9)  ,  DataTime: 0.006 (0.006)  ,  ForwardTime: 0.262  ,  TotalTime: 0.273  ,  Loss/total: 2.24813  ,  Loss/giou: 0.54089  ,  Loss/l1: 0.07137  ,  Loss/location: 0.79154  ,  pro_loss: 0.08978  ,  IoU: 0.53225
[train: Epoch 43, 550 / 625] FPS: 117.3 (117.9)  ,  DataTime: 0.006 (0.006)  ,  ForwardTime: 0.262  ,  TotalTime: 0.273  ,  Loss/total: 2.25999  ,  Loss/giou: 0.54345  ,  Loss/l1: 0.07182  ,  Loss/location: 0.79596  ,  pro_loss: 0.09013  ,  IoU: 0.53042
[train: Epoch 43, 600 / 625] FPS: 117.4 (117.7)  ,  DataTime: 0.006 (0.006)  ,  ForwardTime: 0.262  ,  TotalTime: 0.273  ,  Loss/total: 2.26482  ,  Loss/giou: 0.54452  ,  Loss/l1: 0.07207  ,  Loss/location: 0.79741  ,  pro_loss: 0.09020  ,  IoU: 0.52996
[train: Epoch 43, 625 / 625] FPS: 117.4 (119.3)  ,  DataTime: 0.006 (0.006)  ,  ForwardTime: 0.262  ,  TotalTime: 0.273  ,  Loss/total: 2.26327  ,  Loss/giou: 0.54428  ,  Loss/l1: 0.07200  ,  Loss/location: 0.79671  ,  pro_loss: 0.08999  ,  IoU: 0.53002
[train: Epoch 44, 50 / 625] FPS: 111.8 (117.4)  ,  DataTime: 0.019 (0.006)  ,  ForwardTime: 0.261  ,  TotalTime: 0.286  ,  Loss/total: 2.22739  ,  Loss/giou: 0.53241  ,  Loss/l1: 0.07027  ,  Loss/location: 0.79299  ,  pro_loss: 0.09126  ,  IoU: 0.53818
[train: Epoch 44, 100 / 625] FPS: 114.7 (118.1)  ,  DataTime: 0.012 (0.006)  ,  ForwardTime: 0.262  ,  TotalTime: 0.279  ,  Loss/total: 2.17331  ,  Loss/giou: 0.52183  ,  Loss/l1: 0.06762  ,  Loss/location: 0.77293  ,  pro_loss: 0.09313  ,  IoU: 0.54659
[train: Epoch 44, 150 / 625] FPS: 115.7 (118.0)  ,  DataTime: 0.009 (0.006)  ,  ForwardTime: 0.261  ,  TotalTime: 0.276  ,  Loss/total: 2.17301  ,  Loss/giou: 0.52229  ,  Loss/l1: 0.06761  ,  Loss/location: 0.77180  ,  pro_loss: 0.09299  ,  IoU: 0.54680
[train: Epoch 44, 200 / 625] FPS: 116.3 (117.6)  ,  DataTime: 0.008 (0.006)  ,  ForwardTime: 0.261  ,  TotalTime: 0.275  ,  Loss/total: 2.19211  ,  Loss/giou: 0.52721  ,  Loss/l1: 0.06837  ,  Loss/location: 0.77726  ,  pro_loss: 0.09297  ,  IoU: 0.54304
[train: Epoch 44, 250 / 625] FPS: 116.5 (117.5)  ,  DataTime: 0.007 (0.006)  ,  ForwardTime: 0.262  ,  TotalTime: 0.275  ,  Loss/total: 2.19846  ,  Loss/giou: 0.52962  ,  Loss/l1: 0.06852  ,  Loss/location: 0.77813  ,  pro_loss: 0.09238  ,  IoU: 0.54055
[train: Epoch 44, 300 / 625] FPS: 116.8 (118.2)  ,  DataTime: 0.007 (0.006)  ,  ForwardTime: 0.262  ,  TotalTime: 0.274  ,  Loss/total: 2.21657  ,  Loss/giou: 0.53421  ,  Loss/l1: 0.06961  ,  Loss/location: 0.78177  ,  pro_loss: 0.09157  ,  IoU: 0.53809
[train: Epoch 44, 350 / 625] FPS: 116.9 (118.0)  ,  DataTime: 0.007 (0.006)  ,  ForwardTime: 0.262  ,  TotalTime: 0.274  ,  Loss/total: 2.22888  ,  Loss/giou: 0.53700  ,  Loss/l1: 0.07040  ,  Loss/location: 0.78471  ,  pro_loss: 0.09075  ,  IoU: 0.53666
[train: Epoch 44, 400 / 625] FPS: 117.0 (117.0)  ,  DataTime: 0.006 (0.006)  ,  ForwardTime: 0.262  ,  TotalTime: 0.273  ,  Loss/total: 2.23828  ,  Loss/giou: 0.53940  ,  Loss/l1: 0.07091  ,  Loss/location: 0.78672  ,  pro_loss: 0.09107  ,  IoU: 0.53535
[train: Epoch 44, 450 / 625] FPS: 117.1 (117.9)  ,  DataTime: 0.006 (0.006)  ,  ForwardTime: 0.262  ,  TotalTime: 0.273  ,  Loss/total: 2.23758  ,  Loss/giou: 0.53943  ,  Loss/l1: 0.07099  ,  Loss/location: 0.78554  ,  pro_loss: 0.09105  ,  IoU: 0.53556
[train: Epoch 44, 500 / 625] FPS: 117.2 (118.2)  ,  DataTime: 0.006 (0.006)  ,  ForwardTime: 0.262  ,  TotalTime: 0.273  ,  Loss/total: 2.23277  ,  Loss/giou: 0.53863  ,  Loss/l1: 0.07069  ,  Loss/location: 0.78387  ,  pro_loss: 0.09092  ,  IoU: 0.53592
[train: Epoch 44, 550 / 625] FPS: 117.2 (117.2)  ,  DataTime: 0.006 (0.006)  ,  ForwardTime: 0.262  ,  TotalTime: 0.273  ,  Loss/total: 2.23408  ,  Loss/giou: 0.53882  ,  Loss/l1: 0.07091  ,  Loss/location: 0.78369  ,  pro_loss: 0.09093  ,  IoU: 0.53615
[train: Epoch 44, 600 / 625] FPS: 117.3 (118.0)  ,  DataTime: 0.006 (0.006)  ,  ForwardTime: 0.262  ,  TotalTime: 0.273  ,  Loss/total: 2.23547  ,  Loss/giou: 0.53914  ,  Loss/l1: 0.07089  ,  Loss/location: 0.78471  ,  pro_loss: 0.09006  ,  IoU: 0.53587
[train: Epoch 44, 625 / 625] FPS: 117.3 (119.0)  ,  DataTime: 0.006 (0.006)  ,  ForwardTime: 0.262  ,  TotalTime: 0.273  ,  Loss/total: 2.23043  ,  Loss/giou: 0.53797  ,  Loss/l1: 0.07060  ,  Loss/location: 0.78354  ,  pro_loss: 0.08972  ,  IoU: 0.53665
[train: Epoch 45, 50 / 625] FPS: 112.4 (118.6)  ,  DataTime: 0.017 (0.006)  ,  ForwardTime: 0.262  ,  TotalTime: 0.285  ,  Loss/total: 2.25889  ,  Loss/giou: 0.54664  ,  Loss/l1: 0.07250  ,  Loss/location: 0.78592  ,  pro_loss: 0.08604  ,  IoU: 0.52949
[train: Epoch 45, 100 / 625] FPS: 115.0 (118.2)  ,  DataTime: 0.011 (0.006)  ,  ForwardTime: 0.262  ,  TotalTime: 0.278  ,  Loss/total: 2.27127  ,  Loss/giou: 0.54660  ,  Loss/l1: 0.07275  ,  Loss/location: 0.79674  ,  pro_loss: 0.08792  ,  IoU: 0.53040
[train: Epoch 45, 150 / 625] FPS: 116.0 (116.9)  ,  DataTime: 0.009 (0.006)  ,  ForwardTime: 0.262  ,  TotalTime: 0.276  ,  Loss/total: 2.24426  ,  Loss/giou: 0.54034  ,  Loss/l1: 0.07156  ,  Loss/location: 0.78838  ,  pro_loss: 0.08695  ,  IoU: 0.53524
[train: Epoch 45, 200 / 625] FPS: 116.4 (118.1)  ,  DataTime: 0.008 (0.006)  ,  ForwardTime: 0.262  ,  TotalTime: 0.275  ,  Loss/total: 2.23301  ,  Loss/giou: 0.53804  ,  Loss/l1: 0.07101  ,  Loss/location: 0.78433  ,  pro_loss: 0.08771  ,  IoU: 0.53644
[train: Epoch 45, 250 / 625] FPS: 116.7 (118.5)  ,  DataTime: 0.007 (0.006)  ,  ForwardTime: 0.262  ,  TotalTime: 0.274  ,  Loss/total: 2.23999  ,  Loss/giou: 0.53793  ,  Loss/l1: 0.07122  ,  Loss/location: 0.79022  ,  pro_loss: 0.08900  ,  IoU: 0.53662
[train: Epoch 45, 300 / 625] FPS: 116.9 (111.2)  ,  DataTime: 0.007 (0.006)  ,  ForwardTime: 0.262  ,  TotalTime: 0.274  ,  Loss/total: 2.23038  ,  Loss/giou: 0.53532  ,  Loss/l1: 0.07088  ,  Loss/location: 0.78766  ,  pro_loss: 0.08840  ,  IoU: 0.53887
[train: Epoch 45, 350 / 625] FPS: 117.0 (118.1)  ,  DataTime: 0.006 (0.006)  ,  ForwardTime: 0.262  ,  TotalTime: 0.274  ,  Loss/total: 2.23312  ,  Loss/giou: 0.53593  ,  Loss/l1: 0.07104  ,  Loss/location: 0.78839  ,  pro_loss: 0.08839  ,  IoU: 0.53854
[train: Epoch 45, 400 / 625] FPS: 117.1 (118.0)  ,  DataTime: 0.006 (0.006)  ,  ForwardTime: 0.262  ,  TotalTime: 0.273  ,  Loss/total: 2.24140  ,  Loss/giou: 0.53842  ,  Loss/l1: 0.07153  ,  Loss/location: 0.78911  ,  pro_loss: 0.08896  ,  IoU: 0.53673
[train: Epoch 45, 450 / 625] FPS: 117.2 (117.7)  ,  DataTime: 0.006 (0.006)  ,  ForwardTime: 0.262  ,  TotalTime: 0.273  ,  Loss/total: 2.23721  ,  Loss/giou: 0.53739  ,  Loss/l1: 0.07116  ,  Loss/location: 0.78884  ,  pro_loss: 0.08907  ,  IoU: 0.53673
[train: Epoch 45, 500 / 625] FPS: 117.2 (118.3)  ,  DataTime: 0.006 (0.006)  ,  ForwardTime: 0.262  ,  TotalTime: 0.273  ,  Loss/total: 2.24540  ,  Loss/giou: 0.53917  ,  Loss/l1: 0.07156  ,  Loss/location: 0.79139  ,  pro_loss: 0.08929  ,  IoU: 0.53572
[train: Epoch 45, 550 / 625] FPS: 117.3 (118.1)  ,  DataTime: 0.006 (0.006)  ,  ForwardTime: 0.262  ,  TotalTime: 0.273  ,  Loss/total: 2.24959  ,  Loss/giou: 0.54008  ,  Loss/l1: 0.07171  ,  Loss/location: 0.79297  ,  pro_loss: 0.08960  ,  IoU: 0.53491
[train: Epoch 45, 600 / 625] FPS: 117.3 (118.1)  ,  DataTime: 0.006 (0.006)  ,  ForwardTime: 0.262  ,  TotalTime: 0.273  ,  Loss/total: 2.24876  ,  Loss/giou: 0.54020  ,  Loss/l1: 0.07170  ,  Loss/location: 0.79192  ,  pro_loss: 0.08983  ,  IoU: 0.53471
[train: Epoch 45, 625 / 625] FPS: 117.3 (118.8)  ,  DataTime: 0.006 (0.006)  ,  ForwardTime: 0.262  ,  TotalTime: 0.273  ,  Loss/total: 2.24454  ,  Loss/giou: 0.53942  ,  Loss/l1: 0.07146  ,  Loss/location: 0.79040  ,  pro_loss: 0.08990  ,  IoU: 0.53523
[val: Epoch 45, 50 / 156] FPS: 216.5 (243.6)  ,  DataTime: 0.021 (0.007)  ,  ForwardTime: 0.119  ,  TotalTime: 0.148  ,  Loss/total: 0.81757  ,  Loss/giou: 0.20814  ,  Loss/l1: 0.01503  ,  Loss/location: 0.32614  ,  pro_loss: 0.00000  ,  IoU: 0.80381
[val: Epoch 45, 100 / 156] FPS: 229.2 (240.0)  ,  DataTime: 0.013 (0.007)  ,  ForwardTime: 0.119  ,  TotalTime: 0.140  ,  Loss/total: 0.81581  ,  Loss/giou: 0.21014  ,  Loss/l1: 0.01540  ,  Loss/location: 0.31852  ,  pro_loss: 0.00010  ,  IoU: 0.80240
[val: Epoch 45, 150 / 156] FPS: 233.8 (245.8)  ,  DataTime: 0.010 (0.007)  ,  ForwardTime: 0.119  ,  TotalTime: 0.137  ,  Loss/total: 0.82405  ,  Loss/giou: 0.21286  ,  Loss/l1: 0.01581  ,  Loss/location: 0.31924  ,  pro_loss: 0.00007  ,  IoU: 0.80088
[val: Epoch 45, 156 / 156] FPS: 234.4 (249.5)  ,  DataTime: 0.010 (0.007)  ,  ForwardTime: 0.119  ,  TotalTime: 0.137  ,  Loss/total: 0.82337  ,  Loss/giou: 0.21225  ,  Loss/l1: 0.01567  ,  Loss/location: 0.32054  ,  pro_loss: 0.00007  ,  IoU: 0.80124
[train: Epoch 46, 50 / 625] FPS: 112.4 (118.1)  ,  DataTime: 0.017 (0.006)  ,  ForwardTime: 0.262  ,  TotalTime: 0.285  ,  Loss/total: 2.26972  ,  Loss/giou: 0.54405  ,  Loss/l1: 0.07141  ,  Loss/location: 0.80646  ,  pro_loss: 0.09063  ,  IoU: 0.52931
[train: Epoch 46, 100 / 625] FPS: 115.0 (117.7)  ,  DataTime: 0.011 (0.006)  ,  ForwardTime: 0.262  ,  TotalTime: 0.278  ,  Loss/total: 2.22399  ,  Loss/giou: 0.53496  ,  Loss/l1: 0.06950  ,  Loss/location: 0.78876  ,  pro_loss: 0.08896  ,  IoU: 0.53519
[train: Epoch 46, 150 / 625] FPS: 116.0 (117.9)  ,  DataTime: 0.009 (0.006)  ,  ForwardTime: 0.262  ,  TotalTime: 0.276  ,  Loss/total: 2.22419  ,  Loss/giou: 0.53582  ,  Loss/l1: 0.07033  ,  Loss/location: 0.78293  ,  pro_loss: 0.08979  ,  IoU: 0.53652
[train: Epoch 46, 200 / 625] FPS: 116.4 (118.1)  ,  DataTime: 0.008 (0.006)  ,  ForwardTime: 0.262  ,  TotalTime: 0.275  ,  Loss/total: 2.21802  ,  Loss/giou: 0.53300  ,  Loss/l1: 0.06990  ,  Loss/location: 0.78458  ,  pro_loss: 0.08979  ,  IoU: 0.53839
[train: Epoch 46, 250 / 625] FPS: 116.7 (117.6)  ,  DataTime: 0.007 (0.006)  ,  ForwardTime: 0.262  ,  TotalTime: 0.274  ,  Loss/total: 2.21690  ,  Loss/giou: 0.53318  ,  Loss/l1: 0.06986  ,  Loss/location: 0.78317  ,  pro_loss: 0.09042  ,  IoU: 0.53860
[train: Epoch 46, 300 / 625] FPS: 116.8 (117.4)  ,  DataTime: 0.007 (0.006)  ,  ForwardTime: 0.262  ,  TotalTime: 0.274  ,  Loss/total: 2.21699  ,  Loss/giou: 0.53310  ,  Loss/l1: 0.06986  ,  Loss/location: 0.78313  ,  pro_loss: 0.09181  ,  IoU: 0.53873
[train: Epoch 46, 350 / 625] FPS: 116.9 (118.2)  ,  DataTime: 0.006 (0.006)  ,  ForwardTime: 0.262  ,  TotalTime: 0.274  ,  Loss/total: 2.21512  ,  Loss/giou: 0.53263  ,  Loss/l1: 0.06948  ,  Loss/location: 0.78408  ,  pro_loss: 0.09182  ,  IoU: 0.53896
[train: Epoch 46, 400 / 625] FPS: 117.0 (117.9)  ,  DataTime: 0.006 (0.006)  ,  ForwardTime: 0.262  ,  TotalTime: 0.273  ,  Loss/total: 2.22110  ,  Loss/giou: 0.53417  ,  Loss/l1: 0.06996  ,  Loss/location: 0.78473  ,  pro_loss: 0.09102  ,  IoU: 0.53811
[train: Epoch 46, 450 / 625] FPS: 117.1 (118.0)  ,  DataTime: 0.006 (0.006)  ,  ForwardTime: 0.262  ,  TotalTime: 0.273  ,  Loss/total: 2.23318  ,  Loss/giou: 0.53730  ,  Loss/l1: 0.07059  ,  Loss/location: 0.78749  ,  pro_loss: 0.09067  ,  IoU: 0.53620
[train: Epoch 46, 500 / 625] FPS: 117.1 (117.7)  ,  DataTime: 0.006 (0.006)  ,  ForwardTime: 0.262  ,  TotalTime: 0.273  ,  Loss/total: 2.23819  ,  Loss/giou: 0.53826  ,  Loss/l1: 0.07088  ,  Loss/location: 0.78918  ,  pro_loss: 0.09054  ,  IoU: 0.53554
[train: Epoch 46, 550 / 625] FPS: 117.2 (117.6)  ,  DataTime: 0.006 (0.006)  ,  ForwardTime: 0.262  ,  TotalTime: 0.273  ,  Loss/total: 2.24404  ,  Loss/giou: 0.53990  ,  Loss/l1: 0.07104  ,  Loss/location: 0.79096  ,  pro_loss: 0.09055  ,  IoU: 0.53411
[train: Epoch 46, 600 / 625] FPS: 117.2 (117.7)  ,  DataTime: 0.006 (0.006)  ,  ForwardTime: 0.262  ,  TotalTime: 0.273  ,  Loss/total: 2.24245  ,  Loss/giou: 0.53926  ,  Loss/l1: 0.07090  ,  Loss/location: 0.79133  ,  pro_loss: 0.09064  ,  IoU: 0.53436
[train: Epoch 46, 625 / 625] FPS: 117.2 (118.9)  ,  DataTime: 0.006 (0.006)  ,  ForwardTime: 0.262  ,  TotalTime: 0.273  ,  Loss/total: 2.24578  ,  Loss/giou: 0.54008  ,  Loss/l1: 0.07107  ,  Loss/location: 0.79208  ,  pro_loss: 0.09085  ,  IoU: 0.53374
[train: Epoch 47, 50 / 625] FPS: 111.9 (117.8)  ,  DataTime: 0.018 (0.006)  ,  ForwardTime: 0.262  ,  TotalTime: 0.286  ,  Loss/total: 2.24542  ,  Loss/giou: 0.54217  ,  Loss/l1: 0.07179  ,  Loss/location: 0.78538  ,  pro_loss: 0.08375  ,  IoU: 0.53348
[train: Epoch 47, 100 / 625] FPS: 114.3 (117.0)  ,  DataTime: 0.011 (0.006)  ,  ForwardTime: 0.262  ,  TotalTime: 0.280  ,  Loss/total: 2.22607  ,  Loss/giou: 0.53396  ,  Loss/l1: 0.07087  ,  Loss/location: 0.78592  ,  pro_loss: 0.08948  ,  IoU: 0.53951
[train: Epoch 47, 150 / 625] FPS: 115.3 (117.5)  ,  DataTime: 0.009 (0.006)  ,  ForwardTime: 0.262  ,  TotalTime: 0.277  ,  Loss/total: 2.22978  ,  Loss/giou: 0.53568  ,  Loss/l1: 0.07115  ,  Loss/location: 0.78472  ,  pro_loss: 0.08966  ,  IoU: 0.53799
[train: Epoch 47, 200 / 625] FPS: 115.8 (117.0)  ,  DataTime: 0.008 (0.006)  ,  ForwardTime: 0.262  ,  TotalTime: 0.276  ,  Loss/total: 2.22077  ,  Loss/giou: 0.53352  ,  Loss/l1: 0.07112  ,  Loss/location: 0.78048  ,  pro_loss: 0.08818  ,  IoU: 0.53981
[train: Epoch 47, 250 / 625] FPS: 116.2 (118.1)  ,  DataTime: 0.007 (0.006)  ,  ForwardTime: 0.262  ,  TotalTime: 0.275  ,  Loss/total: 2.21085  ,  Loss/giou: 0.53080  ,  Loss/l1: 0.07063  ,  Loss/location: 0.77855  ,  pro_loss: 0.08784  ,  IoU: 0.54090
[train: Epoch 47, 300 / 625] FPS: 116.3 (117.8)  ,  DataTime: 0.007 (0.006)  ,  ForwardTime: 0.262  ,  TotalTime: 0.275  ,  Loss/total: 2.20647  ,  Loss/giou: 0.53009  ,  Loss/l1: 0.07031  ,  Loss/location: 0.77728  ,  pro_loss: 0.08737  ,  IoU: 0.54149
[train: Epoch 47, 350 / 625] FPS: 116.4 (117.6)  ,  DataTime: 0.007 (0.006)  ,  ForwardTime: 0.262  ,  TotalTime: 0.275  ,  Loss/total: 2.20566  ,  Loss/giou: 0.52967  ,  Loss/l1: 0.07012  ,  Loss/location: 0.77809  ,  pro_loss: 0.08819  ,  IoU: 0.54168
[train: Epoch 47, 400 / 625] FPS: 116.5 (117.5)  ,  DataTime: 0.007 (0.006)  ,  ForwardTime: 0.262  ,  TotalTime: 0.275  ,  Loss/total: 2.22513  ,  Loss/giou: 0.53461  ,  Loss/l1: 0.07098  ,  Loss/location: 0.78330  ,  pro_loss: 0.08844  ,  IoU: 0.53806
[train: Epoch 47, 450 / 625] FPS: 116.6 (117.5)  ,  DataTime: 0.006 (0.006)  ,  ForwardTime: 0.262  ,  TotalTime: 0.274  ,  Loss/total: 2.23002  ,  Loss/giou: 0.53529  ,  Loss/l1: 0.07109  ,  Loss/location: 0.78624  ,  pro_loss: 0.08875  ,  IoU: 0.53737
[train: Epoch 47, 500 / 625] FPS: 116.7 (116.9)  ,  DataTime: 0.006 (0.006)  ,  ForwardTime: 0.262  ,  TotalTime: 0.274  ,  Loss/total: 2.22732  ,  Loss/giou: 0.53497  ,  Loss/l1: 0.07089  ,  Loss/location: 0.78507  ,  pro_loss: 0.08938  ,  IoU: 0.53740
[train: Epoch 47, 550 / 625] FPS: 116.8 (117.4)  ,  DataTime: 0.006 (0.006)  ,  ForwardTime: 0.262  ,  TotalTime: 0.274  ,  Loss/total: 2.22709  ,  Loss/giou: 0.53514  ,  Loss/l1: 0.07082  ,  Loss/location: 0.78503  ,  pro_loss: 0.08851  ,  IoU: 0.53713
[train: Epoch 47, 600 / 625] FPS: 116.9 (118.3)  ,  DataTime: 0.006 (0.006)  ,  ForwardTime: 0.262  ,  TotalTime: 0.274  ,  Loss/total: 2.22724  ,  Loss/giou: 0.53558  ,  Loss/l1: 0.07083  ,  Loss/location: 0.78425  ,  pro_loss: 0.08854  ,  IoU: 0.53675
[train: Epoch 47, 625 / 625] FPS: 116.9 (118.8)  ,  DataTime: 0.006 (0.006)  ,  ForwardTime: 0.262  ,  TotalTime: 0.274  ,  Loss/total: 2.22879  ,  Loss/giou: 0.53621  ,  Loss/l1: 0.07081  ,  Loss/location: 0.78451  ,  pro_loss: 0.08892  ,  IoU: 0.53631
[train: Epoch 48, 50 / 625] FPS: 111.6 (116.8)  ,  DataTime: 0.018 (0.006)  ,  ForwardTime: 0.263  ,  TotalTime: 0.287  ,  Loss/total: 2.16744  ,  Loss/giou: 0.52381  ,  Loss/l1: 0.06760  ,  Loss/location: 0.76341  ,  pro_loss: 0.09208  ,  IoU: 0.54511
[train: Epoch 48, 100 / 625] FPS: 114.4 (117.5)  ,  DataTime: 0.011 (0.006)  ,  ForwardTime: 0.263  ,  TotalTime: 0.280  ,  Loss/total: 2.20247  ,  Loss/giou: 0.52941  ,  Loss/l1: 0.06983  ,  Loss/location: 0.77679  ,  pro_loss: 0.08865  ,  IoU: 0.54407
[train: Epoch 48, 150 / 625] FPS: 115.4 (117.1)  ,  DataTime: 0.009 (0.006)  ,  ForwardTime: 0.262  ,  TotalTime: 0.277  ,  Loss/total: 2.20984  ,  Loss/giou: 0.53204  ,  Loss/l1: 0.07001  ,  Loss/location: 0.77759  ,  pro_loss: 0.09069  ,  IoU: 0.54103
[train: Epoch 48, 200 / 625] FPS: 115.9 (117.8)  ,  DataTime: 0.008 (0.006)  ,  ForwardTime: 0.262  ,  TotalTime: 0.276  ,  Loss/total: 2.20280  ,  Loss/giou: 0.53031  ,  Loss/l1: 0.06966  ,  Loss/location: 0.77544  ,  pro_loss: 0.09219  ,  IoU: 0.54200
[train: Epoch 48, 250 / 625] FPS: 116.2 (116.9)  ,  DataTime: 0.007 (0.006)  ,  ForwardTime: 0.262  ,  TotalTime: 0.275  ,  Loss/total: 2.20560  ,  Loss/giou: 0.53104  ,  Loss/l1: 0.07007  ,  Loss/location: 0.77481  ,  pro_loss: 0.09175  ,  IoU: 0.54159
[train: Epoch 48, 300 / 625] FPS: 116.4 (117.8)  ,  DataTime: 0.007 (0.006)  ,  ForwardTime: 0.262  ,  TotalTime: 0.275  ,  Loss/total: 2.19497  ,  Loss/giou: 0.52928  ,  Loss/l1: 0.06980  ,  Loss/location: 0.76901  ,  pro_loss: 0.09191  ,  IoU: 0.54347
[train: Epoch 48, 350 / 625] FPS: 116.6 (117.6)  ,  DataTime: 0.007 (0.006)  ,  ForwardTime: 0.262  ,  TotalTime: 0.275  ,  Loss/total: 2.19759  ,  Loss/giou: 0.52953  ,  Loss/l1: 0.06972  ,  Loss/location: 0.77130  ,  pro_loss: 0.09307  ,  IoU: 0.54323
[train: Epoch 48, 400 / 625] FPS: 116.7 (117.5)  ,  DataTime: 0.006 (0.006)  ,  ForwardTime: 0.262  ,  TotalTime: 0.274  ,  Loss/total: 2.19661  ,  Loss/giou: 0.52878  ,  Loss/l1: 0.06973  ,  Loss/location: 0.77181  ,  pro_loss: 0.09287  ,  IoU: 0.54391
[train: Epoch 48, 450 / 625] FPS: 116.8 (117.2)  ,  DataTime: 0.006 (0.006)  ,  ForwardTime: 0.262  ,  TotalTime: 0.274  ,  Loss/total: 2.20390  ,  Loss/giou: 0.53020  ,  Loss/l1: 0.06995  ,  Loss/location: 0.77525  ,  pro_loss: 0.09255  ,  IoU: 0.54263
[train: Epoch 48, 500 / 625] FPS: 116.8 (117.8)  ,  DataTime: 0.006 (0.006)  ,  ForwardTime: 0.262  ,  TotalTime: 0.274  ,  Loss/total: 2.20511  ,  Loss/giou: 0.53027  ,  Loss/l1: 0.06981  ,  Loss/location: 0.77702  ,  pro_loss: 0.09252  ,  IoU: 0.54259
[train: Epoch 48, 550 / 625] FPS: 116.9 (117.3)  ,  DataTime: 0.006 (0.006)  ,  ForwardTime: 0.262  ,  TotalTime: 0.274  ,  Loss/total: 2.21040  ,  Loss/giou: 0.53157  ,  Loss/l1: 0.06989  ,  Loss/location: 0.77935  ,  pro_loss: 0.09226  ,  IoU: 0.54116
[train: Epoch 48, 600 / 625] FPS: 116.9 (117.6)  ,  DataTime: 0.006 (0.006)  ,  ForwardTime: 0.262  ,  TotalTime: 0.274  ,  Loss/total: 2.20831  ,  Loss/giou: 0.53140  ,  Loss/l1: 0.06974  ,  Loss/location: 0.77840  ,  pro_loss: 0.09196  ,  IoU: 0.54130
[train: Epoch 48, 625 / 625] FPS: 117.0 (119.2)  ,  DataTime: 0.006 (0.006)  ,  ForwardTime: 0.262  ,  TotalTime: 0.274  ,  Loss/total: 2.20281  ,  Loss/giou: 0.53007  ,  Loss/l1: 0.06942  ,  Loss/location: 0.77720  ,  pro_loss: 0.09197  ,  IoU: 0.54208
[train: Epoch 49, 50 / 625] FPS: 111.8 (117.2)  ,  DataTime: 0.018 (0.006)  ,  ForwardTime: 0.262  ,  TotalTime: 0.286  ,  Loss/total: 2.27768  ,  Loss/giou: 0.54386  ,  Loss/l1: 0.07294  ,  Loss/location: 0.80589  ,  pro_loss: 0.09688  ,  IoU: 0.53471
[train: Epoch 49, 100 / 625] FPS: 114.6 (118.1)  ,  DataTime: 0.011 (0.006)  ,  ForwardTime: 0.262  ,  TotalTime: 0.279  ,  Loss/total: 2.26510  ,  Loss/giou: 0.54465  ,  Loss/l1: 0.07256  ,  Loss/location: 0.79413  ,  pro_loss: 0.09427  ,  IoU: 0.53268
[train: Epoch 49, 150 / 625] FPS: 115.2 (116.8)  ,  DataTime: 0.009 (0.006)  ,  ForwardTime: 0.263  ,  TotalTime: 0.278  ,  Loss/total: 2.26001  ,  Loss/giou: 0.54230  ,  Loss/l1: 0.07183  ,  Loss/location: 0.79740  ,  pro_loss: 0.09438  ,  IoU: 0.53339
[train: Epoch 49, 200 / 625] FPS: 115.8 (117.6)  ,  DataTime: 0.008 (0.006)  ,  ForwardTime: 0.262  ,  TotalTime: 0.276  ,  Loss/total: 2.24296  ,  Loss/giou: 0.53957  ,  Loss/l1: 0.07129  ,  Loss/location: 0.78858  ,  pro_loss: 0.09407  ,  IoU: 0.53599
[train: Epoch 49, 250 / 625] FPS: 116.1 (117.6)  ,  DataTime: 0.007 (0.006)  ,  ForwardTime: 0.262  ,  TotalTime: 0.276  ,  Loss/total: 2.24786  ,  Loss/giou: 0.54174  ,  Loss/l1: 0.07196  ,  Loss/location: 0.78588  ,  pro_loss: 0.09359  ,  IoU: 0.53425
[train: Epoch 49, 300 / 625] FPS: 116.4 (117.7)  ,  DataTime: 0.007 (0.006)  ,  ForwardTime: 0.262  ,  TotalTime: 0.275  ,  Loss/total: 2.24867  ,  Loss/giou: 0.54189  ,  Loss/l1: 0.07208  ,  Loss/location: 0.78573  ,  pro_loss: 0.09365  ,  IoU: 0.53458
[train: Epoch 49, 350 / 625] FPS: 116.6 (117.9)  ,  DataTime: 0.007 (0.006)  ,  ForwardTime: 0.262  ,  TotalTime: 0.274  ,  Loss/total: 2.24135  ,  Loss/giou: 0.54115  ,  Loss/l1: 0.07175  ,  Loss/location: 0.78166  ,  pro_loss: 0.09325  ,  IoU: 0.53484
[train: Epoch 49, 400 / 625] FPS: 116.7 (117.3)  ,  DataTime: 0.006 (0.006)  ,  ForwardTime: 0.262  ,  TotalTime: 0.274  ,  Loss/total: 2.24724  ,  Loss/giou: 0.54236  ,  Loss/l1: 0.07178  ,  Loss/location: 0.78504  ,  pro_loss: 0.09300  ,  IoU: 0.53388
[train: Epoch 49, 450 / 625] FPS: 116.8 (117.8)  ,  DataTime: 0.006 (0.006)  ,  ForwardTime: 0.262  ,  TotalTime: 0.274  ,  Loss/total: 2.24406  ,  Loss/giou: 0.54171  ,  Loss/l1: 0.07177  ,  Loss/location: 0.78342  ,  pro_loss: 0.09181  ,  IoU: 0.53425
[train: Epoch 49, 500 / 625] FPS: 116.9 (111.9)  ,  DataTime: 0.006 (0.006)  ,  ForwardTime: 0.262  ,  TotalTime: 0.274  ,  Loss/total: 2.23785  ,  Loss/giou: 0.54041  ,  Loss/l1: 0.07144  ,  Loss/location: 0.78128  ,  pro_loss: 0.09263  ,  IoU: 0.53543
[train: Epoch 49, 550 / 625] FPS: 117.0 (117.9)  ,  DataTime: 0.006 (0.006)  ,  ForwardTime: 0.262  ,  TotalTime: 0.274  ,  Loss/total: 2.23865  ,  Loss/giou: 0.54038  ,  Loss/l1: 0.07147  ,  Loss/location: 0.78201  ,  pro_loss: 0.09271  ,  IoU: 0.53549
[train: Epoch 49, 600 / 625] FPS: 117.0 (118.2)  ,  DataTime: 0.006 (0.006)  ,  ForwardTime: 0.262  ,  TotalTime: 0.274  ,  Loss/total: 2.22947  ,  Loss/giou: 0.53816  ,  Loss/l1: 0.07099  ,  Loss/location: 0.77972  ,  pro_loss: 0.09240  ,  IoU: 0.53684
[train: Epoch 49, 625 / 625] FPS: 117.0 (118.3)  ,  DataTime: 0.006 (0.006)  ,  ForwardTime: 0.262  ,  TotalTime: 0.273  ,  Loss/total: 2.23011  ,  Loss/giou: 0.53818  ,  Loss/l1: 0.07099  ,  Loss/location: 0.78037  ,  pro_loss: 0.09215  ,  IoU: 0.53682
[train: Epoch 50, 50 / 625] FPS: 111.9 (118.0)  ,  DataTime: 0.018 (0.006)  ,  ForwardTime: 0.262  ,  TotalTime: 0.286  ,  Loss/total: 2.21860  ,  Loss/giou: 0.53356  ,  Loss/l1: 0.06925  ,  Loss/location: 0.78741  ,  pro_loss: 0.08896  ,  IoU: 0.54108
[train: Epoch 50, 100 / 625] FPS: 114.7 (117.5)  ,  DataTime: 0.011 (0.006)  ,  ForwardTime: 0.262  ,  TotalTime: 0.279  ,  Loss/total: 2.23104  ,  Loss/giou: 0.53918  ,  Loss/l1: 0.07028  ,  Loss/location: 0.78311  ,  pro_loss: 0.09083  ,  IoU: 0.53754
[train: Epoch 50, 150 / 625] FPS: 115.7 (118.1)  ,  DataTime: 0.009 (0.006)  ,  ForwardTime: 0.262  ,  TotalTime: 0.277  ,  Loss/total: 2.21926  ,  Loss/giou: 0.53680  ,  Loss/l1: 0.06958  ,  Loss/location: 0.77976  ,  pro_loss: 0.09007  ,  IoU: 0.53769
[train: Epoch 50, 200 / 625] FPS: 116.1 (116.2)  ,  DataTime: 0.008 (0.006)  ,  ForwardTime: 0.262  ,  TotalTime: 0.276  ,  Loss/total: 2.22612  ,  Loss/giou: 0.53913  ,  Loss/l1: 0.07027  ,  Loss/location: 0.77857  ,  pro_loss: 0.08969  ,  IoU: 0.53584
[train: Epoch 50, 250 / 625] FPS: 116.4 (118.0)  ,  DataTime: 0.007 (0.006)  ,  ForwardTime: 0.262  ,  TotalTime: 0.275  ,  Loss/total: 2.23955  ,  Loss/giou: 0.54212  ,  Loss/l1: 0.07124  ,  Loss/location: 0.78110  ,  pro_loss: 0.08996  ,  IoU: 0.53444
[train: Epoch 50, 300 / 625] FPS: 116.6 (118.5)  ,  DataTime: 0.007 (0.006)  ,  ForwardTime: 0.262  ,  TotalTime: 0.274  ,  Loss/total: 2.23535  ,  Loss/giou: 0.54084  ,  Loss/l1: 0.07093  ,  Loss/location: 0.78090  ,  pro_loss: 0.09073  ,  IoU: 0.53489
[train: Epoch 50, 350 / 625] FPS: 116.7 (117.9)  ,  DataTime: 0.006 (0.006)  ,  ForwardTime: 0.262  ,  TotalTime: 0.274  ,  Loss/total: 2.24155  ,  Loss/giou: 0.54181  ,  Loss/l1: 0.07136  ,  Loss/location: 0.78291  ,  pro_loss: 0.09119  ,  IoU: 0.53463
[train: Epoch 50, 400 / 625] FPS: 116.8 (116.3)  ,  DataTime: 0.006 (0.006)  ,  ForwardTime: 0.262  ,  TotalTime: 0.274  ,  Loss/total: 2.23218  ,  Loss/giou: 0.53948  ,  Loss/l1: 0.07070  ,  Loss/location: 0.78136  ,  pro_loss: 0.09180  ,  IoU: 0.53587
[train: Epoch 50, 450 / 625] FPS: 116.9 (116.3)  ,  DataTime: 0.006 (0.006)  ,  ForwardTime: 0.262  ,  TotalTime: 0.274  ,  Loss/total: 2.22780  ,  Loss/giou: 0.53801  ,  Loss/l1: 0.07055  ,  Loss/location: 0.78067  ,  pro_loss: 0.09178  ,  IoU: 0.53745
[train: Epoch 50, 500 / 625] FPS: 117.0 (117.8)  ,  DataTime: 0.006 (0.006)  ,  ForwardTime: 0.262  ,  TotalTime: 0.274  ,  Loss/total: 2.22154  ,  Loss/giou: 0.53638  ,  Loss/l1: 0.07018  ,  Loss/location: 0.77946  ,  pro_loss: 0.09208  ,  IoU: 0.53808
[train: Epoch 50, 550 / 625] FPS: 117.0 (117.8)  ,  DataTime: 0.006 (0.006)  ,  ForwardTime: 0.262  ,  TotalTime: 0.273  ,  Loss/total: 2.22408  ,  Loss/giou: 0.53695  ,  Loss/l1: 0.07035  ,  Loss/location: 0.78000  ,  pro_loss: 0.09212  ,  IoU: 0.53753
[train: Epoch 50, 600 / 625] FPS: 117.1 (115.8)  ,  DataTime: 0.006 (0.006)  ,  ForwardTime: 0.262  ,  TotalTime: 0.273  ,  Loss/total: 2.23436  ,  Loss/giou: 0.53910  ,  Loss/l1: 0.07076  ,  Loss/location: 0.78406  ,  pro_loss: 0.09163  ,  IoU: 0.53598
[train: Epoch 50, 625 / 625] FPS: 117.1 (117.7)  ,  DataTime: 0.006 (0.006)  ,  ForwardTime: 0.262  ,  TotalTime: 0.273  ,  Loss/total: 2.23257  ,  Loss/giou: 0.53888  ,  Loss/l1: 0.07066  ,  Loss/location: 0.78322  ,  pro_loss: 0.09138  ,  IoU: 0.53600
[val: Epoch 50, 50 / 156] FPS: 218.9 (245.9)  ,  DataTime: 0.020 (0.007)  ,  ForwardTime: 0.119  ,  TotalTime: 0.146  ,  Loss/total: 0.84173  ,  Loss/giou: 0.21555  ,  Loss/l1: 0.01658  ,  Loss/location: 0.32773  ,  pro_loss: 0.00021  ,  IoU: 0.79954
[val: Epoch 50, 100 / 156] FPS: 230.9 (245.7)  ,  DataTime: 0.012 (0.007)  ,  ForwardTime: 0.119  ,  TotalTime: 0.139  ,  Loss/total: 0.81410  ,  Loss/giou: 0.20942  ,  Loss/l1: 0.01538  ,  Loss/location: 0.31836  ,  pro_loss: 0.00010  ,  IoU: 0.80407
[val: Epoch 50, 150 / 156] FPS: 235.1 (244.9)  ,  DataTime: 0.010 (0.007)  ,  ForwardTime: 0.120  ,  TotalTime: 0.136  ,  Loss/total: 0.80136  ,  Loss/giou: 0.20605  ,  Loss/l1: 0.01494  ,  Loss/location: 0.31454  ,  pro_loss: 0.00007  ,  IoU: 0.80604
[val: Epoch 50, 156 / 156] FPS: 235.6 (252.0)  ,  DataTime: 0.009 (0.007)  ,  ForwardTime: 0.119  ,  TotalTime: 0.136  ,  Loss/total: 0.80065  ,  Loss/giou: 0.20586  ,  Loss/l1: 0.01491  ,  Loss/location: 0.31436  ,  pro_loss: 0.00007  ,  IoU: 0.80615
